eta,f,f_linha,f_duas_linhas
0.0000000000e+00,0.0000000000e+00,0.0000000000e+00,3.3205733720e-01
1.0000000000e-03,1.6602866860e-07,3.3205733720e-04,3.3205733719e-01
2.0000000000e-03,6.6411467439e-07,6.6411467437e-04,3.3205733713e-01
3.0000000000e-03,1.4942580173e-06,9.9617201143e-04,3.3205733696e-01
4.0000000000e-03,2.6564586972e-06,1.3282293482e-03,3.3205733662e-01
5.0000000000e-03,4.1507167136e-06,1.6602866846e-03,3.3205733606e-01
6.0000000000e-03,5.9770320661e-06,1.9923440202e-03,3.3205733522e-01
7.0000000000e-03,8.1354047538e-06,2.3244013549e-03,3.3205733405e-01
8.0000000000e-03,1.0625834775e-05,2.6564586882e-03,3.3205733250e-01
9.0000000000e-03,1.3448322130e-05,2.9885160198e-03,3.3205733051e-01
1.0000000000e-02,1.6602866814e-05,3.3205733491e-03,3.3205732802e-01
1.1000000000e-02,2.0089468827e-05,3.6526306756e-03,3.3205732497e-01
1.2000000000e-02,2.3908128164e-05,3.9846879988e-03,3.3205732133e-01
1.3000000000e-02,2.8058844823e-05,4.3167453180e-03,3.3205731702e-01
1.4000000000e-02,3.2541618799e-05,4.6488026326e-03,3.3205731199e-01
1.5000000000e-02,3.7356450087e-05,4.9808599418e-03,3.3205730619e-01
1.6000000000e-02,4.2503338680e-05,5.3129172447e-03,3.3205729957e-01
1.7000000000e-02,4.7982284574e-05,5.6449745406e-03,3.3205729206e-01
1.8000000000e-02,5.3793287759e-05,5.9770318285e-03,3.3205728362e-01
1.9000000000e-02,5.9936348228e-05,6.3090891075e-03,3.3205727418e-01
2.0000000000e-02,6.6411465971e-05,6.6411463765e-03,3.3205726370e-01
2.1000000000e-02,7.3218640977e-05,6.9732036345e-03,3.3205725211e-01
2.2000000000e-02,8.0357873236e-05,7.3052608804e-03,3.3205723936e-01
2.3000000000e-02,8.7829162733e-05,7.6373181129e-03,3.3205722541e-01
2.4000000000e-02,9.5632509457e-05,7.9693753308e-03,3.3205721018e-01
2.5000000000e-02,1.0376791339e-04,8.3014325328e-03,3.3205719363e-01
2.6000000000e-02,1.1223537452e-04,8.6334897176e-03,3.3205717571e-01
2.7000000000e-02,1.2103489282e-04,8.9655468837e-03,3.3205715635e-01
2.8000000000e-02,1.3016646828e-04,9.2976040298e-03,3.3205713550e-01
2.9000000000e-02,1.3963010087e-04,9.6296611542e-03,3.3205711311e-01
3.0000000000e-02,1.4942579058e-04,9.9617182554e-03,3.3205708911e-01
3.1000000000e-02,1.5955353737e-04,1.0293775332e-02,3.3205706347e-01
3.2000000000e-02,1.7001334123e-04,1.0625832382e-02,3.3205703612e-01
3.3000000000e-02,1.8080520213e-04,1.0957889404e-02,3.3205700700e-01
3.4000000000e-02,1.9192912003e-04,1.1289946395e-02,3.3205697606e-01
3.5000000000e-02,2.0338509491e-04,1.1622003355e-02,3.3205694325e-01
3.6000000000e-02,2.1517312673e-04,1.1954060281e-02,3.3205690851e-01
3.7000000000e-02,2.2729321546e-04,1.2286117171e-02,3.3205687178e-01
3.8000000000e-02,2.3974536106e-04,1.2618174024e-02,3.3205683301e-01
3.9000000000e-02,2.5252956349e-04,1.2950230837e-02,3.3205679215e-01
4.0000000000e-02,2.6564582272e-04,1.3282287608e-02,3.3205674914e-01
4.1000000000e-02,2.7909413869e-04,1.3614344334e-02,3.3205670392e-01
4.2000000000e-02,2.9287451137e-04,1.3946401015e-02,3.3205665645e-01
4.3000000000e-02,3.0698694071e-04,1.4278457646e-02,3.3205660665e-01
4.4000000000e-02,3.2143142665e-04,1.4610514227e-02,3.3205655449e-01
4.5000000000e-02,3.3620796914e-04,1.4942570755e-02,3.3205649990e-01
4.6000000000e-02,3.5131656814e-04,1.5274627226e-02,3.3205644283e-01
4.7000000000e-02,3.6675722358e-04,1.5606683639e-02,3.3205638323e-01
4.8000000000e-02,3.8252993540e-04,1.5938739992e-02,3.3205632103e-01
4.9000000000e-02,3.9863470354e-04,1.6270796281e-02,3.3205625619e-01
5.0000000000e-02,4.1507152793e-04,1.6602852503e-02,3.3205618864e-01
5.1000000000e-02,4.3184040852e-04,1.6934908657e-02,3.3205611834e-01
5.2000000000e-02,4.4894134522e-04,1.7266964739e-02,3.3205604523e-01
5.3000000000e-02,4.6637433797e-04,1.7599020746e-02,3.3205596925e-01
5.4000000000e-02,4.8413938669e-04,1.7931076676e-02,3.3205589035e-01
5.5000000000e-02,5.0223649130e-04,1.8263132526e-02,3.3205580847e-01
5.6000000000e-02,5.2066565172e-04,1.8595188292e-02,3.3205572356e-01
5.7000000000e-02,5.3942686786e-04,1.8927243972e-02,3.3205563556e-01
5.8000000000e-02,5.5852013963e-04,1.9259299562e-02,3.3205554442e-01
5.9000000000e-02,5.7794546695e-04,1.9591355060e-02,3.3205545008e-01
6.0000000000e-02,5.9770284972e-04,1.9923410462e-02,3.3205535249e-01
6.1000000000e-02,6.1779228784e-04,2.0255465764e-02,3.3205525159e-01
6.2000000000e-02,6.3821378121e-04,2.0587520964e-02,3.3205514733e-01
6.3000000000e-02,6.5896732973e-04,2.0919576057e-02,3.3205503965e-01
6.4000000000e-02,6.8005293329e-04,2.1251631042e-02,3.3205492850e-01
6.5000000000e-02,7.0147059178e-04,2.1583685913e-02,3.3205481382e-01
6.6000000000e-02,7.2322030508e-04,2.1915740668e-02,3.3205469556e-01
6.7000000000e-02,7.4530207307e-04,2.2247795303e-02,3.3205457365e-01
6.8000000000e-02,7.6771589564e-04,2.2579849814e-02,3.3205444806e-01
6.9000000000e-02,7.9046177266e-04,2.2911904198e-02,3.3205431871e-01
7.0000000000e-02,8.1353970400e-04,2.3243958450e-02,3.3205418556e-01
7.1000000000e-02,8.3694968952e-04,2.3576012568e-02,3.3205404855e-01
7.2000000000e-02,8.6069172908e-04,2.3908066546e-02,3.3205390763e-01
7.3000000000e-02,8.8476582256e-04,2.4240120382e-02,3.3205376274e-01
7.4000000000e-02,9.0917196980e-04,2.4572174070e-02,3.3205361382e-01
7.5000000000e-02,9.3391017065e-04,2.4904227608e-02,3.3205346083e-01
7.6000000000e-02,9.5898042496e-04,2.5236280991e-02,3.3205330370e-01
7.7000000000e-02,9.8438273258e-04,2.5568334214e-02,3.3205314238e-01
7.8000000000e-02,1.0101170933e-03,2.5900387274e-02,3.3205297681e-01
7.9000000000e-02,1.0361835071e-03,2.6232440166e-02,3.3205280695e-01
8.0000000000e-02,1.0625819736e-03,2.6564492886e-02,3.3205263273e-01
8.1000000000e-02,1.0893124928e-03,2.6896545430e-02,3.3205245409e-01
8.2000000000e-02,1.1163750644e-03,2.7228597793e-02,3.3205227100e-01
8.3000000000e-02,1.1437696883e-03,2.7560649971e-02,3.3205208338e-01
8.4000000000e-02,1.1714963643e-03,2.7892701958e-02,3.3205189119e-01
8.5000000000e-02,1.1995550922e-03,2.8224753752e-02,3.3205169437e-01
8.6000000000e-02,1.2279458717e-03,2.8556805346e-02,3.3205149286e-01
8.7000000000e-02,1.2566687028e-03,2.8888856736e-02,3.3205128661e-01
8.8000000000e-02,1.2857235851e-03,2.9220907917e-02,3.3205107556e-01
8.9000000000e-02,1.3151105185e-03,2.9552958885e-02,3.3205085966e-01
9.0000000000e-02,1.3448295028e-03,2.9885009635e-02,3.3205063886e-01
9.1000000000e-02,1.3748805377e-03,3.0217060161e-02,3.3205041309e-01
9.2000000000e-02,1.4052636231e-03,3.0549110459e-02,3.3205018231e-01
9.3000000000e-02,1.4359787586e-03,3.0881160524e-02,3.3204994646e-01
9.4000000000e-02,1.4670259440e-03,3.1213210351e-02,3.3204970547e-01
9.5000000000e-02,1.4984051792e-03,3.1545259933e-02,3.3204945931e-01
9.6000000000e-02,1.5301164638e-03,3.1877309267e-02,3.3204920791e-01
9.7000000000e-02,1.5621597977e-03,3.2209358347e-02,3.3204895122e-01
9.8000000000e-02,1.5945351804e-03,3.2541407168e-02,3.3204868918e-01
9.9000000000e-02,1.6272426119e-03,3.2873455724e-02,3.3204842174e-01
1.0000000000e-01,1.6602820918e-03,3.3205504010e-02,3.3204814884e-01
1.0100000000e-01,1.6936536198e-03,3.3537552020e-02,3.3204787043e-01
1.0200000000e-01,1.7273571957e-03,3.3869599749e-02,3.3204758645e-01
1.0300000000e-01,1.7613928192e-03,3.4201647191e-02,3.3204729684e-01
1.0400000000e-01,1.7957604900e-03,3.4533694341e-02,3.3204700156e-01
1.0500000000e-01,1.8304602078e-03,3.4865741192e-02,3.3204670055e-01
1.0600000000e-01,1.8654919723e-03,3.5197787740e-02,3.3204639374e-01
1.0700000000e-01,1.9008557832e-03,3.5529833978e-02,3.3204608110e-01
1.0800000000e-01,1.9365516402e-03,3.5861879900e-02,3.3204576255e-01
1.0900000000e-01,1.9725795429e-03,3.6193925501e-02,3.3204543806e-01
1.1000000000e-01,2.0089394910e-03,3.6525970774e-02,3.3204510755e-01
1.1100000000e-01,2.0456314843e-03,3.6858015714e-02,3.3204477098e-01
1.1200000000e-01,2.0826555224e-03,3.7190060314e-02,3.3204442829e-01
1.1300000000e-01,2.1200116048e-03,3.7522104568e-02,3.3204407943e-01
1.1400000000e-01,2.1576997314e-03,3.7854148471e-02,3.3204372433e-01
1.1500000000e-01,2.1957199017e-03,3.8186192015e-02,3.3204336296e-01
1.1600000000e-01,2.2340721153e-03,3.8518235195e-02,3.3204299524e-01
1.1700000000e-01,2.2727563719e-03,3.8850278003e-02,3.3204262113e-01
1.1800000000e-01,2.3117726712e-03,3.9182320435e-02,3.3204224057e-01
1.1900000000e-01,2.3511210127e-03,3.9514362482e-02,3.3204185351e-01
1.2000000000e-01,2.3908013960e-03,3.9846404139e-02,3.3204145988e-01
1.2100000000e-01,2.4308138208e-03,4.0178445400e-02,3.3204105964e-01
1.2200000000e-01,2.4711582867e-03,4.0510486257e-02,3.3204065273e-01
1.2300000000e-01,2.5118347932e-03,4.0842526703e-02,3.3204023910e-01
1.2400000000e-01,2.5528433399e-03,4.1174566732e-02,3.3203981869e-01
1.2500000000e-01,2.5941839265e-03,4.1506606338e-02,3.3203939144e-01
1.2600000000e-01,2.6358565525e-03,4.1838645513e-02,3.3203895730e-01
1.2700000000e-01,2.6778612174e-03,4.2170684250e-02,3.3203851621e-01
1.2800000000e-01,2.7201979208e-03,4.2502722543e-02,3.3203806812e-01
1.2900000000e-01,2.7628666623e-03,4.2834760384e-02,3.3203761298e-01
1.3000000000e-01,2.8058674414e-03,4.3166797767e-02,3.3203715073e-01
1.3100000000e-01,2.8492002577e-03,4.3498834683e-02,3.3203668131e-01
1.3200000000e-01,2.8928651106e-03,4.3830871127e-02,3.3203620467e-01
1.3300000000e-01,2.9368619998e-03,4.4162907090e-02,3.3203572076e-01
1.3400000000e-01,2.9811909247e-03,4.4494942566e-02,3.3203522951e-01
1.3500000000e-01,3.0258518848e-03,4.4826977547e-02,3.3203473088e-01
1.3600000000e-01,3.0708448796e-03,4.5159012025e-02,3.3203422481e-01
1.3700000000e-01,3.1161699086e-03,4.5491045994e-02,3.3203371124e-01
1.3800000000e-01,3.1618269714e-03,4.5823079445e-02,3.3203319011e-01
1.3900000000e-01,3.2078160674e-03,4.6155112372e-02,3.3203266139e-01
1.4000000000e-01,3.2541371960e-03,4.6487144765e-02,3.3203212500e-01
1.4100000000e-01,3.3007903567e-03,4.6819176619e-02,3.3203158089e-01
1.4200000000e-01,3.3477755490e-03,4.7151207925e-02,3.3203102901e-01
1.4300000000e-01,3.3950927724e-03,4.7483238674e-02,3.3203046931e-01
1.4400000000e-01,3.4427420262e-03,4.7815268861e-02,3.3202990172e-01
1.4500000000e-01,3.4907233099e-03,4.8147298475e-02,3.3202932619e-01
1.4600000000e-01,3.5390366229e-03,4.8479327510e-02,3.3202874268e-01
1.4700000000e-01,3.5876819647e-03,4.8811355958e-02,3.3202815111e-01
1.4800000000e-01,3.6366593347e-03,4.9143383810e-02,3.3202755145e-01
1.4900000000e-01,3.6859687321e-03,4.9475411058e-02,3.3202694362e-01
1.5000000000e-01,3.7356101566e-03,4.9807437694e-02,3.3202632759e-01
1.5100000000e-01,3.7855836073e-03,5.0139463711e-02,3.3202570328e-01
1.5200000000e-01,3.8358890838e-03,5.0471489098e-02,3.3202507066e-01
1.5300000000e-01,3.8865265853e-03,5.0803513849e-02,3.3202442966e-01
1.5400000000e-01,3.9374961113e-03,5.1135537955e-02,3.3202378022e-01
1.5500000000e-01,3.9887976610e-03,5.1467561407e-02,3.3202312229e-01
1.5600000000e-01,4.0404312339e-03,5.1799584196e-02,3.3202245583e-01
1.5700000000e-01,4.0923968292e-03,5.2131606315e-02,3.3202178076e-01
1.5800000000e-01,4.1446944463e-03,5.2463627755e-02,3.3202109704e-01
1.5900000000e-01,4.1973240845e-03,5.2795648507e-02,3.3202040462e-01
1.6000000000e-01,4.2502857430e-03,5.3127668561e-02,3.3201970343e-01
1.6100000000e-01,4.3035794213e-03,5.3459687911e-02,3.3201899342e-01
1.6200000000e-01,4.3572051186e-03,5.3791706545e-02,3.3201827454e-01
1.6300000000e-01,4.4111628342e-03,5.4123724457e-02,3.3201754673e-01
1.6400000000e-01,4.4654525673e-03,5.4455741636e-02,3.3201680994e-01
1.6500000000e-01,4.5200743172e-03,5.4787758074e-02,3.3201606411e-01
1.6600000000e-01,4.5750280832e-03,5.5119773761e-02,3.3201530918e-01
1.6700000000e-01,4.6303138645e-03,5.5451788689e-02,3.3201454511e-01
1.6800000000e-01,4.6859316603e-03,5.5783802848e-02,3.3201377183e-01
1.6900000000e-01,4.7418814699e-03,5.6115816229e-02,3.3201298930e-01
1.7000000000e-01,4.7981632925e-03,5.6447828824e-02,3.3201219745e-01
1.7100000000e-01,4.8547771273e-03,5.6779840621e-02,3.3201139623e-01
1.7200000000e-01,4.9117229735e-03,5.7111851613e-02,3.3201058559e-01
1.7300000000e-01,4.9690008303e-03,5.7443861789e-02,3.3200976547e-01
1.7400000000e-01,5.0266106968e-03,5.7775871141e-02,3.3200893581e-01
1.7500000000e-01,5.0845525723e-03,5.8107879658e-02,3.3200809657e-01
1.7600000000e-01,5.1428264558e-03,5.8439887331e-02,3.3200724768e-01
1.7700000000e-01,5.2014323466e-03,5.8771894150e-02,3.3200638910e-01
1.7800000000e-01,5.2603702438e-03,5.9103900106e-02,3.3200552076e-01
1.7900000000e-01,5.3196401466e-03,5.9435905188e-02,3.3200464261e-01
1.8000000000e-01,5.3792420539e-03,5.9767909387e-02,3.3200375459e-01
1.8100000000e-01,5.4391759650e-03,6.0099912694e-02,3.3200285666e-01
1.8200000000e-01,5.4994418790e-03,6.0431915097e-02,3.3200194875e-01
1.8300000000e-01,5.5600397949e-03,6.0763916588e-02,3.3200103081e-01
1.8400000000e-01,5.6209697119e-03,6.1095917156e-02,3.3200010279e-01
1.8500000000e-01,5.6822316289e-03,6.1427916790e-02,3.3199916463e-01
1.8600000000e-01,5.7438255451e-03,6.1759915482e-02,3.3199821628e-01
1.8700000000e-01,5.8057514596e-03,6.2091913219e-02,3.3199725768e-01
1.8800000000e-01,5.8680093713e-03,6.2423909993e-02,3.3199628877e-01
1.8900000000e-01,5.9305992792e-03,6.2755905793e-02,3.3199530950e-01
1.9000000000e-01,5.9935211825e-03,6.3087900609e-02,3.3199431982e-01
1.9100000000e-01,6.0567750801e-03,6.3419894430e-02,3.3199331967e-01
1.9200000000e-01,6.1203609710e-03,6.3751887245e-02,3.3199230899e-01
1.9300000000e-01,6.1842788543e-03,6.4083879044e-02,3.3199128774e-01
1.9400000000e-01,6.2485287288e-03,6.4415869817e-02,3.3199025585e-01
1.9500000000e-01,6.3131105936e-03,6.4747859552e-02,3.3198921327e-01
1.9600000000e-01,6.3780244475e-03,6.5079848240e-02,3.3198815994e-01
1.9700000000e-01,6.4432702897e-03,6.5411835869e-02,3.3198709582e-01
1.9800000000e-01,6.5088481189e-03,6.5743822428e-02,3.3198602084e-01
1.9900000000e-01,6.5747579342e-03,6.6075807907e-02,3.3198493495e-01
2.0000000000e-01,6.6409997344e-03,6.6407792294e-02,3.3198383810e-01
2.0100000000e-01,6.7075735184e-03,6.6739775579e-02,3.3198273023e-01
2.0200000000e-01,6.7744792852e-03,6.7071757751e-02,3.3198161129e-01
2.0300000000e-01,6.8417170335e-03,6.7403738798e-02,3.3198048121e-01
2.0400000000e-01,6.9092867624e-03,6.7735718709e-02,3.3197933995e-01
2.0500000000e-01,6.9771884706e-03,6.8067697474e-02,3.3197818745e-01
2.0600000000e-01,7.0454221569e-03,6.8399675081e-02,3.3197702366e-01
2.0700000000e-01,7.1139878203e-03,6.8731651518e-02,3.3197584852e-01
2.0800000000e-01,7.1828854596e-03,6.9063626774e-02,3.3197466197e-01
2.0900000000e-01,7.2521150735e-03,6.9395600838e-02,3.3197346396e-01
2.1000000000e-01,7.3216766609e-03,6.9727573698e-02,3.3197225444e-01
2.1100000000e-01,7.3915702205e-03,7.0059545343e-02,3.3197103335e-01
2.1200000000e-01,7.4617957511e-03,7.0391515761e-02,3.3196980063e-01
2.1300000000e-01,7.5323532516e-03,7.0723484940e-02,3.3196855624e-01
2.1400000000e-01,7.6032427206e-03,7.1055452869e-02,3.3196730011e-01
2.1500000000e-01,7.6744641569e-03,7.1387419536e-02,3.3196603219e-01
2.1600000000e-01,7.7460175592e-03,7.1719384930e-02,3.3196475243e-01
2.1700000000e-01,7.8179029263e-03,7.2051349037e-02,3.3196346077e-01
2.1800000000e-01,7.8901202569e-03,7.2383311847e-02,3.3196215716e-01
2.1900000000e-01,7.9626695496e-03,7.2715273348e-02,3.3196084153e-01
2.2000000000e-01,8.0355508031e-03,7.3047233526e-02,3.3195951384e-01
2.2100000000e-01,8.1087640162e-03,7.3379192371e-02,3.3195817404e-01
2.2200000000e-01,8.1823091874e-03,7.3711149870e-02,3.3195682205e-01
2.2300000000e-01,8.2561863155e-03,7.4043106011e-02,3.3195545784e-01
2.2400000000e-01,8.3303953990e-03,7.4375060782e-02,3.3195408135e-01
2.2500000000e-01,8.4049364366e-03,7.4707014170e-02,3.3195269252e-01
2.2600000000e-01,8.4798094269e-03,7.5038966163e-02,3.3195129129e-01
2.2700000000e-01,8.5550143684e-03,7.5370916748e-02,3.3194987761e-01
2.2800000000e-01,8.6305512599e-03,7.5702865914e-02,3.3194845144e-01
2.2900000000e-01,8.7064200998e-03,7.6034813647e-02,3.3194701270e-01
2.3000000000e-01,8.7826208867e-03,7.6366759935e-02,3.3194556135e-01
2.3100000000e-01,8.8591536192e-03,7.6698704765e-02,3.3194409733e-01
2.3200000000e-01,8.9360182958e-03,7.7030648126e-02,3.3194262059e-01
2.3300000000e-01,9.0132149149e-03,7.7362590002e-02,3.3194113106e-01
2.3400000000e-01,9.0907434753e-03,7.7694530383e-02,3.3193962871e-01
2.3500000000e-01,9.1686039752e-03,7.8026469256e-02,3.3193811347e-01
2.3600000000e-01,9.2467964133e-03,7.8358406606e-02,3.3193658528e-01
2.3700000000e-01,9.3253207879e-03,7.8690342422e-02,3.3193504410e-01
2.3800000000e-01,9.4041770976e-03,7.9022276690e-02,3.3193348986e-01
2.3900000000e-01,9.4833653408e-03,7.9354209397e-02,3.3193192252e-01
2.4000000000e-01,9.5628855159e-03,7.9686140530e-02,3.3193034201e-01
2.4100000000e-01,9.6427376213e-03,8.0018070077e-02,3.3192874829e-01
2.4200000000e-01,9.7229216555e-03,8.0349998023e-02,3.3192714129e-01
2.4300000000e-01,9.8034376168e-03,8.0681924355e-02,3.3192552097e-01
2.4400000000e-01,9.8842855036e-03,8.1013849060e-02,3.3192388726e-01
2.4500000000e-01,9.9654653144e-03,8.1345772125e-02,3.3192224012e-01
2.4600000000e-01,1.0046977047e-02,8.1677693536e-02,3.3192057949e-01
2.4700000000e-01,1.0128820701e-02,8.2009613279e-02,3.3191890530e-01
2.4800000000e-01,1.0210996273e-02,8.2341531342e-02,3.3191721752e-01
2.4900000000e-01,1.0293503763e-02,8.2673447710e-02,3.3191551608e-01
2.5000000000e-01,1.0376343168e-02,8.3005362370e-02,3.3191380093e-01
2.5100000000e-01,1.0459514487e-02,8.3337275307e-02,3.3191207201e-01
2.5200000000e-01,1.0543017718e-02,8.3669186509e-02,3.3191032927e-01
2.5300000000e-01,1.0626852860e-02,8.4001095961e-02,3.3190857266e-01
2.5400000000e-01,1.0711019910e-02,8.4333003650e-02,3.3190680211e-01
2.5500000000e-01,1.0795518866e-02,8.4664909561e-02,3.3190501758e-01
2.5600000000e-01,1.0880349728e-02,8.4996813680e-02,3.3190321900e-01
2.5700000000e-01,1.0965512493e-02,8.5328715994e-02,3.3190140634e-01
2.5800000000e-01,1.1051007159e-02,8.5660616488e-02,3.3189957952e-01
2.5900000000e-01,1.1136833725e-02,8.5992515148e-02,3.3189773849e-01
2.6000000000e-01,1.1222992189e-02,8.6324411960e-02,3.3189588321e-01
2.6100000000e-01,1.1309482549e-02,8.6656306910e-02,3.3189401361e-01
2.6200000000e-01,1.1396304802e-02,8.6988199983e-02,3.3189212964e-01
2.6300000000e-01,1.1483458948e-02,8.7320091164e-02,3.3189023125e-01
2.6400000000e-01,1.1570944984e-02,8.7651980440e-02,3.3188831837e-01
2.6500000000e-01,1.1658762908e-02,8.7983867796e-02,3.3188639097e-01
2.6600000000e-01,1.1746912719e-02,8.8315753217e-02,3.3188444897e-01
2.6700000000e-01,1.1835394414e-02,8.8647636689e-02,3.3188249233e-01
2.6800000000e-01,1.1924207992e-02,8.8979518197e-02,3.3188052099e-01
2.6900000000e-01,1.2013353450e-02,8.9311397726e-02,3.3187853490e-01
2.7000000000e-01,1.2102830786e-02,8.9643275262e-02,3.3187653400e-01
2.7100000000e-01,1.2192640000e-02,8.9975150789e-02,3.3187451824e-01
2.7200000000e-01,1.2282781087e-02,9.0307024294e-02,3.3187248756e-01
2.7300000000e-01,1.2373254048e-02,9.0638895760e-02,3.3187044190e-01
2.7400000000e-01,1.2464058878e-02,9.0970765172e-02,3.3186838122e-01
2.7500000000e-01,1.2555195577e-02,9.1302632517e-02,3.3186630546e-01
2.7600000000e-01,1.2646664143e-02,9.1634497778e-02,3.3186421456e-01
2.7700000000e-01,1.2738464572e-02,9.1966360941e-02,3.3186210846e-01
2.7800000000e-01,1.2830596864e-02,9.2298221990e-02,3.3185998712e-01
2.7900000000e-01,1.2923061015e-02,9.2630080910e-02,3.3185785048e-01
2.8000000000e-01,1.3015857025e-02,9.2961937686e-02,3.3185569849e-01
2.8100000000e-01,1.3108984890e-02,9.3293792302e-02,3.3185353108e-01
2.8200000000e-01,1.3202444609e-02,9.3625644743e-02,3.3185134821e-01
2.8300000000e-01,1.3296236179e-02,9.3957494993e-02,3.3184914981e-01
2.8400000000e-01,1.3390359598e-02,9.4289343037e-02,3.3184693584e-01
2.8500000000e-01,1.3484814864e-02,9.4621188860e-02,3.3184470624e-01
2.8600000000e-01,1.3579601975e-02,9.4953032445e-02,3.3184246096e-01
2.8700000000e-01,1.3674720928e-02,9.5284873776e-02,3.3184019994e-01
2.8800000000e-01,1.3770171722e-02,9.5616712839e-02,3.3183792312e-01
2.8900000000e-01,1.3865954353e-02,9.5948549617e-02,3.3183563045e-01
2.9000000000e-01,1.3962068820e-02,9.6280384095e-02,3.3183332188e-01
2.9100000000e-01,1.4058515121e-02,9.6612216256e-02,3.3183099736e-01
2.9200000000e-01,1.4155293252e-02,9.6944046084e-02,3.3182865681e-01
2.9300000000e-01,1.4252403212e-02,9.7275873564e-02,3.3182630021e-01
2.9400000000e-01,1.4349844998e-02,9.7607698679e-02,3.3182392747e-01
2.9500000000e-01,1.4447618609e-02,9.7939521414e-02,3.3182153857e-01
2.9600000000e-01,1.4545724040e-02,9.8271341751e-02,3.3181913342e-01
2.9700000000e-01,1.4644161291e-02,9.8603159675e-02,3.3181671200e-01
2.9800000000e-01,1.4742930359e-02,9.8934975170e-02,3.3181427423e-01
2.9900000000e-01,1.4842031241e-02,9.9266788218e-02,3.3181182006e-01
3.0000000000e-01,1.4941463934e-02,9.9598598804e-02,3.3180934945e-01
3.0100000000e-01,1.5041228438e-02,9.9930406911e-02,3.3180686233e-01
3.0200000000e-01,1.5141324747e-02,1.0026221252e-01,3.3180435865e-01
3.0300000000e-01,1.5241752862e-02,1.0059401562e-01,3.3180183835e-01
3.0400000000e-01,1.5342512778e-02,1.0092581619e-01,3.3179930139e-01
3.0500000000e-01,1.5443604493e-02,1.0125761422e-01,3.3179674770e-01
3.0600000000e-01,1.5545028005e-02,1.0158940968e-01,3.3179417723e-01
3.0700000000e-01,1.5646783312e-02,1.0192120257e-01,3.3179158993e-01
3.0800000000e-01,1.5748870410e-02,1.0225299286e-01,3.3178898574e-01
3.0900000000e-01,1.5851289297e-02,1.0258478054e-01,3.3178636461e-01
3.1000000000e-01,1.5954039970e-02,1.0291656558e-01,3.3178372648e-01
3.1100000000e-01,1.6057122427e-02,1.0324834798e-01,3.3178107130e-01
3.1200000000e-01,1.6160536665e-02,1.0358012772e-01,3.3177839902e-01
3.1300000000e-01,1.6264282681e-02,1.0391190477e-01,3.3177570957e-01
3.1400000000e-01,1.6368360474e-02,1.0424367913e-01,3.3177300290e-01
3.1500000000e-01,1.6472770039e-02,1.0457545077e-01,3.3177027897e-01
3.1600000000e-01,1.6577511374e-02,1.0490721968e-01,3.3176753771e-01
3.1700000000e-01,1.6682584477e-02,1.0523898584e-01,3.3176477907e-01
3.1800000000e-01,1.6787989345e-02,1.0557074924e-01,3.3176200300e-01
3.1900000000e-01,1.6893725975e-02,1.0590250984e-01,3.3175920944e-01
3.2000000000e-01,1.6999794364e-02,1.0623426765e-01,3.3175639833e-01
3.2100000000e-01,1.7106194509e-02,1.0656602264e-01,3.3175356963e-01
3.2200000000e-01,1.7212926408e-02,1.0689777478e-01,3.3175072327e-01
3.2300000000e-01,1.7319990058e-02,1.0722952408e-01,3.3174785921e-01
3.2400000000e-01,1.7427385455e-02,1.0756127050e-01,3.3174497738e-01
3.2500000000e-01,1.7535112598e-02,1.0789301402e-01,3.3174207774e-01
3.2600000000e-01,1.7643171482e-02,1.0822475465e-01,3.3173916023e-01
3.2700000000e-01,1.7751562106e-02,1.0855649234e-01,3.3173622479e-01
3.2800000000e-01,1.7860284466e-02,1.0888822709e-01,3.3173327138e-01
3.2900000000e-01,1.7969338559e-02,1.0921995888e-01,3.3173029992e-01
3.3000000000e-01,1.8078724383e-02,1.0955168768e-01,3.3172731038e-01
3.3100000000e-01,1.8188441934e-02,1.0988341349e-01,3.3172430270e-01
3.3200000000e-01,1.8298491209e-02,1.1021513628e-01,3.3172127682e-01
3.3300000000e-01,1.8408872205e-02,1.1054685604e-01,3.3171823268e-01
3.3400000000e-01,1.8519584920e-02,1.1087857274e-01,3.3171517024e-01
3.3500000000e-01,1.8630629350e-02,1.1121028637e-01,3.3171208944e-01
3.3600000000e-01,1.8742005492e-02,1.1154199691e-01,3.3170899022e-01
3.3700000000e-01,1.8853713343e-02,1.1187370435e-01,3.3170587253e-01
3.3800000000e-01,1.8965752899e-02,1.1220540865e-01,3.3170273631e-01
3.3900000000e-01,1.9078124159e-02,1.1253710981e-01,3.3169958152e-01
3.4000000000e-01,1.9190827118e-02,1.1286880781e-01,3.3169640809e-01
3.4100000000e-01,1.9303861773e-02,1.1320050262e-01,3.3169321597e-01
3.4200000000e-01,1.9417228122e-02,1.1353219424e-01,3.3169000511e-01
3.4300000000e-01,1.9530926161e-02,1.1386388263e-01,3.3168677545e-01
3.4400000000e-01,1.9644955886e-02,1.1419556778e-01,3.3168352694e-01
3.4500000000e-01,1.9759317295e-02,1.1452724967e-01,3.3168025953e-01
3.4600000000e-01,1.9874010384e-02,1.1485892829e-01,3.3167697315e-01
3.4700000000e-01,1.9989035151e-02,1.1519060361e-01,3.3167366776e-01
3.4800000000e-01,2.0104391591e-02,1.1552227562e-01,3.3167034329e-01
3.4900000000e-01,2.0220079701e-02,1.1585394430e-01,3.3166699971e-01
3.5000000000e-01,2.0336099478e-02,1.1618560961e-01,3.3166363694e-01
3.5100000000e-01,2.0452450919e-02,1.1651727156e-01,3.3166025494e-01
3.5200000000e-01,2.0569134020e-02,1.1684893012e-01,3.3165685366e-01
3.5300000000e-01,2.0686148778e-02,1.1718058526e-01,3.3165343303e-01
3.5400000000e-01,2.0803495189e-02,1.1751223698e-01,3.3164999301e-01
3.5500000000e-01,2.0921173251e-02,1.1784388524e-01,3.3164653353e-01
3.5600000000e-01,2.1039182959e-02,1.1817553004e-01,3.3164305456e-01
3.5700000000e-01,2.1157524310e-02,1.1850717135e-01,3.3163955602e-01
3.5800000000e-01,2.1276197300e-02,1.1883880914e-01,3.3163603787e-01
3.5900000000e-01,2.1395201927e-02,1.1917044341e-01,3.3163250005e-01
3.6000000000e-01,2.1514538186e-02,1.1950207414e-01,3.3162894250e-01
3.6100000000e-01,2.1634206074e-02,1.1983370129e-01,3.3162536518e-01
3.6200000000e-01,2.1754205587e-02,1.2016532486e-01,3.3162176803e-01
3.6300000000e-01,2.1874536722e-02,1.2049694482e-01,3.3161815100e-01
3.6400000000e-01,2.1995199476e-02,1.2082856116e-01,3.3161451402e-01
3.6500000000e-01,2.2116193844e-02,1.2116017384e-01,3.3161085705e-01
3.6600000000e-01,2.2237519822e-02,1.2149178286e-01,3.3160718003e-01
3.6700000000e-01,2.2359177408e-02,1.2182338820e-01,3.3160348291e-01
3.6800000000e-01,2.2481166597e-02,1.2215498982e-01,3.3159976563e-01
3.6900000000e-01,2.2603487386e-02,1.2248658772e-01,3.3159602815e-01
3.7000000000e-01,2.2726139772e-02,1.2281818187e-01,3.3159227039e-01
3.7100000000e-01,2.2849123749e-02,1.2314977226e-01,3.3158849231e-01
3.7200000000e-01,2.2972439315e-02,1.2348135885e-01,3.3158469387e-01
3.7300000000e-01,2.3096086465e-02,1.2381294164e-01,3.3158087499e-01
3.7400000000e-01,2.3220065197e-02,1.2414452059e-01,3.3157703563e-01
3.7500000000e-01,2.3344375505e-02,1.2447609570e-01,3.3157317573e-01
3.7600000000e-01,2.3469017387e-02,1.2480766694e-01,3.3156929524e-01
3.7700000000e-01,2.3593990838e-02,1.2513923428e-01,3.3156539411e-01
3.7800000000e-01,2.3719295854e-02,1.2547079772e-01,3.3156147227e-01
3.7900000000e-01,2.3844932432e-02,1.2580235722e-01,3.3155752968e-01
3.8000000000e-01,2.3970900567e-02,1.2613391277e-01,3.3155356629e-01
3.8100000000e-01,2.4097200256e-02,1.2646546435e-01,3.3154958203e-01
3.8200000000e-01,2.4223831495e-02,1.2679701193e-01,3.3154557685e-01
3.8300000000e-01,2.4350794279e-02,1.2712855549e-01,3.3154155070e-01
3.8400000000e-01,2.4478088604e-02,1.2746009502e-01,3.3153750353e-01
3.8500000000e-01,2.4605714467e-02,1.2779163049e-01,3.3153343528e-01
3.8600000000e-01,2.4733671864e-02,1.2812316189e-01,3.3152934590e-01
3.8700000000e-01,2.4861960790e-02,1.2845468918e-01,3.3152523533e-01
3.8800000000e-01,2.4990581241e-02,1.2878621235e-01,3.3152110351e-01
3.8900000000e-01,2.5119533213e-02,1.2911773138e-01,3.3151695040e-01
3.9000000000e-01,2.5248816702e-02,1.2944924624e-01,3.3151277594e-01
3.9100000000e-01,2.5378431704e-02,1.2978075692e-01,3.3150858008e-01
3.9200000000e-01,2.5508378215e-02,1.3011226340e-01,3.3150436276e-01
3.9300000000e-01,2.5638656230e-02,1.3044376564e-01,3.3150012392e-01
3.9400000000e-01,2.5769265745e-02,1.3077526364e-01,3.3149586352e-01
3.9500000000e-01,2.5900206755e-02,1.3110675736e-01,3.3149158150e-01
3.9600000000e-01,2.6031479258e-02,1.3143824679e-01,3.3148727780e-01
3.9700000000e-01,2.6163083248e-02,1.3176973191e-01,3.3148295238e-01
3.9800000000e-01,2.6295018720e-02,1.3210121269e-01,3.3147860517e-01
3.9900000000e-01,2.6427285672e-02,1.3243268911e-01,3.3147423612e-01
4.0000000000e-01,2.6559884097e-02,1.3276416116e-01,3.3146984519e-01
4.0100000000e-01,2.6692813992e-02,1.3309562880e-01,3.3146543230e-01
4.0200000000e-01,2.6826075353e-02,1.3342709201e-01,3.3146099742e-01
4.0300000000e-01,2.6959668175e-02,1.3375855078e-01,3.3145654049e-01
4.0400000000e-01,2.7093592453e-02,1.3409000509e-01,3.3145206145e-01
4.0500000000e-01,2.7227848184e-02,1.3442145490e-01,3.3144756024e-01
4.0600000000e-01,2.7362435362e-02,1.3475290020e-01,3.3144303683e-01
4.0700000000e-01,2.7497353983e-02,1.3508434097e-01,3.3143849114e-01
4.0800000000e-01,2.7632604042e-02,1.3541577718e-01,3.3143392313e-01
4.0900000000e-01,2.7768185535e-02,1.3574720880e-01,3.3142933274e-01
4.1000000000e-01,2.7904098458e-02,1.3607863583e-01,3.3142471992e-01
4.1100000000e-01,2.8040342805e-02,1.3641005824e-01,3.3142008461e-01
4.1200000000e-01,2.8176918573e-02,1.3674147599e-01,3.3141542677e-01
4.1300000000e-01,2.8313825756e-02,1.3707288908e-01,3.3141074633e-01
4.1400000000e-01,2.8451064350e-02,1.3740429748e-01,3.3140604324e-01
4.1500000000e-01,2.8588634349e-02,1.3773570116e-01,3.3140131745e-01
4.1600000000e-01,2.8726535750e-02,1.3806710011e-01,3.3139656891e-01
4.1700000000e-01,2.8864768548e-02,1.3839849429e-01,3.3139179756e-01
4.1800000000e-01,2.9003332737e-02,1.3872988369e-01,3.3138700335e-01
4.1900000000e-01,2.9142228314e-02,1.3906126829e-01,3.3138218622e-01
4.2000000000e-01,2.9281455272e-02,1.3939264806e-01,3.3137734611e-01
4.2100000000e-01,2.9421013608e-02,1.3972402298e-01,3.3137248299e-01
4.2200000000e-01,2.9560903317e-02,1.4005539302e-01,3.3136759678e-01
4.2300000000e-01,2.9701124393e-02,1.4038675816e-01,3.3136268744e-01
4.2400000000e-01,2.9841676831e-02,1.4071811838e-01,3.3135775492e-01
4.2500000000e-01,2.9982560628e-02,1.4104947366e-01,3.3135279915e-01
4.2600000000e-01,3.0123775777e-02,1.4138082398e-01,3.3134782010e-01
4.2700000000e-01,3.0265322274e-02,1.4171216930e-01,3.3134281769e-01
4.2800000000e-01,3.0407200114e-02,1.4204350960e-01,3.3133779188e-01
4.2900000000e-01,3.0549409292e-02,1.4237484487e-01,3.3133274262e-01
4.3000000000e-01,3.0691949802e-02,1.4270617508e-01,3.3132766984e-01
4.3100000000e-01,3.0834821640e-02,1.4303750020e-01,3.3132257351e-01
4.3200000000e-01,3.0978024801e-02,1.4336882022e-01,3.3131745355e-01
4.3300000000e-01,3.1121559279e-02,1.4370013510e-01,3.3131230993e-01
4.3400000000e-01,3.1265425069e-02,1.4403144483e-01,3.3130714258e-01
4.3500000000e-01,3.1409622167e-02,1.4436274938e-01,3.3130195145e-01
4.3600000000e-01,3.1554150566e-02,1.4469404873e-01,3.3129673649e-01
4.3700000000e-01,3.1699010262e-02,1.4502534285e-01,3.3129149765e-01
4.3800000000e-01,3.1844201250e-02,1.4535663171e-01,3.3128623486e-01
4.3900000000e-01,3.1989723524e-02,1.4568791531e-01,3.3128094808e-01
4.4000000000e-01,3.2135577079e-02,1.4601919360e-01,3.3127563726e-01
4.4100000000e-01,3.2281761909e-02,1.4635046657e-01,3.3127030233e-01
4.4200000000e-01,3.2428278010e-02,1.4668173420e-01,3.3126494325e-01
4.4300000000e-01,3.2575125376e-02,1.4701299645e-01,3.3125955996e-01
4.4400000000e-01,3.2722304001e-02,1.4734425331e-01,3.3125415241e-01
4.4500000000e-01,3.2869813881e-02,1.4767550475e-01,3.3124872055e-01
4.4600000000e-01,3.3017655009e-02,1.4800675074e-01,3.3124326431e-01
4.4700000000e-01,3.3165827381e-02,1.4833799127e-01,3.3123778365e-01
4.4800000000e-01,3.3314330990e-02,1.4866922630e-01,3.3123227852e-01
4.4900000000e-01,3.3463165831e-02,1.4900045582e-01,3.3122674885e-01
4.5000000000e-01,3.3612331900e-02,1.4933167979e-01,3.3122119460e-01
4.5100000000e-01,3.3761829189e-02,1.4966289820e-01,3.3121561572e-01
4.5200000000e-01,3.3911657694e-02,1.4999411102e-01,3.3121001214e-01
4.5300000000e-01,3.4061817409e-02,1.5032531822e-01,3.3120438382e-01
4.5400000000e-01,3.4212308329e-02,1.5065651977e-01,3.3119873070e-01
4.5500000000e-01,3.4363130447e-02,1.5098771567e-01,3.3119305273e-01
4.5600000000e-01,3.4514283758e-02,1.5131890587e-01,3.3118734985e-01
4.5700000000e-01,3.4665768257e-02,1.5165009036e-01,3.3118162202e-01
4.5800000000e-01,3.4817583937e-02,1.5198126911e-01,3.3117586917e-01
4.5900000000e-01,3.4969730793e-02,1.5231244209e-01,3.3117009125e-01
4.6000000000e-01,3.5122208819e-02,1.5264360928e-01,3.3116428822e-01
4.6100000000e-01,3.5275018010e-02,1.5297477066e-01,3.3115846002e-01
4.6200000000e-01,3.5428158359e-02,1.5330592619e-01,3.3115260658e-01
4.6300000000e-01,3.5581629860e-02,1.5363707586e-01,3.3114672787e-01
4.6400000000e-01,3.5735432508e-02,1.5396821964e-01,3.3114082382e-01
4.6500000000e-01,3.5889566297e-02,1.5429935750e-01,3.3113489439e-01
4.6600000000e-01,3.6044031221e-02,1.5463048942e-01,3.3112893952e-01
4.6700000000e-01,3.6198827274e-02,1.5496161537e-01,3.3112295915e-01
4.6800000000e-01,3.6353954450e-02,1.5529273533e-01,3.3111695324e-01
4.6900000000e-01,3.6509412743e-02,1.5562384927e-01,3.3111092172e-01
4.7000000000e-01,3.6665202147e-02,1.5595495717e-01,3.3110486456e-01
4.7100000000e-01,3.6821322655e-02,1.5628605899e-01,3.3109878168e-01
4.7200000000e-01,3.6977774263e-02,1.5661715472e-01,3.3109267304e-01
4.7300000000e-01,3.7134556963e-02,1.5694824433e-01,3.3108653859e-01
4.7400000000e-01,3.7291670749e-02,1.5727932779e-01,3.3108037827e-01
4.7500000000e-01,3.7449115616e-02,1.5761040508e-01,3.3107419203e-01
4.7600000000e-01,3.7606891557e-02,1.5794147616e-01,3.3106797982e-01
4.7700000000e-01,3.7764998566e-02,1.5827254103e-01,3.3106174158e-01
4.7800000000e-01,3.7923436637e-02,1.5860359964e-01,3.3105547726e-01
4.7900000000e-01,3.8082205764e-02,1.5893465197e-01,3.3104918680e-01
4.8000000000e-01,3.8241305939e-02,1.5926569800e-01,3.3104287015e-01
4.8100000000e-01,3.8400737157e-02,1.5959673770e-01,3.3103652727e-01
4.8200000000e-01,3.8560499412e-02,1.5992777105e-01,3.3103015809e-01
4.8300000000e-01,3.8720592697e-02,1.6025879801e-01,3.3102376256e-01
4.8400000000e-01,3.8881017006e-02,1.6058981857e-01,3.3101734064e-01
4.8500000000e-01,3.9041772332e-02,1.6092083268e-01,3.3101089225e-01
4.8600000000e-01,3.9202858669e-02,1.6125184034e-01,3.3100441737e-01
4.8700000000e-01,3.9364276011e-02,1.6158284151e-01,3.3099791592e-01
4.8800000000e-01,3.9526024350e-02,1.6191383616e-01,3.3099138786e-01
4.8900000000e-01,3.9688103681e-02,1.6224482428e-01,3.3098483313e-01
4.9000000000e-01,3.9850513997e-02,1.6257580582e-01,3.3097825168e-01
4.9100000000e-01,4.0013255291e-02,1.6290678077e-01,3.3097164345e-01
4.9200000000e-01,4.0176327556e-02,1.6323774910e-01,3.3096500841e-01
4.9300000000e-01,4.0339730787e-02,1.6356871078e-01,3.3095834648e-01
4.9400000000e-01,4.0503464975e-02,1.6389966578e-01,3.3095165762e-01
4.9500000000e-01,4.0667530116e-02,1.6423061409e-01,3.3094494177e-01
4.9600000000e-01,4.0831926201e-02,1.6456155566e-01,3.3093819889e-01
4.9700000000e-01,4.0996653225e-02,1.6489249047e-01,3.3093142891e-01
4.9800000000e-01,4.1161711180e-02,1.6522341851e-01,3.3092463179e-01
4.9900000000e-01,4.1327100060e-02,1.6555433973e-01,3.3091780747e-01
5.0000000000e-01,4.1492819857e-02,1.6588525411e-01,3.3091095590e-01
5.0100000000e-01,4.1658870566e-02,1.6621616163e-01,3.3090407702e-01
5.0200000000e-01,4.1825252178e-02,1.6654706226e-01,3.3089717079e-01
5.0300000000e-01,4.1991964688e-02,1.6687795596e-01,3.3089023715e-01
5.0400000000e-01,4.2159008088e-02,1.6720884272e-01,3.3088327604e-01
5.0500000000e-01,4.2326382371e-02,1.6753972251e-01,3.3087628742e-01
5.0600000000e-01,4.2494087530e-02,1.6787059529e-01,3.3086927123e-01
5.0700000000e-01,4.2662123559e-02,1.6820146104e-01,3.3086222741e-01
5.0800000000e-01,4.2830490450e-02,1.6853231973e-01,3.3085515592e-01
5.0900000000e-01,4.2999188196e-02,1.6886317134e-01,3.3084805671e-01
5.1000000000e-01,4.3168216790e-02,1.6919401584e-01,3.3084092971e-01
5.1100000000e-01,4.3337576226e-02,1.6952485319e-01,3.3083377488e-01
5.1200000000e-01,4.3507266494e-02,1.6985568338e-01,3.3082659216e-01
5.1300000000e-01,4.3677287590e-02,1.7018650637e-01,3.3081938150e-01
5.1400000000e-01,4.3847639505e-02,1.7051732213e-01,3.3081214285e-01
5.1500000000e-01,4.4018322232e-02,1.7084813064e-01,3.3080487615e-01
5.1600000000e-01,4.4189335764e-02,1.7117893188e-01,3.3079758135e-01
5.1700000000e-01,4.4360680093e-02,1.7150972580e-01,3.3079025841e-01
5.1800000000e-01,4.4532355213e-02,1.7184051238e-01,3.3078290725e-01
5.1900000000e-01,4.4704361115e-02,1.7217129160e-01,3.3077552785e-01
5.2000000000e-01,4.4876697794e-02,1.7250206343e-01,3.3076812013e-01
5.2100000000e-01,4.5049365240e-02,1.7283282783e-01,3.3076068405e-01
5.2200000000e-01,4.5222363447e-02,1.7316358479e-01,3.3075321955e-01
5.2300000000e-01,4.5395692407e-02,1.7349433426e-01,3.3074572659e-01
5.2400000000e-01,4.5569352113e-02,1.7382507623e-01,3.3073820510e-01
5.2500000000e-01,4.5743342557e-02,1.7415581066e-01,3.3073065504e-01
5.2600000000e-01,4.5917663732e-02,1.7448653753e-01,3.3072307636e-01
5.2700000000e-01,4.6092315629e-02,1.7481725681e-01,3.3071546900e-01
5.2800000000e-01,4.6267298243e-02,1.7514796846e-01,3.3070783290e-01
5.2900000000e-01,4.6442611564e-02,1.7547867246e-01,3.3070016802e-01
5.3000000000e-01,4.6618255585e-02,1.7580936879e-01,3.3069247430e-01
5.3100000000e-01,4.6794230299e-02,1.7614005740e-01,3.3068475170e-01
5.3200000000e-01,4.6970535697e-02,1.7647073828e-01,3.3067700015e-01
5.3300000000e-01,4.7147171773e-02,1.7680141139e-01,3.3066921960e-01
5.3400000000e-01,4.7324138517e-02,1.7713207671e-01,3.3066141001e-01
5.3500000000e-01,4.7501435923e-02,1.7746273420e-01,3.3065357132e-01
5.3600000000e-01,4.7679063983e-02,1.7779338384e-01,3.3064570347e-01
5.3700000000e-01,4.7857022689e-02,1.7812402560e-01,3.3063780642e-01
5.3800000000e-01,4.8035312032e-02,1.7845465945e-01,3.3062988012e-01
5.3900000000e-01,4.8213932005e-02,1.7878528535e-01,3.3062192450e-01
5.4000000000e-01,4.8392882600e-02,1.7911590329e-01,3.3061393952e-01
5.4100000000e-01,4.8572163809e-02,1.7944651322e-01,3.3060592512e-01
5.4200000000e-01,4.8751775624e-02,1.7977711513e-01,3.3059788125e-01
5.4300000000e-01,4.8931718036e-02,1.8010770897e-01,3.3058980787e-01
5.4400000000e-01,4.9111991039e-02,1.8043829473e-01,3.3058170491e-01
5.4500000000e-01,4.9292594623e-02,1.8076887237e-01,3.3057357232e-01
5.4600000000e-01,4.9473528781e-02,1.8109944187e-01,3.3056541006e-01
5.4700000000e-01,4.9654793504e-02,1.8143000318e-01,3.3055721807e-01
5.4800000000e-01,4.9836388784e-02,1.8176055629e-01,3.3054899629e-01
5.4900000000e-01,5.0018314614e-02,1.8209110117e-01,3.3054074468e-01
5.5000000000e-01,5.0200570984e-02,1.8242163777e-01,3.3053246318e-01
5.5100000000e-01,5.0383157887e-02,1.8275216608e-01,3.3052415175e-01
5.5200000000e-01,5.0566075313e-02,1.8308268607e-01,3.3051581032e-01
5.5300000000e-01,5.0749323256e-02,1.8341319769e-01,3.3050743884e-01
5.5400000000e-01,5.0932901706e-02,1.8374370093e-01,3.3049903727e-01
5.5500000000e-01,5.1116810655e-02,1.8407419576e-01,3.3049060555e-01
5.5600000000e-01,5.1301050095e-02,1.8440468213e-01,3.3048214363e-01
5.5700000000e-01,5.1485620016e-02,1.8473516003e-01,3.3047365145e-01
5.5800000000e-01,5.1670520412e-02,1.8506562943e-01,3.3046512897e-01
5.5900000000e-01,5.1855751272e-02,1.8539609028e-01,3.3045657613e-01
5.6000000000e-01,5.2041312590e-02,1.8572654257e-01,3.3044799288e-01
5.6100000000e-01,5.2227204355e-02,1.8605698626e-01,3.3043937916e-01
5.6200000000e-01,5.2413426559e-02,1.8638742132e-01,3.3043073494e-01
5.6300000000e-01,5.2599979195e-02,1.8671784772e-01,3.3042206014e-01
5.6400000000e-01,5.2786862252e-02,1.8704826543e-01,3.3041335472e-01
5.6500000000e-01,5.2974075722e-02,1.8737867442e-01,3.3040461864e-01
5.6600000000e-01,5.3161619598e-02,1.8770907465e-01,3.3039585183e-01
5.6700000000e-01,5.3349493869e-02,1.8803946611e-01,3.3038705424e-01
5.6800000000e-01,5.3537698527e-02,1.8836984875e-01,3.3037822583e-01
5.6900000000e-01,5.3726233563e-02,1.8870022255e-01,3.3036936653e-01
5.7000000000e-01,5.3915098969e-02,1.8903058748e-01,3.3036047631e-01
5.7100000000e-01,5.4104294735e-02,1.8936094349e-01,3.3035155510e-01
5.7200000000e-01,5.4293820853e-02,1.8969129057e-01,3.3034260285e-01
5.7300000000e-01,5.4483677314e-02,1.9002162869e-01,3.3033361952e-01
5.7400000000e-01,5.4673864108e-02,1.9035195780e-01,3.3032460505e-01
5.7500000000e-01,5.4864381226e-02,1.9068227789e-01,3.3031555938e-01
5.7600000000e-01,5.5055228660e-02,1.9101258891e-01,3.3030648247e-01
5.7700000000e-01,5.5246406401e-02,1.9134289084e-01,3.3029737426e-01
5.7800000000e-01,5.5437914439e-02,1.9167318365e-01,3.3028823471e-01
5.7900000000e-01,5.5629752765e-02,1.9200346730e-01,3.3027906376e-01
5.8000000000e-01,5.5821921370e-02,1.9233374177e-01,3.3026986135e-01
5.8100000000e-01,5.6014420246e-02,1.9266400701e-01,3.3026062744e-01
5.8200000000e-01,5.6207249381e-02,1.9299426301e-01,3.3025136198e-01
5.8300000000e-01,5.6400408769e-02,1.9332450973e-01,3.3024206490e-01
5.8400000000e-01,5.6593898398e-02,1.9365474713e-01,3.3023273617e-01
5.8500000000e-01,5.6787718260e-02,1.9398497519e-01,3.3022337573e-01
5.8600000000e-01,5.6981868345e-02,1.9431519387e-01,3.3021398352e-01
5.8700000000e-01,5.7176348644e-02,1.9464540315e-01,3.3020455950e-01
5.8800000000e-01,5.7371159148e-02,1.9497560298e-01,3.3019510361e-01
5.8900000000e-01,5.7566299847e-02,1.9530579334e-01,3.3018561581e-01
5.9000000000e-01,5.7761770732e-02,1.9563597420e-01,3.3017609603e-01
5.9100000000e-01,5.7957571792e-02,1.9596614552e-01,3.3016654423e-01
5.9200000000e-01,5.8153703020e-02,1.9629630728e-01,3.3015696036e-01
5.9300000000e-01,5.8350164404e-02,1.9662645943e-01,3.3014734437e-01
5.9400000000e-01,5.8546955935e-02,1.9695660196e-01,3.3013769619e-01
5.9500000000e-01,5.8744077604e-02,1.9728673482e-01,3.3012801579e-01
5.9600000000e-01,5.8941529402e-02,1.9761685798e-01,3.3011830311e-01
5.9700000000e-01,5.9139311317e-02,1.9794697141e-01,3.3010855810e-01
5.9800000000e-01,5.9337423341e-02,1.9827707508e-01,3.3009878070e-01
5.9900000000e-01,5.9535865464e-02,1.9860716896e-01,3.3008897087e-01
6.0000000000e-01,5.9734637676e-02,1.9893725301e-01,3.3007912855e-01
6.0100000000e-01,5.9933739967e-02,1.9926732721e-01,3.3006925370e-01
6.0200000000e-01,6.0133172327e-02,1.9959739151e-01,3.3005934625e-01
6.0300000000e-01,6.0332934746e-02,1.9992744589e-01,3.3004940616e-01
6.0400000000e-01,6.0533027215e-02,2.0025749031e-01,3.3003943338e-01
6.0500000000e-01,6.0733449724e-02,2.0058752475e-01,3.3002942786e-01
6.0600000000e-01,6.0934202262e-02,2.0091754916e-01,3.3001938954e-01
6.0700000000e-01,6.1135284819e-02,2.0124756351e-01,3.3000931837e-01
6.0800000000e-01,6.1336697385e-02,2.0157756778e-01,3.2999921431e-01
6.0900000000e-01,6.1538439951e-02,2.0190756193e-01,3.2998907729e-01
6.1000000000e-01,6.1740512506e-02,2.0223754593e-01,3.2997890728e-01
6.1100000000e-01,6.1942915039e-02,2.0256751973e-01,3.2996870421e-01
6.1200000000e-01,6.2145647542e-02,2.0289748332e-01,3.2995846804e-01
6.1300000000e-01,6.2348710003e-02,2.0322743666e-01,3.2994819871e-01
6.1400000000e-01,6.2552102412e-02,2.0355737971e-01,3.2993789618e-01
6.1500000000e-01,6.2755824759e-02,2.0388731244e-01,3.2992756038e-01
6.1600000000e-01,6.2959877033e-02,2.0421723482e-01,3.2991719128e-01
6.1700000000e-01,6.3164259225e-02,2.0454714681e-01,3.2990678882e-01
6.1800000000e-01,6.3368971323e-02,2.0487704839e-01,3.2989635295e-01
6.1900000000e-01,6.3574013318e-02,2.0520693951e-01,3.2988588361e-01
6.2000000000e-01,6.3779385199e-02,2.0553682014e-01,3.2987538076e-01
6.2100000000e-01,6.3985086955e-02,2.0586669026e-01,3.2986484435e-01
6.2200000000e-01,6.4191118576e-02,2.0619654982e-01,3.2985427431e-01
6.2300000000e-01,6.4397480051e-02,2.0652639879e-01,3.2984367061e-01
6.2400000000e-01,6.4604171370e-02,2.0685623715e-01,3.2983303320e-01
6.2500000000e-01,6.4811192522e-02,2.0718606485e-01,3.2982236201e-01
6.2600000000e-01,6.5018543496e-02,2.0751588186e-01,3.2981165700e-01
6.2700000000e-01,6.5226224282e-02,2.0784568815e-01,3.2980091812e-01
6.2800000000e-01,6.5434234869e-02,2.0817548369e-01,3.2979014531e-01
6.2900000000e-01,6.5642575246e-02,2.0850526843e-01,3.2977933853e-01
6.3000000000e-01,6.5851245402e-02,2.0883504235e-01,3.2976849773e-01
6.3100000000e-01,6.6060245327e-02,2.0916480542e-01,3.2975762285e-01
6.3200000000e-01,6.6269575009e-02,2.0949455759e-01,3.2974671384e-01
6.3300000000e-01,6.6479234438e-02,2.0982429883e-01,3.2973577066e-01
6.3400000000e-01,6.6689223603e-02,2.1015402912e-01,3.2972479325e-01
6.3500000000e-01,6.6899542493e-02,2.1048374841e-01,3.2971378155e-01
6.3600000000e-01,6.7110191096e-02,2.1081345667e-01,3.2970273553e-01
6.3700000000e-01,6.7321169402e-02,2.1114315387e-01,3.2969165512e-01
6.3800000000e-01,6.7532477400e-02,2.1147283997e-01,3.2968054028e-01
6.3900000000e-01,6.7744115079e-02,2.1180251494e-01,3.2966939096e-01
6.4000000000e-01,6.7956082426e-02,2.1213217874e-01,3.2965820710e-01
6.4100000000e-01,6.8168379432e-02,2.1246183134e-01,3.2964698866e-01
6.4200000000e-01,6.8381006085e-02,2.1279147270e-01,3.2963573559e-01
6.4300000000e-01,6.8593962374e-02,2.1312110280e-01,3.2962444782e-01
6.4400000000e-01,6.8807248287e-02,2.1345072159e-01,3.2961312532e-01
6.4500000000e-01,6.9020863813e-02,2.1378032904e-01,3.2960176803e-01
6.4600000000e-01,6.9234808941e-02,2.1410992511e-01,3.2959037591e-01
6.4700000000e-01,6.9449083660e-02,2.1443950978e-01,3.2957894889e-01
6.4800000000e-01,6.9663687957e-02,2.1476908300e-01,3.2956748693e-01
6.4900000000e-01,6.9878621822e-02,2.1509864474e-01,3.2955598999e-01
6.5000000000e-01,7.0093885243e-02,2.1542819497e-01,3.2954445800e-01
6.5100000000e-01,7.0309478208e-02,2.1575773364e-01,3.2953289092e-01
6.5200000000e-01,7.0525400706e-02,2.1608726074e-01,3.2952128870e-01
6.5300000000e-01,7.0741652726e-02,2.1641677621e-01,3.2950965128e-01
6.5400000000e-01,7.0958234255e-02,2.1674628003e-01,3.2949797862e-01
6.5500000000e-01,7.1175145282e-02,2.1707577216e-01,3.2948627067e-01
6.5600000000e-01,7.1392385795e-02,2.1740525256e-01,3.2947452737e-01
6.5700000000e-01,7.1609955783e-02,2.1773472120e-01,3.2946274868e-01
6.5800000000e-01,7.1827855234e-02,2.1806417804e-01,3.2945093454e-01
6.5900000000e-01,7.2046084135e-02,2.1839362306e-01,3.2943908491e-01
6.6000000000e-01,7.2264642476e-02,2.1872305620e-01,3.2942719973e-01
6.6100000000e-01,7.2483530244e-02,2.1905247744e-01,3.2941527895e-01
6.6200000000e-01,7.2702747427e-02,2.1938188675e-01,3.2940332253e-01
6.6300000000e-01,7.2922294013e-02,2.1971128408e-01,3.2939133041e-01
6.6400000000e-01,7.3142169991e-02,2.2004066940e-01,3.2937930254e-01
6.6500000000e-01,7.3362375348e-02,2.2037004267e-01,3.2936723888e-01
6.6600000000e-01,7.3582910072e-02,2.2069940386e-01,3.2935513936e-01
6.6700000000e-01,7.3803774152e-02,2.2102875294e-01,3.2934300395e-01
6.6800000000e-01,7.4024967574e-02,2.2135808986e-01,3.2933083259e-01
6.6900000000e-01,7.4246490327e-02,2.2168741459e-01,3.2931862523e-01
6.7000000000e-01,7.4468342399e-02,2.2201672710e-01,3.2930638182e-01
6.7100000000e-01,7.4690523777e-02,2.2234602734e-01,3.2929410231e-01
6.7200000000e-01,7.4913034450e-02,2.2267531529e-01,3.2928178665e-01
6.7300000000e-01,7.5135874404e-02,2.2300459090e-01,3.2926943480e-01
6.7400000000e-01,7.5359043627e-02,2.2333385415e-01,3.2925704669e-01
6.7500000000e-01,7.5582542108e-02,2.2366310498e-01,3.2924462229e-01
6.7600000000e-01,7.5806369833e-02,2.2399234338e-01,3.2923216153e-01
6.7700000000e-01,7.6030526791e-02,2.2432156929e-01,3.2921966437e-01
6.7800000000e-01,7.6255012968e-02,2.2465078269e-01,3.2920713077e-01
6.7900000000e-01,7.6479828352e-02,2.2497998354e-01,3.2919456066e-01
6.8000000000e-01,7.6704972931e-02,2.2530917180e-01,3.2918195401e-01
6.8100000000e-01,7.6930446691e-02,2.2563834744e-01,3.2916931075e-01
6.8200000000e-01,7.7156249621e-02,2.2596751041e-01,3.2915663085e-01
6.8300000000e-01,7.7382381708e-02,2.2629666069e-01,3.2914391425e-01
6.8400000000e-01,7.7608842938e-02,2.2662579823e-01,3.2913116089e-01
6.8500000000e-01,7.7835633300e-02,2.2695492300e-01,3.2911837074e-01
6.8600000000e-01,7.8062752780e-02,2.2728403496e-01,3.2910554374e-01
6.8700000000e-01,7.8290201366e-02,2.2761313407e-01,3.2909267984e-01
6.8800000000e-01,7.8517979044e-02,2.2794222031e-01,3.2907977899e-01
6.8900000000e-01,7.8746085802e-02,2.2827129362e-01,3.2906684114e-01
6.9000000000e-01,7.8974521627e-02,2.2860035398e-01,3.2905386625e-01
6.9100000000e-01,7.9203286506e-02,2.2892940134e-01,3.2904085425e-01
6.9200000000e-01,7.9432380425e-02,2.2925843567e-01,3.2902780511e-01
6.9300000000e-01,7.9661803373e-02,2.2958745694e-01,3.2901471878e-01
6.9400000000e-01,7.9891555335e-02,2.2991646510e-01,3.2900159519e-01
6.9500000000e-01,8.0121636298e-02,2.3024546012e-01,3.2898843431e-01
6.9600000000e-01,8.0352046250e-02,2.3057444195e-01,3.2897523608e-01
6.9700000000e-01,8.0582785178e-02,2.3090341057e-01,3.2896200046e-01
6.9800000000e-01,8.0813853067e-02,2.3123236594e-01,3.2894872739e-01
6.9900000000e-01,8.1045249905e-02,2.3156130802e-01,3.2893541683e-01
7.0000000000e-01,8.1276975679e-02,2.3189023676e-01,3.2892206872e-01
7.0100000000e-01,8.1509030374e-02,2.3221915214e-01,3.2890868302e-01
7.0200000000e-01,8.1741413979e-02,2.3254805412e-01,3.2889525968e-01
7.0300000000e-01,8.1974126478e-02,2.3287694265e-01,3.2888179864e-01
7.0400000000e-01,8.2207167859e-02,2.3320581770e-01,3.2886829986e-01
7.0500000000e-01,8.2440538109e-02,2.3353467924e-01,3.2885476329e-01
7.0600000000e-01,8.2674237213e-02,2.3386352722e-01,3.2884118888e-01
7.0700000000e-01,8.2908265159e-02,2.3419236160e-01,3.2882757658e-01
7.0800000000e-01,8.3142621932e-02,2.3452118236e-01,3.2881392634e-01
7.0900000000e-01,8.3377307519e-02,2.3484998944e-01,3.2880023812e-01
7.1000000000e-01,8.3612321906e-02,2.3517878282e-01,3.2878651185e-01
7.1100000000e-01,8.3847665080e-02,2.3550756245e-01,3.2877274750e-01
7.1200000000e-01,8.4083337027e-02,2.3583632830e-01,3.2875894501e-01
7.1300000000e-01,8.4319337732e-02,2.3616508033e-01,3.2874510433e-01
7.1400000000e-01,8.4555667183e-02,2.3649381850e-01,3.2873122542e-01
7.1500000000e-01,8.4792325364e-02,2.3682254277e-01,3.2871730823e-01
7.1600000000e-01,8.5029312264e-02,2.3715125310e-01,3.2870335270e-01
7.1700000000e-01,8.5266627866e-02,2.3747994946e-01,3.2868935879e-01
7.1800000000e-01,8.5504272158e-02,2.3780863181e-01,3.2867532645e-01
7.1900000000e-01,8.5742245125e-02,2.3813730010e-01,3.2866125563e-01
7.2000000000e-01,8.5980546753e-02,2.3846595430e-01,3.2864714628e-01
7.2100000000e-01,8.6219177029e-02,2.3879459438e-01,3.2863299835e-01
7.2200000000e-01,8.6458135937e-02,2.3912322029e-01,3.2861881180e-01
7.2300000000e-01,8.6697423465e-02,2.3945183199e-01,3.2860458656e-01
7.2400000000e-01,8.6937039597e-02,2.3978042945e-01,3.2859032261e-01
7.2500000000e-01,8.7176984319e-02,2.4010901262e-01,3.2857601988e-01
7.2600000000e-01,8.7417257617e-02,2.4043758148e-01,3.2856167833e-01
7.2700000000e-01,8.7657859477e-02,2.4076613597e-01,3.2854729790e-01
7.2800000000e-01,8.7898789884e-02,2.4109467606e-01,3.2853287856e-01
7.2900000000e-01,8.8140048824e-02,2.4142320171e-01,3.2851842024e-01
7.3000000000e-01,8.8381636283e-02,2.4175171289e-01,3.2850392291e-01
7.3100000000e-01,8.8623552245e-02,2.4208020954e-01,3.2848938651e-01
7.3200000000e-01,8.8865796697e-02,2.4240869165e-01,3.2847481100e-01
7.3300000000e-01,8.9108369624e-02,2.4273715915e-01,3.2846019632e-01
7.3400000000e-01,8.9351271010e-02,2.4306561202e-01,3.2844554243e-01
7.3500000000e-01,8.9594500843e-02,2.4339405022e-01,3.2843084928e-01
7.3600000000e-01,8.9838059106e-02,2.4372247371e-01,3.2841611681e-01
7.3700000000e-01,9.0081945785e-02,2.4405088244e-01,3.2840134499e-01
7.3800000000e-01,9.0326160866e-02,2.4437927639e-01,3.2838653377e-01
7.3900000000e-01,9.0570704333e-02,2.4470765550e-01,3.2837168308e-01
7.4000000000e-01,9.0815576172e-02,2.4503601974e-01,3.2835679290e-01
7.4100000000e-01,9.1060776368e-02,2.4536436907e-01,3.2834186316e-01
7.4200000000e-01,9.1306304905e-02,2.4569270345e-01,3.2832689381e-01
7.4300000000e-01,9.1552161770e-02,2.4602102285e-01,3.2831188482e-01
7.4400000000e-01,9.1798346946e-02,2.4634932721e-01,3.2829683614e-01
7.4500000000e-01,9.2044860419e-02,2.4667761651e-01,3.2828174770e-01
7.4600000000e-01,9.2291702174e-02,2.4700589069e-01,3.2826661947e-01
7.4700000000e-01,9.2538872195e-02,2.4733414973e-01,3.2825145140e-01
7.4800000000e-01,9.2786370468e-02,2.4766239358e-01,3.2823624344e-01
7.4900000000e-01,9.3034196977e-02,2.4799062220e-01,3.2822099553e-01
7.5000000000e-01,9.3282351708e-02,2.4831883556e-01,3.2820570764e-01
7.5100000000e-01,9.3530834643e-02,2.4864703361e-01,3.2819037972e-01
7.5200000000e-01,9.3779645770e-02,2.4897521631e-01,3.2817501171e-01
7.5300000000e-01,9.4028785071e-02,2.4930338362e-01,3.2815960357e-01
7.5400000000e-01,9.4278252532e-02,2.4963153550e-01,3.2814415524e-01
7.5500000000e-01,9.4528048137e-02,2.4995967191e-01,3.2812866669e-01
7.5600000000e-01,9.4778171870e-02,2.5028779282e-01,3.2811313786e-01
7.5700000000e-01,9.5028623717e-02,2.5061589818e-01,3.2809756871e-01
7.5800000000e-01,9.5279403662e-02,2.5094398794e-01,3.2808195919e-01
7.5900000000e-01,9.5530511688e-02,2.5127206208e-01,3.2806630924e-01
7.6000000000e-01,9.5781947780e-02,2.5160012055e-01,3.2805061883e-01
7.6100000000e-01,9.6033711924e-02,2.5192816330e-01,3.2803488790e-01
7.6200000000e-01,9.6285804102e-02,2.5225619031e-01,3.2801911641e-01
7.6300000000e-01,9.6538224299e-02,2.5258420152e-01,3.2800330430e-01
7.6400000000e-01,9.6790972500e-02,2.5291219691e-01,3.2798745153e-01
7.6500000000e-01,9.7044048688e-02,2.5324017641e-01,3.2797155806e-01
7.6600000000e-01,9.7297452847e-02,2.5356814001e-01,3.2795562383e-01
7.6700000000e-01,9.7551184962e-02,2.5389608765e-01,3.2793964880e-01
7.6800000000e-01,9.7805245017e-02,2.5422401929e-01,3.2792363291e-01
7.6900000000e-01,9.8059632996e-02,2.5455193490e-01,3.2790757613e-01
7.7000000000e-01,9.8314348882e-02,2.5487983443e-01,3.2789147840e-01
7.7100000000e-01,9.8569392659e-02,2.5520771784e-01,3.2787533968e-01
7.7200000000e-01,9.8824764312e-02,2.5553558510e-01,3.2785915991e-01
7.7300000000e-01,9.9080463824e-02,2.5586343615e-01,3.2784293906e-01
7.7400000000e-01,9.9336491179e-02,2.5619127096e-01,3.2782667706e-01
7.7500000000e-01,9.9592846360e-02,2.5651908949e-01,3.2781037389e-01
7.7600000000e-01,9.9849529352e-02,2.5684689169e-01,3.2779402948e-01
7.7700000000e-01,1.0010654014e-01,2.5717467753e-01,3.2777764379e-01
7.7800000000e-01,1.0036387870e-01,2.5750244697e-01,3.2776121678e-01
7.7900000000e-01,1.0062154503e-01,2.5783019995e-01,3.2774474839e-01
7.8000000000e-01,1.0087953910e-01,2.5815793645e-01,3.2772823858e-01
7.8100000000e-01,1.0113786089e-01,2.5848565642e-01,3.2771168730e-01
7.8200000000e-01,1.0139651040e-01,2.5881335981e-01,3.2769509451e-01
7.8300000000e-01,1.0165548761e-01,2.5914104659e-01,3.2767846015e-01
7.8400000000e-01,1.0191479249e-01,2.5946871672e-01,3.2766178418e-01
7.8500000000e-01,1.0217442504e-01,2.5979637015e-01,3.2764506655e-01
7.8600000000e-01,1.0243438523e-01,2.6012400684e-01,3.2762830721e-01
7.8700000000e-01,1.0269467304e-01,2.6045162675e-01,3.2761150613e-01
7.8800000000e-01,1.0295528847e-01,2.6077922984e-01,3.2759466324e-01
7.8900000000e-01,1.0321623150e-01,2.6110681606e-01,3.2757777851e-01
7.9000000000e-01,1.0347750210e-01,2.6143438538e-01,3.2756085188e-01
7.9100000000e-01,1.0373910026e-01,2.6176193775e-01,3.2754388331e-01
7.9200000000e-01,1.0400102597e-01,2.6208947313e-01,3.2752687276e-01
7.9300000000e-01,1.0426327920e-01,2.6241699148e-01,3.2750982017e-01
7.9400000000e-01,1.0452585995e-01,2.6274449276e-01,3.2749272550e-01
7.9500000000e-01,1.0478876818e-01,2.6307197692e-01,3.2747558869e-01
7.9600000000e-01,1.0505200390e-01,2.6339944392e-01,3.2745840972e-01
7.9700000000e-01,1.0531556707e-01,2.6372689372e-01,3.2744118852e-01
7.9800000000e-01,1.0557945768e-01,2.6405432628e-01,3.2742392505e-01
7.9900000000e-01,1.0584367571e-01,2.6438174156e-01,3.2740661926e-01
8.0000000000e-01,1.0610822115e-01,2.6470913951e-01,3.2738927111e-01
8.0100000000e-01,1.0637309399e-01,2.6503652009e-01,3.2737188055e-01
8.0200000000e-01,1.0663829419e-01,2.6536388326e-01,3.2735444753e-01
8.0300000000e-01,1.0690382175e-01,2.6569122897e-01,3.2733697202e-01
8.0400000000e-01,1.0716967664e-01,2.6601855719e-01,3.2731945395e-01
8.0500000000e-01,1.0743585886e-01,2.6634586786e-01,3.2730189328e-01
8.0600000000e-01,1.0770236837e-01,2.6667316096e-01,3.2728428997e-01
8.0700000000e-01,1.0796920517e-01,2.6700043643e-01,3.2726664397e-01
8.0800000000e-01,1.0823636924e-01,2.6732769423e-01,3.2724895524e-01
8.0900000000e-01,1.0850386055e-01,2.6765493432e-01,3.2723122372e-01
8.1000000000e-01,1.0877167910e-01,2.6798215666e-01,3.2721344937e-01
8.1100000000e-01,1.0903982486e-01,2.6830936121e-01,3.2719563215e-01
8.1200000000e-01,1.0930829782e-01,2.6863654791e-01,3.2717777200e-01
8.1300000000e-01,1.0957709795e-01,2.6896371674e-01,3.2715986888e-01
8.1400000000e-01,1.0984622524e-01,2.6929086764e-01,3.2714192275e-01
8.1500000000e-01,1.1011567968e-01,2.6961800057e-01,3.2712393356e-01
8.1600000000e-01,1.1038546124e-01,2.6994511549e-01,3.2710590127e-01
8.1700000000e-01,1.1065556991e-01,2.7027221236e-01,3.2708782581e-01
8.1800000000e-01,1.1092600566e-01,2.7059929113e-01,3.2706970716e-01
8.1900000000e-01,1.1119676848e-01,2.7092635176e-01,3.2705154526e-01
8.2000000000e-01,1.1146785836e-01,2.7125339420e-01,3.2703334007e-01
8.2100000000e-01,1.1173927526e-01,2.7158041842e-01,3.2701509154e-01
8.2200000000e-01,1.1201101919e-01,2.7190742437e-01,3.2699679962e-01
8.2300000000e-01,1.1228309011e-01,2.7223441201e-01,3.2697846428e-01
8.2400000000e-01,1.1255548800e-01,2.7256138129e-01,3.2696008546e-01
8.2500000000e-01,1.1282821286e-01,2.7288833216e-01,3.2694166311e-01
8.2600000000e-01,1.1310126466e-01,2.7321526460e-01,3.2692319720e-01
8.2700000000e-01,1.1337464339e-01,2.7354217854e-01,3.2690468767e-01
8.2800000000e-01,1.1364834901e-01,2.7386907396e-01,3.2688613448e-01
8.2900000000e-01,1.1392238153e-01,2.7419595080e-01,3.2686753758e-01
8.3000000000e-01,1.1419674091e-01,2.7452280902e-01,3.2684889694e-01
8.3100000000e-01,1.1447142714e-01,2.7484964858e-01,3.2683021249e-01
8.3200000000e-01,1.1474644020e-01,2.7517646943e-01,3.2681148420e-01
8.3300000000e-01,1.1502178007e-01,2.7550327153e-01,3.2679271202e-01
8.3400000000e-01,1.1529744674e-01,2.7583005484e-01,3.2677389591e-01
8.3500000000e-01,1.1557344018e-01,2.7615681931e-01,3.2675503581e-01
8.3600000000e-01,1.1584976037e-01,2.7648356490e-01,3.2673613169e-01
8.3700000000e-01,1.1612640730e-01,2.7681029156e-01,3.2671718349e-01
8.3800000000e-01,1.1640338095e-01,2.7713699925e-01,3.2669819118e-01
8.3900000000e-01,1.1668068129e-01,2.7746368793e-01,3.2667915470e-01
8.4000000000e-01,1.1695830832e-01,2.7779035754e-01,3.2666007402e-01
8.4100000000e-01,1.1723626200e-01,2.7811700806e-01,3.2664094908e-01
8.4200000000e-01,1.1751454233e-01,2.7844363943e-01,3.2662177984e-01
8.4300000000e-01,1.1779314927e-01,2.7877025160e-01,3.2660256625e-01
8.4400000000e-01,1.1807208282e-01,2.7909684454e-01,3.2658330828e-01
8.4500000000e-01,1.1835134295e-01,2.7942341821e-01,3.2656400587e-01
8.4600000000e-01,1.1863092965e-01,2.7974997254e-01,3.2654465898e-01
8.4700000000e-01,1.1891084289e-01,2.8007650751e-01,3.2652526756e-01
8.4800000000e-01,1.1919108266e-01,2.8040302306e-01,3.2650583157e-01
8.4900000000e-01,1.1947164893e-01,2.8072951916e-01,3.2648635096e-01
8.5000000000e-01,1.1975254169e-01,2.8105599575e-01,3.2646682569e-01
8.5100000000e-01,1.2003376092e-01,2.8138245279e-01,3.2644725571e-01
8.5200000000e-01,1.2031530659e-01,2.8170889025e-01,3.2642764098e-01
8.5300000000e-01,1.2059717869e-01,2.8203530806e-01,3.2640798145e-01
8.5400000000e-01,1.2087937720e-01,2.8236170619e-01,3.2638827708e-01
8.5500000000e-01,1.2116190210e-01,2.8268808460e-01,3.2636852783e-01
8.5600000000e-01,1.2144475336e-01,2.8301444323e-01,3.2634873364e-01
8.5700000000e-01,1.2172793098e-01,2.8334078205e-01,3.2632889447e-01
8.5800000000e-01,1.2201143492e-01,2.8366710101e-01,3.2630901028e-01
8.5900000000e-01,1.2229526517e-01,2.8399340006e-01,3.2628908103e-01
8.6000000000e-01,1.2257942171e-01,2.8431967915e-01,3.2626910666e-01
8.6100000000e-01,1.2286390452e-01,2.8464593826e-01,3.2624908713e-01
8.6200000000e-01,1.2314871358e-01,2.8497217731e-01,3.2622902241e-01
8.6300000000e-01,1.2343384887e-01,2.8529839629e-01,3.2620891243e-01
8.6400000000e-01,1.2371931037e-01,2.8562459512e-01,3.2618875717e-01
8.6500000000e-01,1.2400509806e-01,2.8595077378e-01,3.2616855657e-01
8.6600000000e-01,1.2429121191e-01,2.8627693222e-01,3.2614831059e-01
8.6700000000e-01,1.2457765191e-01,2.8660307039e-01,3.2612801919e-01
8.6800000000e-01,1.2486441804e-01,2.8692918825e-01,3.2610768231e-01
8.6900000000e-01,1.2515151028e-01,2.8725528574e-01,3.2608729992e-01
8.7000000000e-01,1.2543892861e-01,2.8758136283e-01,3.2606687198e-01
8.7100000000e-01,1.2572667300e-01,2.8790741947e-01,3.2604639843e-01
8.7200000000e-01,1.2601474344e-01,2.8823345561e-01,3.2602587924e-01
8.7300000000e-01,1.2630313991e-01,2.8855947121e-01,3.2600531435e-01
8.7400000000e-01,1.2659186238e-01,2.8888546622e-01,3.2598470373e-01
8.7500000000e-01,1.2688091083e-01,2.8921144060e-01,3.2596404732e-01
8.7600000000e-01,1.2717028525e-01,2.8953739430e-01,3.2594334510e-01
8.7700000000e-01,1.2745998561e-01,2.8986332728e-01,3.2592259700e-01
8.7800000000e-01,1.2775001190e-01,2.9018923948e-01,3.2590180299e-01
8.7900000000e-01,1.2804036409e-01,2.9051513087e-01,3.2588096303e-01
8.8000000000e-01,1.2833104215e-01,2.9084100139e-01,3.2586007706e-01
8.8100000000e-01,1.2862204608e-01,2.9116685101e-01,3.2583914505e-01
8.8200000000e-01,1.2891337585e-01,2.9149267967e-01,3.2581816695e-01
8.8300000000e-01,1.2920503143e-01,2.9181848733e-01,3.2579714271e-01
8.8400000000e-01,1.2949701282e-01,2.9214427394e-01,3.2577607230e-01
8.8500000000e-01,1.2978931998e-01,2.9247003946e-01,3.2575495567e-01
8.8600000000e-01,1.3008195289e-01,2.9279578383e-01,3.2573379277e-01
8.8700000000e-01,1.3037491154e-01,2.9312150703e-01,3.2571258357e-01
8.8800000000e-01,1.3066819590e-01,2.9344720899e-01,3.2569132801e-01
8.8900000000e-01,1.3096180595e-01,2.9377288967e-01,3.2567002606e-01
8.9000000000e-01,1.3125574167e-01,2.9409854902e-01,3.2564867766e-01
8.9100000000e-01,1.3155000304e-01,2.9442418701e-01,3.2562728278e-01
8.9200000000e-01,1.3184459003e-01,2.9474980357e-01,3.2560584138e-01
8.9300000000e-01,1.3213950264e-01,2.9507539867e-01,3.2558435340e-01
8.9400000000e-01,1.3243474082e-01,2.9540097226e-01,3.2556281881e-01
8.9500000000e-01,1.3273030457e-01,2.9572652430e-01,3.2554123756e-01
8.9600000000e-01,1.3302619387e-01,2.9605205472e-01,3.2551960961e-01
8.9700000000e-01,1.3332240868e-01,2.9637756350e-01,3.2549793491e-01
8.9800000000e-01,1.3361894899e-01,2.9670305058e-01,3.2547621342e-01
8.9900000000e-01,1.3391581477e-01,2.9702851591e-01,3.2545444510e-01
9.0000000000e-01,1.3421300601e-01,2.9735395945e-01,3.2543262991e-01
9.0100000000e-01,1.3451052268e-01,2.9767938116e-01,3.2541076780e-01
9.0200000000e-01,1.3480836477e-01,2.9800478097e-01,3.2538885872e-01
9.0300000000e-01,1.3510653224e-01,2.9833015886e-01,3.2536690264e-01
9.0400000000e-01,1.3540502508e-01,2.9865551476e-01,3.2534489952e-01
9.0500000000e-01,1.3570384326e-01,2.9898084864e-01,3.2532284930e-01
9.0600000000e-01,1.3600298677e-01,2.9930616044e-01,3.2530075194e-01
9.0700000000e-01,1.3630245557e-01,2.9963145013e-01,3.2527860741e-01
9.0800000000e-01,1.3660224966e-01,2.9995671764e-01,3.2525641565e-01
9.0900000000e-01,1.3690236900e-01,3.0028196294e-01,3.2523417663e-01
9.1000000000e-01,1.3720281358e-01,3.0060718598e-01,3.2521189031e-01
9.1100000000e-01,1.3750358337e-01,3.0093238671e-01,3.2518955663e-01
9.1200000000e-01,1.3780467834e-01,3.0125756508e-01,3.2516717557e-01
9.1300000000e-01,1.3810609849e-01,3.0158272104e-01,3.2514474706e-01
9.1400000000e-01,1.3840784378e-01,3.0190785456e-01,3.2512227108e-01
9.1500000000e-01,1.3870991419e-01,3.0223296557e-01,3.2509974757e-01
9.1600000000e-01,1.3901230970e-01,3.0255805404e-01,3.2507717651e-01
9.1700000000e-01,1.3931503029e-01,3.0288311991e-01,3.2505455783e-01
9.1800000000e-01,1.3961807593e-01,3.0320816314e-01,3.2503189151e-01
9.1900000000e-01,1.3992144661e-01,3.0353318367e-01,3.2500917749e-01
9.2000000000e-01,1.4022514229e-01,3.0385818148e-01,3.2498641574e-01
9.2100000000e-01,1.4052916296e-01,3.0418315649e-01,3.2496360621e-01
9.2200000000e-01,1.4083350860e-01,3.0450810867e-01,3.2494074886e-01
9.2300000000e-01,1.4113817917e-01,3.0483303797e-01,3.2491784365e-01
9.2400000000e-01,1.4144317467e-01,3.0515794434e-01,3.2489489053e-01
9.2500000000e-01,1.4174849505e-01,3.0548282774e-01,3.2487188947e-01
9.2600000000e-01,1.4205414031e-01,3.0580768811e-01,3.2484884042e-01
9.2700000000e-01,1.4236011042e-01,3.0613252540e-01,3.2482574333e-01
9.2800000000e-01,1.4266640536e-01,3.0645733958e-01,3.2480259818e-01
9.2900000000e-01,1.4297302509e-01,3.0678213058e-01,3.2477940490e-01
9.3000000000e-01,1.4327996961e-01,3.0710689837e-01,3.2475616347e-01
9.3100000000e-01,1.4358723888e-01,3.0743164289e-01,3.2473287383e-01
9.3200000000e-01,1.4389483289e-01,3.0775636410e-01,3.2470953596e-01
9.3300000000e-01,1.4420275160e-01,3.0808106195e-01,3.2468614979e-01
9.3400000000e-01,1.4451099501e-01,3.0840573639e-01,3.2466271531e-01
9.3500000000e-01,1.4481956307e-01,3.0873038736e-01,3.2463923245e-01
9.3600000000e-01,1.4512845577e-01,3.0905501483e-01,3.2461570118e-01
9.3700000000e-01,1.4543767309e-01,3.0937961875e-01,3.2459212146e-01
9.3800000000e-01,1.4574721500e-01,3.0970419906e-01,3.2456849324e-01
9.3900000000e-01,1.4605708148e-01,3.1002875572e-01,3.2454481649e-01
9.4000000000e-01,1.4636727251e-01,3.1035328868e-01,3.2452109116e-01
9.4100000000e-01,1.4667778805e-01,3.1067779789e-01,3.2449731721e-01
9.4200000000e-01,1.4698862809e-01,3.1100228330e-01,3.2447349460e-01
9.4300000000e-01,1.4729979261e-01,3.1132674486e-01,3.2444962328e-01
9.4400000000e-01,1.4761128158e-01,3.1165118253e-01,3.2442570322e-01
9.4500000000e-01,1.4792309497e-01,3.1197559625e-01,3.2440173438e-01
9.4600000000e-01,1.4823523276e-01,3.1229998598e-01,3.2437771670e-01
9.4700000000e-01,1.4854769493e-01,3.1262435167e-01,3.2435365015e-01
9.4800000000e-01,1.4886048145e-01,3.1294869326e-01,3.2432953470e-01
9.4900000000e-01,1.4917359231e-01,3.1327301072e-01,3.2430537029e-01
9.5000000000e-01,1.4948702747e-01,3.1359730399e-01,3.2428115689e-01
9.5100000000e-01,1.4980078691e-01,3.1392157302e-01,3.2425689445e-01
9.5200000000e-01,1.5011487061e-01,3.1424581776e-01,3.2423258294e-01
9.5300000000e-01,1.5042927854e-01,3.1457003817e-01,3.2420822230e-01
9.5400000000e-01,1.5074401067e-01,3.1489423419e-01,3.2418381251e-01
9.5500000000e-01,1.5105906700e-01,3.1521840577e-01,3.2415935352e-01
9.5600000000e-01,1.5137444748e-01,3.1554255288e-01,3.2413484529e-01
9.5700000000e-01,1.5169015209e-01,3.1586667545e-01,3.2411028778e-01
9.5800000000e-01,1.5200618082e-01,3.1619077344e-01,3.2408568094e-01
9.5900000000e-01,1.5232253363e-01,3.1651484679e-01,3.2406102474e-01
9.6000000000e-01,1.5263921051e-01,3.1683889547e-01,3.2403631913e-01
9.6100000000e-01,1.5295621142e-01,3.1716291942e-01,3.2401156407e-01
9.6200000000e-01,1.5327353634e-01,3.1748691858e-01,3.2398675953e-01
9.6300000000e-01,1.5359118524e-01,3.1781089292e-01,3.2396190546e-01
9.6400000000e-01,1.5390915811e-01,3.1813484238e-01,3.2393700183e-01
9.6500000000e-01,1.5422745492e-01,3.1845876691e-01,3.2391204858e-01
9.6600000000e-01,1.5454607564e-01,3.1878266646e-01,3.2388704568e-01
9.6700000000e-01,1.5486502025e-01,3.1910654098e-01,3.2386199309e-01
9.6800000000e-01,1.5518428871e-01,3.1943039043e-01,3.2383689077e-01
9.6900000000e-01,1.5550388102e-01,3.1975421475e-01,3.2381173868e-01
9.7000000000e-01,1.5582379713e-01,3.2007801389e-01,3.2378653678e-01
9.7100000000e-01,1.5614403704e-01,3.2040178780e-01,3.2376128502e-01
9.7200000000e-01,1.5646460070e-01,3.2072553644e-01,3.2373598337e-01
9.7300000000e-01,1.5678548810e-01,3.2104925975e-01,3.2371063179e-01
9.7400000000e-01,1.5710669921e-01,3.2137295769e-01,3.2368523023e-01
9.7500000000e-01,1.5742823401e-01,3.2169663020e-01,3.2365977866e-01
9.7600000000e-01,1.5775009246e-01,3.2202027723e-01,3.2363427703e-01
9.7700000000e-01,1.5807227455e-01,3.2234389873e-01,3.2360872530e-01
9.7800000000e-01,1.5839478025e-01,3.2266749466e-01,3.2358312345e-01
9.7900000000e-01,1.5871760954e-01,3.2299106496e-01,3.2355747141e-01
9.8000000000e-01,1.5904076237e-01,3.2331460959e-01,3.2353176917e-01
9.8100000000e-01,1.5936423875e-01,3.2363812849e-01,3.2350601666e-01
9.8200000000e-01,1.5968803862e-01,3.2396162161e-01,3.2348021386e-01
9.8300000000e-01,1.6001216198e-01,3.2428508890e-01,3.2345436073e-01
9.8400000000e-01,1.6033660879e-01,3.2460853031e-01,3.2342845722e-01
9.8500000000e-01,1.6066137903e-01,3.2493194579e-01,3.2340250329e-01
9.8600000000e-01,1.6098647268e-01,3.2525533530e-01,3.2337649891e-01
9.8700000000e-01,1.6131188969e-01,3.2557869878e-01,3.2335044404e-01
9.8800000000e-01,1.6163763006e-01,3.2590203617e-01,3.2332433863e-01
9.8900000000e-01,1.6196369376e-01,3.2622534744e-01,3.2329818264e-01
9.9000000000e-01,1.6229008075e-01,3.2654863252e-01,3.2327197605e-01
9.9100000000e-01,1.6261679101e-01,3.2687189137e-01,3.2324571880e-01
9.9200000000e-01,1.6294382452e-01,3.2719512394e-01,3.2321941085e-01
9.9300000000e-01,1.6327118125e-01,3.2751833018e-01,3.2319305218e-01
9.9400000000e-01,1.6359886118e-01,3.2784151003e-01,3.2316664273e-01
9.9500000000e-01,1.6392686426e-01,3.2816466344e-01,3.2314018247e-01
9.9600000000e-01,1.6425519049e-01,3.2848779038e-01,3.2311367136e-01
9.9700000000e-01,1.6458383984e-01,3.2881089077e-01,3.2308710936e-01
9.9800000000e-01,1.6491281227e-01,3.2913396458e-01,3.2306049643e-01
9.9900000000e-01,1.6524210776e-01,3.2945701175e-01,3.2303383253e-01
1.0000000000e+00,1.6557172628e-01,3.2978003222e-01,3.2300711762e-01
1.0010000000e+00,1.6590166781e-01,3.3010302596e-01,3.2298035167e-01
1.0020000000e+00,1.6623193232e-01,3.3042599291e-01,3.2295353463e-01
1.0030000000e+00,1.6656251979e-01,3.3074893302e-01,3.2292666647e-01
1.0040000000e+00,1.6689343018e-01,3.3107184623e-01,3.2289974714e-01
1.0050000000e+00,1.6722466347e-01,3.3139473249e-01,3.2287277661e-01
1.0060000000e+00,1.6755621964e-01,3.3171759176e-01,3.2284575483e-01
1.0070000000e+00,1.6788809865e-01,3.3204042399e-01,3.2281868178e-01
1.0080000000e+00,1.6822030048e-01,3.3236322911e-01,3.2279155741e-01
1.0090000000e+00,1.6855282510e-01,3.3268600708e-01,3.2276438167e-01
1.0100000000e+00,1.6888567248e-01,3.3300875786e-01,3.2273715454e-01
1.0110000000e+00,1.6921884260e-01,3.3333148138e-01,3.2270987598e-01
1.0120000000e+00,1.6955233543e-01,3.3365417759e-01,3.2268254594e-01
1.0130000000e+00,1.6988615095e-01,3.3397684645e-01,3.2265516439e-01
1.0140000000e+00,1.7022028912e-01,3.3429948790e-01,3.2262773128e-01
1.0150000000e+00,1.7055474992e-01,3.3462210190e-01,3.2260024659e-01
1.0160000000e+00,1.7088953331e-01,3.3494468838e-01,3.2257271027e-01
1.0170000000e+00,1.7122463928e-01,3.3526724730e-01,3.2254512228e-01
1.0180000000e+00,1.7156006780e-01,3.3558977861e-01,3.2251748258e-01
1.0190000000e+00,1.7189581883e-01,3.3591228225e-01,3.2248979114e-01
1.0200000000e+00,1.7223189235e-01,3.3623475817e-01,3.2246204792e-01
1.0210000000e+00,1.7256828834e-01,3.3655720633e-01,3.2243425288e-01
1.0220000000e+00,1.7290500676e-01,3.3687962666e-01,3.2240640598e-01
1.0230000000e+00,1.7324204758e-01,3.3720201912e-01,3.2237850719e-01
1.0240000000e+00,1.7357941079e-01,3.3752438366e-01,3.2235055646e-01
1.0250000000e+00,1.7391709634e-01,3.3784672022e-01,3.2232255375e-01
1.0260000000e+00,1.7425510422e-01,3.3816902875e-01,3.2229449904e-01
1.0270000000e+00,1.7459343439e-01,3.3849130920e-01,3.2226639228e-01
1.0280000000e+00,1.7493208683e-01,3.3881356151e-01,3.2223823343e-01
1.0290000000e+00,1.7527106150e-01,3.3913578565e-01,3.2221002246e-01
1.0300000000e+00,1.7561035839e-01,3.3945798154e-01,3.2218175933e-01
1.0310000000e+00,1.7594997746e-01,3.3978014915e-01,3.2215344399e-01
1.0320000000e+00,1.7628991868e-01,3.4010228841e-01,3.2212507642e-01
1.0330000000e+00,1.7663018202e-01,3.4042439928e-01,3.2209665658e-01
1.0340000000e+00,1.7697076747e-01,3.4074648171e-01,3.2206818442e-01
1.0350000000e+00,1.7731167498e-01,3.4106853563e-01,3.2203965991e-01
1.0360000000e+00,1.7765290453e-01,3.4139056101e-01,3.2201108302e-01
1.0370000000e+00,1.7799445609e-01,3.4171255778e-01,3.2198245369e-01
1.0380000000e+00,1.7833632963e-01,3.4203452590e-01,3.2195377191e-01
1.0390000000e+00,1.7867852513e-01,3.4235646531e-01,3.2192503763e-01
1.0400000000e+00,1.7902104255e-01,3.4267837596e-01,3.2189625081e-01
1.0410000000e+00,1.7936388187e-01,3.4300025779e-01,3.2186741141e-01
1.0420000000e+00,1.7970704306e-01,3.4332211076e-01,3.2183851941e-01
1.0430000000e+00,1.8005052609e-01,3.4364393481e-01,3.2180957475e-01
1.0440000000e+00,1.8039433092e-01,3.4396572989e-01,3.2178057741e-01
1.0450000000e+00,1.8073845754e-01,3.4428749595e-01,3.2175152735e-01
1.0460000000e+00,1.8108290590e-01,3.4460923293e-01,3.2172242452e-01
1.0470000000e+00,1.8142767599e-01,3.4493094078e-01,3.2169326890e-01
1.0480000000e+00,1.8177276777e-01,3.4525261945e-01,3.2166406045e-01
1.0490000000e+00,1.8211818122e-01,3.4557426889e-01,3.2163479913e-01
1.0500000000e+00,1.8246391630e-01,3.4589588903e-01,3.2160548489e-01
1.0510000000e+00,1.8280997299e-01,3.4621747984e-01,3.2157611772e-01
1.0520000000e+00,1.8315635125e-01,3.4653904125e-01,3.2154669756e-01
1.0530000000e+00,1.8350305106e-01,3.4686057322e-01,3.2151722438e-01
1.0540000000e+00,1.8385007239e-01,3.4718207568e-01,3.2148769816e-01
1.0550000000e+00,1.8419741520e-01,3.4750354859e-01,3.2145811884e-01
1.0560000000e+00,1.8454507948e-01,3.4782499190e-01,3.2142848639e-01
1.0570000000e+00,1.8489306518e-01,3.4814640555e-01,3.2139880078e-01
1.0580000000e+00,1.8524137228e-01,3.4846778949e-01,3.2136906197e-01
1.0590000000e+00,1.8559000075e-01,3.4878914366e-01,3.2133926992e-01
1.0600000000e+00,1.8593895056e-01,3.4911046801e-01,3.2130942460e-01
1.0610000000e+00,1.8628822167e-01,3.4943176249e-01,3.2127952597e-01
1.0620000000e+00,1.8663781407e-01,3.4975302704e-01,3.2124957400e-01
1.0630000000e+00,1.8698772772e-01,3.5007426162e-01,3.2121956864e-01
1.0640000000e+00,1.8733796258e-01,3.5039546616e-01,3.2118950987e-01
1.0650000000e+00,1.8768851864e-01,3.5071664062e-01,3.2115939764e-01
1.0660000000e+00,1.8803939585e-01,3.5103778494e-01,3.2112923192e-01
1.0670000000e+00,1.8839059420e-01,3.5135889907e-01,3.2109901268e-01
1.0680000000e+00,1.8874211364e-01,3.5167998295e-01,3.2106873988e-01
1.0690000000e+00,1.8909395415e-01,3.5200103653e-01,3.2103841348e-01
1.0700000000e+00,1.8944611571e-01,3.5232205975e-01,3.2100803344e-01
1.0710000000e+00,1.8979859826e-01,3.5264305258e-01,3.2097759974e-01
1.0720000000e+00,1.9015140180e-01,3.5296401494e-01,3.2094711233e-01
1.0730000000e+00,1.9050452628e-01,3.5328494678e-01,3.2091657118e-01
1.0740000000e+00,1.9085797168e-01,3.5360584806e-01,3.2088597626e-01
1.0750000000e+00,1.9121173797e-01,3.5392671872e-01,3.2085532753e-01
1.0760000000e+00,1.9156582511e-01,3.5424755870e-01,3.2082462494e-01
1.0770000000e+00,1.9192023308e-01,3.5456836795e-01,3.2079386848e-01
1.0780000000e+00,1.9227496184e-01,3.5488914642e-01,3.2076305810e-01
1.0790000000e+00,1.9263001136e-01,3.5520989405e-01,3.2073219376e-01
1.0800000000e+00,1.9298538161e-01,3.5553061079e-01,3.2070127544e-01
1.0810000000e+00,1.9334107257e-01,3.5585129658e-01,3.2067030309e-01
1.0820000000e+00,1.9369708420e-01,3.5617195137e-01,3.2063927669e-01
1.0830000000e+00,1.9405341646e-01,3.5649257512e-01,3.2060819619e-01
1.0840000000e+00,1.9441006934e-01,3.5681316775e-01,3.2057706156e-01
1.0850000000e+00,1.9476704279e-01,3.5713372922e-01,3.2054587277e-01
1.0860000000e+00,1.9512433679e-01,3.5745425948e-01,3.2051462978e-01
1.0870000000e+00,1.9548195130e-01,3.5777475846e-01,3.2048333255e-01
1.0880000000e+00,1.9583988629e-01,3.5809522612e-01,3.2045198106e-01
1.0890000000e+00,1.9619814174e-01,3.5841566241e-01,3.2042057526e-01
1.0900000000e+00,1.9655671761e-01,3.5873606726e-01,3.2038911513e-01
1.0910000000e+00,1.9691561386e-01,3.5905644062e-01,3.2035760062e-01
1.0920000000e+00,1.9727483048e-01,3.5937678244e-01,3.2032603170e-01
1.0930000000e+00,1.9763436742e-01,3.5969709266e-01,3.2029440834e-01
1.0940000000e+00,1.9799422465e-01,3.6001737124e-01,3.2026273051e-01
1.0950000000e+00,1.9835440215e-01,3.6033761811e-01,3.2023099816e-01
1.0960000000e+00,1.9871489988e-01,3.6065783322e-01,3.2019921127e-01
1.0970000000e+00,1.9907571780e-01,3.6097801651e-01,3.2016736979e-01
1.0980000000e+00,1.9943685590e-01,3.6129816794e-01,3.2013547371e-01
1.0990000000e+00,1.9979831413e-01,3.6161828744e-01,3.2010352297e-01
1.1000000000e+00,2.0016009246e-01,3.6193837496e-01,3.2007151755e-01
1.1010000000e+00,2.0052219087e-01,3.6225843046e-01,3.2003945741e-01
1.1020000000e+00,2.0088460931e-01,3.6257845386e-01,3.2000734253e-01
1.1030000000e+00,2.0124734777e-01,3.6289844512e-01,3.1997517285e-01
1.1040000000e+00,2.0161040619e-01,3.6321840419e-01,3.1994294836e-01
1.1050000000e+00,2.0197378456e-01,3.6353833100e-01,3.1991066901e-01
1.1060000000e+00,2.0233748284e-01,3.6385822551e-01,3.1987833478e-01
1.1070000000e+00,2.0270150100e-01,3.6417808765e-01,3.1984594563e-01
1.1080000000e+00,2.0306583901e-01,3.6449791738e-01,3.1981350152e-01
1.1090000000e+00,2.0343049683e-01,3.6481771464e-01,3.1978100242e-01
1.1100000000e+00,2.0379547443e-01,3.6513747937e-01,3.1974844830e-01
1.1110000000e+00,2.0416077178e-01,3.6545721152e-01,3.1971583912e-01
1.1120000000e+00,2.0452638884e-01,3.6577691103e-01,3.1968317485e-01
1.1130000000e+00,2.0489232559e-01,3.6609657785e-01,3.1965045546e-01
1.1140000000e+00,2.0525858198e-01,3.6641621192e-01,3.1961768092e-01
1.1150000000e+00,2.0562515800e-01,3.6673581319e-01,3.1958485118e-01
1.1160000000e+00,2.0599205360e-01,3.6705538160e-01,3.1955196622e-01
1.1170000000e+00,2.0635926875e-01,3.6737491711e-01,3.1951902600e-01
1.1180000000e+00,2.0672680342e-01,3.6769441964e-01,3.1948603050e-01
1.1190000000e+00,2.0709465758e-01,3.6801388915e-01,3.1945297967e-01
1.1200000000e+00,2.0746283119e-01,3.6833332558e-01,3.1941987348e-01
1.1210000000e+00,2.0783132422e-01,3.6865272888e-01,3.1938671190e-01
1.1220000000e+00,2.0820013664e-01,3.6897209898e-01,3.1935349491e-01
1.1230000000e+00,2.0856926841e-01,3.6929143585e-01,3.1932022245e-01
1.1240000000e+00,2.0893871950e-01,3.6961073941e-01,3.1928689451e-01
1.1250000000e+00,2.0930848988e-01,3.6993000962e-01,3.1925351105e-01
1.1260000000e+00,2.0967857951e-01,3.7024924641e-01,3.1922007203e-01
1.1270000000e+00,2.1004898836e-01,3.7056844974e-01,3.1918657742e-01
1.1280000000e+00,2.1041971639e-01,3.7088761955e-01,3.1915302720e-01
1.1290000000e+00,2.1079076358e-01,3.7120675578e-01,3.1911942132e-01
1.1300000000e+00,2.1116212989e-01,3.7152585837e-01,3.1908575976e-01
1.1310000000e+00,2.1153381529e-01,3.7184492728e-01,3.1905204248e-01
1.1320000000e+00,2.1190581974e-01,3.7216396244e-01,3.1901826946e-01
1.1330000000e+00,2.1227814320e-01,3.7248296380e-01,3.1898444065e-01
1.1340000000e+00,2.1265078565e-01,3.7280193130e-01,3.1895055602e-01
1.1350000000e+00,2.1302374706e-01,3.7312086489e-01,3.1891661555e-01
1.1360000000e+00,2.1339702737e-01,3.7343976452e-01,3.1888261920e-01
1.1370000000e+00,2.1377062657e-01,3.7375863011e-01,3.1884856693e-01
1.1380000000e+00,2.1414454462e-01,3.7407746163e-01,3.1881445873e-01
1.1390000000e+00,2.1451878148e-01,3.7439625901e-01,3.1878029455e-01
1.1400000000e+00,2.1489333713e-01,3.7471502220e-01,3.1874607436e-01
1.1410000000e+00,2.1526821152e-01,3.7503375114e-01,3.1871179813e-01
1.1420000000e+00,2.1564340462e-01,3.7535244578e-01,3.1867746583e-01
1.1430000000e+00,2.1601891640e-01,3.7567110606e-01,3.1864307742e-01
1.1440000000e+00,2.1639474682e-01,3.7598973192e-01,3.1860863289e-01
1.1450000000e+00,2.1677089585e-01,3.7630832330e-01,3.1857413218e-01
1.1460000000e+00,2.1714736345e-01,3.7662688016e-01,3.1853957527e-01
1.1470000000e+00,2.1752414960e-01,3.7694540243e-01,3.1850496214e-01
1.1480000000e+00,2.1790125425e-01,3.7726389007e-01,3.1847029274e-01
1.1490000000e+00,2.1827867737e-01,3.7758234300e-01,3.1843556705e-01
1.1500000000e+00,2.1865641892e-01,3.7790076118e-01,3.1840078504e-01
1.1510000000e+00,2.1903447888e-01,3.7821914455e-01,3.1836594667e-01
1.1520000000e+00,2.1941285720e-01,3.7853749306e-01,3.1833105191e-01
1.1530000000e+00,2.1979155385e-01,3.7885580664e-01,3.1829610073e-01
1.1540000000e+00,2.2017056880e-01,3.7917408524e-01,3.1826109310e-01
1.1550000000e+00,2.2054990201e-01,3.7949232880e-01,3.1822602899e-01
1.1560000000e+00,2.2092955345e-01,3.7981053728e-01,3.1819090837e-01
1.1570000000e+00,2.2130952307e-01,3.8012871060e-01,3.1815573121e-01
1.1580000000e+00,2.2168981086e-01,3.8044684872e-01,3.1812049747e-01
1.1590000000e+00,2.2207041676e-01,3.8076495158e-01,3.1808520713e-01
1.1600000000e+00,2.2245134075e-01,3.8108301912e-01,3.1804986015e-01
1.1610000000e+00,2.2283258279e-01,3.8140105128e-01,3.1801445650e-01
1.1620000000e+00,2.2321414284e-01,3.8171904801e-01,3.1797899615e-01
1.1630000000e+00,2.2359602087e-01,3.8203700925e-01,3.1794347908e-01
1.1640000000e+00,2.2397821685e-01,3.8235493495e-01,3.1790790525e-01
1.1650000000e+00,2.2436073073e-01,3.8267282505e-01,3.1787227462e-01
1.1660000000e+00,2.2474356248e-01,3.8299067948e-01,3.1783658718e-01
1.1670000000e+00,2.2512671208e-01,3.8330849820e-01,3.1780084289e-01
1.1680000000e+00,2.2551017947e-01,3.8362628115e-01,3.1776504171e-01
1.1690000000e+00,2.2589396463e-01,3.8394402827e-01,3.1772918362e-01
1.1700000000e+00,2.2627806751e-01,3.8426173950e-01,3.1769326860e-01
1.1710000000e+00,2.2666248809e-01,3.8457941478e-01,3.1765729659e-01
1.1720000000e+00,2.2704722633e-01,3.8489705407e-01,3.1762126759e-01
1.1730000000e+00,2.2743228219e-01,3.8521465730e-01,3.1758518156e-01
1.1740000000e+00,2.2781765563e-01,3.8553222441e-01,3.1754903846e-01
1.1750000000e+00,2.2820334663e-01,3.8584975536e-01,3.1751283827e-01
1.1760000000e+00,2.2858935513e-01,3.8616725007e-01,3.1747658096e-01
1.1770000000e+00,2.2897568111e-01,3.8648470850e-01,3.1744026649e-01
1.1780000000e+00,2.2936232454e-01,3.8680213059e-01,3.1740389485e-01
1.1790000000e+00,2.2974928536e-01,3.8711951627e-01,3.1736746599e-01
1.1800000000e+00,2.3013656356e-01,3.8743686550e-01,3.1733097989e-01
1.1810000000e+00,2.3052415908e-01,3.8775417821e-01,3.1729443652e-01
1.1820000000e+00,2.3091207190e-01,3.8807145435e-01,3.1725783584e-01
1.1830000000e+00,2.3130030198e-01,3.8838869386e-01,3.1722117784e-01
1.1840000000e+00,2.3168884928e-01,3.8870589669e-01,3.1718446248e-01
1.1850000000e+00,2.3207771376e-01,3.8902306277e-01,3.1714768973e-01
1.1860000000e+00,2.3246689539e-01,3.8934019205e-01,3.1711085956e-01
1.1870000000e+00,2.3285639413e-01,3.8965728447e-01,3.1707397194e-01
1.1880000000e+00,2.3324620995e-01,3.8997433997e-01,3.1703702685e-01
1.1890000000e+00,2.3363634280e-01,3.9029135850e-01,3.1700002425e-01
1.1900000000e+00,2.3402679265e-01,3.9060834000e-01,3.1696296411e-01
1.1910000000e+00,2.3441755947e-01,3.9092528441e-01,3.1692584641e-01
1.1920000000e+00,2.3480864321e-01,3.9124219168e-01,3.1688867112e-01
1.1930000000e+00,2.3520004384e-01,3.9155906174e-01,3.1685143820e-01
1.1940000000e+00,2.3559176132e-01,3.9187589453e-01,3.1681414764e-01
1.1950000000e+00,2.3598379561e-01,3.9219269001e-01,3.1677679939e-01
1.1960000000e+00,2.3637614669e-01,3.9250944811e-01,3.1673939344e-01
1.1970000000e+00,2.3676881450e-01,3.9282616878e-01,3.1670192974e-01
1.1980000000e+00,2.3716179901e-01,3.9314285195e-01,3.1666440829e-01
1.1990000000e+00,2.3755510019e-01,3.9345949758e-01,3.1662682903e-01
1.2000000000e+00,2.3794871799e-01,3.9377610559e-01,3.1658919196e-01
1.2010000000e+00,2.3834265239e-01,3.9409267594e-01,3.1655149703e-01
1.2020000000e+00,2.3873690333e-01,3.9440920857e-01,3.1651374423e-01
1.2030000000e+00,2.3913147079e-01,3.9472570341e-01,3.1647593351e-01
1.2040000000e+00,2.3952635473e-01,3.9504216042e-01,3.1643806486e-01
1.2050000000e+00,2.3992155510e-01,3.9535857952e-01,3.1640013825e-01
1.2060000000e+00,2.4031707187e-01,3.9567496067e-01,3.1636215364e-01
1.2070000000e+00,2.4071290501e-01,3.9599130381e-01,3.1632411101e-01
1.2080000000e+00,2.4110905447e-01,3.9630760888e-01,3.1628601033e-01
1.2090000000e+00,2.4150552021e-01,3.9662387581e-01,3.1624785158e-01
1.2100000000e+00,2.4190230221e-01,3.9694010456e-01,3.1620963472e-01
1.2110000000e+00,2.4229940041e-01,3.9725629506e-01,3.1617135973e-01
1.2120000000e+00,2.4269681479e-01,3.9757244726e-01,3.1613302658e-01
1.2130000000e+00,2.4309454529e-01,3.9788856109e-01,3.1609463524e-01
1.2140000000e+00,2.4349259189e-01,3.9820463651e-01,3.1605618569e-01
1.2150000000e+00,2.4389095455e-01,3.9852067345e-01,3.1601767790e-01
1.2160000000e+00,2.4428963323e-01,3.9883667185e-01,3.1597911183e-01
1.2170000000e+00,2.4468862788e-01,3.9915263165e-01,3.1594048747e-01
1.2180000000e+00,2.4508793848e-01,3.9946855280e-01,3.1590180478e-01
1.2190000000e+00,2.4548756498e-01,3.9978443524e-01,3.1586306373e-01
1.2200000000e+00,2.4588750734e-01,4.0010027891e-01,3.1582426431e-01
1.2210000000e+00,2.4628776552e-01,4.0041608375e-01,3.1578540648e-01
1.2220000000e+00,2.4668833949e-01,4.0073184970e-01,3.1574649022e-01
1.2230000000e+00,2.4708922921e-01,4.0104757671e-01,3.1570751550e-01
1.2240000000e+00,2.4749043463e-01,4.0136326471e-01,3.1566848229e-01
1.2250000000e+00,2.4789195572e-01,4.0167891366e-01,3.1562939056e-01
1.2260000000e+00,2.4829379245e-01,4.0199452348e-01,3.1559024029e-01
1.2270000000e+00,2.4869594476e-01,4.0231009412e-01,3.1555103145e-01
1.2280000000e+00,2.4909841262e-01,4.0262562552e-01,3.1551176402e-01
1.2290000000e+00,2.4950119600e-01,4.0294111763e-01,3.1547243796e-01
1.2300000000e+00,2.4990429484e-01,4.0325657038e-01,3.1543305326e-01
1.2310000000e+00,2.5030770912e-01,4.0357198371e-01,3.1539360988e-01
1.2320000000e+00,2.5071143880e-01,4.0388735758e-01,3.1535410780e-01
1.2330000000e+00,2.5111548383e-01,4.0420269191e-01,3.1531454699e-01
1.2340000000e+00,2.5151984417e-01,4.0451798665e-01,3.1527492742e-01
1.2350000000e+00,2.5192451979e-01,4.0483324174e-01,3.1523524908e-01
1.2360000000e+00,2.5232951064e-01,4.0514845713e-01,3.1519551193e-01
1.2370000000e+00,2.5273481669e-01,4.0546363275e-01,3.1515571594e-01
1.2380000000e+00,2.5314043789e-01,4.0577876854e-01,3.1511586110e-01
1.2390000000e+00,2.5354637421e-01,4.0609386445e-01,3.1507594737e-01
1.2400000000e+00,2.5395262561e-01,4.0640892042e-01,3.1503597472e-01
1.2410000000e+00,2.5435919204e-01,4.0672393638e-01,3.1499594314e-01
1.2420000000e+00,2.5476607347e-01,4.0703891228e-01,3.1495585260e-01
1.2430000000e+00,2.5517326985e-01,4.0735384807e-01,3.1491570307e-01
1.2440000000e+00,2.5558078115e-01,4.0766874367e-01,3.1487549452e-01
1.2450000000e+00,2.5598860732e-01,4.0798359904e-01,3.1483522694e-01
1.2460000000e+00,2.5639674833e-01,4.0829841410e-01,3.1479490028e-01
1.2470000000e+00,2.5680520414e-01,4.0861318882e-01,3.1475451454e-01
1.2480000000e+00,2.5721397470e-01,4.0892792311e-01,3.1471406968e-01
1.2490000000e+00,2.5762305997e-01,4.0924261694e-01,3.1467356567e-01
1.2500000000e+00,2.5803245992e-01,4.0955727023e-01,3.1463300250e-01
1.2510000000e+00,2.5844217450e-01,4.0987188292e-01,3.1459238014e-01
1.2520000000e+00,2.5885220367e-01,4.1018645497e-01,3.1455169856e-01
1.2530000000e+00,2.5926254739e-01,4.1050098630e-01,3.1451095773e-01
1.2540000000e+00,2.5967320563e-01,4.1081547686e-01,3.1447015763e-01
1.2550000000e+00,2.6008417833e-01,4.1112992659e-01,3.1442929825e-01
1.2560000000e+00,2.6049546547e-01,4.1144433544e-01,3.1438837954e-01
1.2570000000e+00,2.6090706699e-01,4.1175870333e-01,3.1434740149e-01
1.2580000000e+00,2.6131898286e-01,4.1207303022e-01,3.1430636407e-01
1.2590000000e+00,2.6173121304e-01,4.1238731604e-01,3.1426526726e-01
1.2600000000e+00,2.6214375748e-01,4.1270156074e-01,3.1422411104e-01
1.2610000000e+00,2.6255661615e-01,4.1301576424e-01,3.1418289537e-01
1.2620000000e+00,2.6296978899e-01,4.1332992651e-01,3.1414162023e-01
1.2630000000e+00,2.6338327598e-01,4.1364404746e-01,3.1410028560e-01
1.2640000000e+00,2.6379707708e-01,4.1395812706e-01,3.1405889146e-01
1.2650000000e+00,2.6421119223e-01,4.1427216523e-01,3.1401743778e-01
1.2660000000e+00,2.6462562139e-01,4.1458616191e-01,3.1397592453e-01
1.2670000000e+00,2.6504036454e-01,4.1490011706e-01,3.1393435169e-01
1.2680000000e+00,2.6545542161e-01,4.1521403060e-01,3.1389271925e-01
1.2690000000e+00,2.6587079258e-01,4.1552790248e-01,3.1385102716e-01
1.2700000000e+00,2.6628647740e-01,4.1584173263e-01,3.1380927542e-01
1.2710000000e+00,2.6670247603e-01,4.1615552101e-01,3.1376746399e-01
1.2720000000e+00,2.6711878843e-01,4.1646926754e-01,3.1372559285e-01
1.2730000000e+00,2.6753541455e-01,4.1678297217e-01,3.1368366198e-01
1.2740000000e+00,2.6795235436e-01,4.1709663484e-01,3.1364167135e-01
1.2750000000e+00,2.6836960781e-01,4.1741025550e-01,3.1359962095e-01
1.2760000000e+00,2.6878717486e-01,4.1772383407e-01,3.1355751074e-01
1.2770000000e+00,2.6920505546e-01,4.1803737050e-01,3.1351534070e-01
1.2780000000e+00,2.6962324959e-01,4.1835086473e-01,3.1347311082e-01
1.2790000000e+00,2.7004175718e-01,4.1866431670e-01,3.1343082106e-01
1.2800000000e+00,2.7046057821e-01,4.1897772635e-01,3.1338847140e-01
1.2810000000e+00,2.7087971262e-01,4.1929109362e-01,3.1334606182e-01
1.2820000000e+00,2.7129916038e-01,4.1960441845e-01,3.1330359230e-01
1.2830000000e+00,2.7171892144e-01,4.1991770079e-01,3.1326106281e-01
1.2840000000e+00,2.7213899577e-01,4.2023094056e-01,3.1321847333e-01
1.2850000000e+00,2.7255938331e-01,4.2054413771e-01,3.1317582384e-01
1.2860000000e+00,2.7298008403e-01,4.2085729219e-01,3.1313311432e-01
1.2870000000e+00,2.7340109788e-01,4.2117040392e-01,3.1309034473e-01
1.2880000000e+00,2.7382242482e-01,4.2148347286e-01,3.1304751507e-01
1.2890000000e+00,2.7424406481e-01,4.2179649893e-01,3.1300462529e-01
1.2900000000e+00,2.7466601780e-01,4.2210948209e-01,3.1296167540e-01
1.2910000000e+00,2.7508828376e-01,4.2242242226e-01,3.1291866535e-01
1.2920000000e+00,2.7551086263e-01,4.2273531940e-01,3.1287559513e-01
1.2930000000e+00,2.7593375438e-01,4.2304817343e-01,3.1283246472e-01
1.2940000000e+00,2.7635695897e-01,4.2336098431e-01,3.1278927409e-01
1.2950000000e+00,2.7678047634e-01,4.2367375196e-01,3.1274602322e-01
1.2960000000e+00,2.7720430646e-01,4.2398647633e-01,3.1270271209e-01
1.2970000000e+00,2.7762844928e-01,4.2429915736e-01,3.1265934067e-01
1.2980000000e+00,2.7805290476e-01,4.2461179499e-01,3.1261590895e-01
1.2990000000e+00,2.7847767285e-01,4.2492438916e-01,3.1257241690e-01
1.3000000000e+00,2.7890275352e-01,4.2523693981e-01,3.1252886450e-01
1.3010000000e+00,2.7932814672e-01,4.2554944687e-01,3.1248525173e-01
1.3020000000e+00,2.7975385240e-01,4.2586191029e-01,3.1244157857e-01
1.3030000000e+00,2.8017987052e-01,4.2617433001e-01,3.1239784499e-01
1.3040000000e+00,2.8060620104e-01,4.2648670596e-01,3.1235405098e-01
1.3050000000e+00,2.8103284392e-01,4.2679903809e-01,3.1231019650e-01
1.3060000000e+00,2.8145979911e-01,4.2711132633e-01,3.1226628155e-01
1.3070000000e+00,2.8188706656e-01,4.2742357063e-01,3.1222230609e-01
1.3080000000e+00,2.8231464623e-01,4.2773577093e-01,3.1217827011e-01
1.3090000000e+00,2.8274253809e-01,4.2804792715e-01,3.1213417358e-01
1.3100000000e+00,2.8317074207e-01,4.2836003925e-01,3.1209001649e-01
1.3110000000e+00,2.8359925815e-01,4.2867210717e-01,3.1204579882e-01
1.3120000000e+00,2.8402808627e-01,4.2898413083e-01,3.1200152053e-01
1.3130000000e+00,2.8445722640e-01,4.2929611019e-01,3.1195718161e-01
1.3140000000e+00,2.8488667848e-01,4.2960804517e-01,3.1191278205e-01
1.3150000000e+00,2.8531644247e-01,4.2991993573e-01,3.1186832181e-01
1.3160000000e+00,2.8574651833e-01,4.3023178180e-01,3.1182380088e-01
1.3170000000e+00,2.8617690602e-01,4.3054358331e-01,3.1177921924e-01
1.3180000000e+00,2.8660760549e-01,4.3085534021e-01,3.1173457686e-01
1.3190000000e+00,2.8703861669e-01,4.3116705245e-01,3.1168987373e-01
1.3200000000e+00,2.8746993958e-01,4.3147871994e-01,3.1164510982e-01
1.3210000000e+00,2.8790157411e-01,4.3179034264e-01,3.1160028512e-01
1.3220000000e+00,2.8833352025e-01,4.3210192049e-01,3.1155539961e-01
1.3230000000e+00,2.8876577794e-01,4.3241345342e-01,3.1151045325e-01
1.3240000000e+00,2.8919834714e-01,4.3272494138e-01,3.1146544604e-01
1.3250000000e+00,2.8963122780e-01,4.3303638430e-01,3.1142037795e-01
1.3260000000e+00,2.9006441989e-01,4.3334778211e-01,3.1137524897e-01
1.3270000000e+00,2.9049792335e-01,4.3365913477e-01,3.1133005906e-01
1.3280000000e+00,2.9093173815e-01,4.3397044221e-01,3.1128480822e-01
1.3290000000e+00,2.9136586422e-01,4.3428170437e-01,3.1123949643e-01
1.3300000000e+00,2.9180030154e-01,4.3459292118e-01,3.1119412365e-01
1.3310000000e+00,2.9223505005e-01,4.3490409260e-01,3.1114868988e-01
1.3320000000e+00,2.9267010971e-01,4.3521521854e-01,3.1110319509e-01
1.3330000000e+00,2.9310548047e-01,4.3552629897e-01,3.1105763927e-01
1.3340000000e+00,2.9354116229e-01,4.3583733380e-01,3.1101202239e-01
1.3350000000e+00,2.9397715512e-01,4.3614832299e-01,3.1096634443e-01
1.3360000000e+00,2.9441345892e-01,4.3645926647e-01,3.1092060538e-01
1.3370000000e+00,2.9485007364e-01,4.3677016418e-01,3.1087480521e-01
1.3380000000e+00,2.9528699924e-01,4.3708101606e-01,3.1082894391e-01
1.3390000000e+00,2.9572423566e-01,4.3739182205e-01,3.1078302146e-01
1.3400000000e+00,2.9616178287e-01,4.3770258208e-01,3.1073703784e-01
1.3410000000e+00,2.9659964081e-01,4.3801329610e-01,3.1069099302e-01
1.3420000000e+00,2.9703780944e-01,4.3832396405e-01,3.1064488699e-01
1.3430000000e+00,2.9747628872e-01,4.3863458586e-01,3.1059871974e-01
1.3440000000e+00,2.9791507860e-01,4.3894516147e-01,3.1055249123e-01
1.3450000000e+00,2.9835417903e-01,4.3925569082e-01,3.1050620146e-01
1.3460000000e+00,2.9879358996e-01,4.3956617385e-01,3.1045985040e-01
1.3470000000e+00,2.9923331136e-01,4.3987661050e-01,3.1041343804e-01
1.3480000000e+00,2.9967334317e-01,4.4018700071e-01,3.1036696436e-01
1.3490000000e+00,3.0011368535e-01,4.4049734441e-01,3.1032042933e-01
1.3500000000e+00,3.0055433784e-01,4.4080764154e-01,3.1027383294e-01
1.3510000000e+00,3.0099530061e-01,4.4111789205e-01,3.1022717518e-01
1.3520000000e+00,3.0143657361e-01,4.4142809587e-01,3.1018045601e-01
1.3530000000e+00,3.0187815679e-01,4.4173825294e-01,3.1013367544e-01
1.3540000000e+00,3.0232005010e-01,4.4204836320e-01,3.1008683343e-01
1.3550000000e+00,3.0276225350e-01,4.4235842659e-01,3.1003992996e-01
1.3560000000e+00,3.0320476694e-01,4.4266844304e-01,3.0999296503e-01
1.3570000000e+00,3.0364759037e-01,4.4297841250e-01,3.0994593861e-01
1.3580000000e+00,3.0409072375e-01,4.4328833490e-01,3.0989885069e-01
1.3590000000e+00,3.0453416703e-01,4.4359821018e-01,3.0985170124e-01
1.3600000000e+00,3.0497792015e-01,4.4390803828e-01,3.0980449025e-01
1.3610000000e+00,3.0542198309e-01,4.4421781914e-01,3.0975721771e-01
1.3620000000e+00,3.0586635578e-01,4.4452755270e-01,3.0970988358e-01
1.3630000000e+00,3.0631103818e-01,4.4483723889e-01,3.0966248787e-01
1.3640000000e+00,3.0675603024e-01,4.4514687765e-01,3.0961503054e-01
1.3650000000e+00,3.0720133192e-01,4.4545646893e-01,3.0956751158e-01
1.3660000000e+00,3.0764694316e-01,4.4576601266e-01,3.0951993098e-01
1.3670000000e+00,3.0809286392e-01,4.4607550877e-01,3.0947228872e-01
1.3680000000e+00,3.0853909416e-01,4.4638495721e-01,3.0942458477e-01
1.3690000000e+00,3.0898563382e-01,4.4669435792e-01,3.0937681913e-01
1.3700000000e+00,3.0943248286e-01,4.4700371083e-01,3.0932899177e-01
1.3710000000e+00,3.0987964123e-01,4.4731301588e-01,3.0928110269e-01
1.3720000000e+00,3.1032710888e-01,4.4762227301e-01,3.0923315185e-01
1.3730000000e+00,3.1077488576e-01,4.4793148217e-01,3.0918513925e-01
1.3740000000e+00,3.1122297183e-01,4.4824064327e-01,3.0913706487e-01
1.3750000000e+00,3.1167136703e-01,4.4854975627e-01,3.0908892869e-01
1.3760000000e+00,3.1212007132e-01,4.4885882111e-01,3.0904073070e-01
1.3770000000e+00,3.1256908466e-01,4.4916783772e-01,3.0899247087e-01
1.3780000000e+00,3.1301840698e-01,4.4947680603e-01,3.0894414920e-01
1.3790000000e+00,3.1346803825e-01,4.4978572599e-01,3.0889576566e-01
1.3800000000e+00,3.1391797842e-01,4.5009459754e-01,3.0884732024e-01
1.3810000000e+00,3.1436822743e-01,4.5040342061e-01,3.0879881293e-01
1.3820000000e+00,3.1481878524e-01,4.5071219515e-01,3.0875024370e-01
1.3830000000e+00,3.1526965180e-01,4.5102092108e-01,3.0870161255e-01
1.3840000000e+00,3.1572082707e-01,4.5132959835e-01,3.0865291945e-01
1.3850000000e+00,3.1617231099e-01,4.5163822690e-01,3.0860416439e-01
1.3860000000e+00,3.1662410351e-01,4.5194680666e-01,3.0855534735e-01
1.3870000000e+00,3.1707620458e-01,4.5225533757e-01,3.0850646832e-01
1.3880000000e+00,3.1752861416e-01,4.5256381957e-01,3.0845752728e-01
1.3890000000e+00,3.1798133221e-01,4.5287225261e-01,3.0840852422e-01
1.3900000000e+00,3.1843435865e-01,4.5318063660e-01,3.0835945912e-01
1.3910000000e+00,3.1888769346e-01,4.5348897150e-01,3.0831033197e-01
1.3920000000e+00,3.1934133658e-01,4.5379725725e-01,3.0826114275e-01
1.3930000000e+00,3.1979528796e-01,4.5410549377e-01,3.0821189144e-01
1.3940000000e+00,3.2024954755e-01,4.5441368101e-01,3.0816257803e-01
1.3950000000e+00,3.2070411531e-01,4.5472181890e-01,3.0811320251e-01
1.3960000000e+00,3.2115899117e-01,4.5502990739e-01,3.0806376486e-01
1.3970000000e+00,3.2161417510e-01,4.5533794641e-01,3.0801426506e-01
1.3980000000e+00,3.2206966705e-01,4.5564593590e-01,3.0796470310e-01
1.3990000000e+00,3.2252546696e-01,4.5595387580e-01,3.0791507896e-01
1.4000000000e+00,3.2298157478e-01,4.5626176604e-01,3.0786539264e-01
1.4010000000e+00,3.2343799047e-01,4.5656960656e-01,3.0781564411e-01
1.4020000000e+00,3.2389471398e-01,4.5687739731e-01,3.0776583336e-01
1.4030000000e+00,3.2435174525e-01,4.5718513821e-01,3.0771596038e-01
1.4040000000e+00,3.2480908424e-01,4.5749282921e-01,3.0766602515e-01
1.4050000000e+00,3.2526673089e-01,4.5780047024e-01,3.0761602765e-01
1.4060000000e+00,3.2572468516e-01,4.5810806124e-01,3.0756596788e-01
1.4070000000e+00,3.2618294700e-01,4.5841560215e-01,3.0751584582e-01
1.4080000000e+00,3.2664151635e-01,4.5872309291e-01,3.0746566145e-01
1.4090000000e+00,3.2710039317e-01,4.5903053345e-01,3.0741541476e-01
1.4100000000e+00,3.2755957740e-01,4.5933792372e-01,3.0736510574e-01
1.4110000000e+00,3.2801906900e-01,4.5964526365e-01,3.0731473438e-01
1.4120000000e+00,3.2847886791e-01,4.5995255317e-01,3.0726430065e-01
1.4130000000e+00,3.2893897409e-01,4.6025979223e-01,3.0721380454e-01
1.4140000000e+00,3.2939938748e-01,4.6056698076e-01,3.0716324605e-01
1.4150000000e+00,3.2986010803e-01,4.6087411870e-01,3.0711262515e-01
1.4160000000e+00,3.3032113570e-01,4.6118120599e-01,3.0706194184e-01
1.4170000000e+00,3.3078247043e-01,4.6148824256e-01,3.0701119610e-01
1.4180000000e+00,3.3124411217e-01,4.6179522836e-01,3.0696038791e-01
1.4190000000e+00,3.3170606087e-01,4.6210216332e-01,3.0690951727e-01
1.4200000000e+00,3.3216831648e-01,4.6240904737e-01,3.0685858416e-01
1.4210000000e+00,3.3263087895e-01,4.6271588046e-01,3.0680758857e-01
1.4220000000e+00,3.3309374822e-01,4.6302266253e-01,3.0675653048e-01
1.4230000000e+00,3.3355692425e-01,4.6332939350e-01,3.0670540988e-01
1.4240000000e+00,3.3402040699e-01,4.6363607333e-01,3.0665422676e-01
1.4250000000e+00,3.3448419638e-01,4.6394270194e-01,3.0660298111e-01
1.4260000000e+00,3.3494829238e-01,4.6424927927e-01,3.0655167291e-01
1.4270000000e+00,3.3541269493e-01,4.6455580526e-01,3.0650030214e-01
1.4280000000e+00,3.3587740397e-01,4.6486227985e-01,3.0644886881e-01
1.4290000000e+00,3.3634241947e-01,4.6516870298e-01,3.0639737289e-01
1.4300000000e+00,3.3680774136e-01,4.6547507458e-01,3.0634581437e-01
1.4310000000e+00,3.3727336960e-01,4.6578139459e-01,3.0629419324e-01
1.4320000000e+00,3.3773930413e-01,4.6608766294e-01,3.0624250949e-01
1.4330000000e+00,3.3820554491e-01,4.6639387958e-01,3.0619076311e-01
1.4340000000e+00,3.3867209188e-01,4.6670004445e-01,3.0613895408e-01
1.4350000000e+00,3.3913894498e-01,4.6700615747e-01,3.0608708238e-01
1.4360000000e+00,3.3960610417e-01,4.6731221859e-01,3.0603514802e-01
1.4370000000e+00,3.4007356940e-01,4.6761822775e-01,3.0598315098e-01
1.4380000000e+00,3.4054134061e-01,4.6792418487e-01,3.0593109124e-01
1.4390000000e+00,3.4100941775e-01,4.6823008991e-01,3.0587896879e-01
1.4400000000e+00,3.4147780077e-01,4.6853594279e-01,3.0582678362e-01
1.4410000000e+00,3.4194648962e-01,4.6884174345e-01,3.0577453573e-01
1.4420000000e+00,3.4241548424e-01,4.6914749184e-01,3.0572222509e-01
1.4430000000e+00,3.4288478459e-01,4.6945318788e-01,3.0566985170e-01
1.4440000000e+00,3.4335439060e-01,4.6975883152e-01,3.0561741554e-01
1.4450000000e+00,3.4382430223e-01,4.7006442269e-01,3.0556491661e-01
1.4460000000e+00,3.4429451943e-01,4.7036996133e-01,3.0551235490e-01
1.4470000000e+00,3.4476504214e-01,4.7067544738e-01,3.0545973038e-01
1.4480000000e+00,3.4523587031e-01,4.7098088077e-01,3.0540704306e-01
1.4490000000e+00,3.4570700388e-01,4.7128626145e-01,3.0535429291e-01
1.4500000000e+00,3.4617844281e-01,4.7159158934e-01,3.0530147993e-01
1.4510000000e+00,3.4665018704e-01,4.7189686439e-01,3.0524860412e-01
1.4520000000e+00,3.4712223652e-01,4.7220208653e-01,3.0519566545e-01
1.4530000000e+00,3.4759459120e-01,4.7250725570e-01,3.0514266391e-01
1.4540000000e+00,3.4806725102e-01,4.7281237183e-01,3.0508959950e-01
1.4550000000e+00,3.4854021592e-01,4.7311743487e-01,3.0503647221e-01
1.4560000000e+00,3.4901348587e-01,4.7342244476e-01,3.0498328202e-01
1.4570000000e+00,3.4948706080e-01,4.7372740142e-01,3.0493002893e-01
1.4580000000e+00,3.4996094065e-01,4.7403230479e-01,3.0487671292e-01
1.4590000000e+00,3.5043512539e-01,4.7433715482e-01,3.0482333398e-01
1.4600000000e+00,3.5090961495e-01,4.7464195144e-01,3.0476989211e-01
1.4610000000e+00,3.5138440927e-01,4.7494669459e-01,3.0471638729e-01
1.4620000000e+00,3.5185950832e-01,4.7525138419e-01,3.0466281952e-01
1.4630000000e+00,3.5233491202e-01,4.7555602020e-01,3.0460918878e-01
1.4640000000e+00,3.5281062034e-01,4.7586060255e-01,3.0455549507e-01
1.4650000000e+00,3.5328663321e-01,4.7616513117e-01,3.0450173836e-01
1.4660000000e+00,3.5376295058e-01,4.7646960601e-01,3.0444791867e-01
1.4670000000e+00,3.5423957240e-01,4.7677402699e-01,3.0439403597e-01
1.4680000000e+00,3.5471649862e-01,4.7707839406e-01,3.0434009025e-01
1.4690000000e+00,3.5519372917e-01,4.7738270715e-01,3.0428608151e-01
1.4700000000e+00,3.5567126402e-01,4.7768696620e-01,3.0423200974e-01
1.4710000000e+00,3.5614910309e-01,4.7799117115e-01,3.0417787493e-01
1.4720000000e+00,3.5662724634e-01,4.7829532193e-01,3.0412367706e-01
1.4730000000e+00,3.5710569371e-01,4.7859941848e-01,3.0406941613e-01
1.4740000000e+00,3.5758444516e-01,4.7890346074e-01,3.0401509214e-01
1.4750000000e+00,3.5806350062e-01,4.7920744864e-01,3.0396070506e-01
1.4760000000e+00,3.5854286004e-01,4.7951138213e-01,3.0390625490e-01
1.4770000000e+00,3.5902252336e-01,4.7981526113e-01,3.0385174164e-01
1.4780000000e+00,3.5950249054e-01,4.8011908559e-01,3.0379716528e-01
1.4790000000e+00,3.5998276152e-01,4.8042285544e-01,3.0374252580e-01
1.4800000000e+00,3.6046333623e-01,4.8072657062e-01,3.0368782320e-01
1.4810000000e+00,3.6094421464e-01,4.8103023107e-01,3.0363305747e-01
1.4820000000e+00,3.6142539668e-01,4.8133383671e-01,3.0357822860e-01
1.4830000000e+00,3.6190688230e-01,4.8163738750e-01,3.0352333659e-01
1.4840000000e+00,3.6238867144e-01,4.8194088337e-01,3.0346838142e-01
1.4850000000e+00,3.6287076404e-01,4.8224432424e-01,3.0341336308e-01
1.4860000000e+00,3.6335316007e-01,4.8254771007e-01,3.0335828158e-01
1.4870000000e+00,3.6383585945e-01,4.8285104079e-01,3.0330313689e-01
1.4880000000e+00,3.6431886213e-01,4.8315431632e-01,3.0324792902e-01
1.4890000000e+00,3.6480216806e-01,4.8345753662e-01,3.0319265795e-01
1.4900000000e+00,3.6528577718e-01,4.8376070162e-01,3.0313732367e-01
1.4910000000e+00,3.6576968944e-01,4.8406381125e-01,3.0308192619e-01
1.4920000000e+00,3.6625390479e-01,4.8436686545e-01,3.0302646549e-01
1.4930000000e+00,3.6673842316e-01,4.8466986416e-01,3.0297094156e-01
1.4940000000e+00,3.6722324450e-01,4.8497280731e-01,3.0291535440e-01
1.4950000000e+00,3.6770836875e-01,4.8527569485e-01,3.0285970400e-01
1.4960000000e+00,3.6819379587e-01,4.8557852670e-01,3.0280399035e-01
1.4970000000e+00,3.6867952579e-01,4.8588130281e-01,3.0274821345e-01
1.4980000000e+00,3.6916555846e-01,4.8618402311e-01,3.0269237328e-01
1.4990000000e+00,3.6965189382e-01,4.8648668753e-01,3.0263646985e-01
1.5000000000e+00,3.7013853181e-01,4.8678929602e-01,3.0258050313e-01
1.5010000000e+00,3.7062547239e-01,4.8709184852e-01,3.0252447314e-01
1.5020000000e+00,3.7111271549e-01,4.8739434495e-01,3.0246837986e-01
1.5030000000e+00,3.7160026106e-01,4.8769678526e-01,3.0241222328e-01
1.5040000000e+00,3.7208810904e-01,4.8799916938e-01,3.0235600339e-01
1.5050000000e+00,3.7257625938e-01,4.8830149724e-01,3.0229972020e-01
1.5060000000e+00,3.7306471202e-01,4.8860376879e-01,3.0224337369e-01
1.5070000000e+00,3.7355346690e-01,4.8890598397e-01,3.0218696386e-01
1.5080000000e+00,3.7404252397e-01,4.8920814270e-01,3.0213049070e-01
1.5090000000e+00,3.7453188317e-01,4.8951024493e-01,3.0207395421e-01
1.5100000000e+00,3.7502154444e-01,4.8981229059e-01,3.0201735437e-01
1.5110000000e+00,3.7551150773e-01,4.9011427962e-01,3.0196069119e-01
1.5120000000e+00,3.7600177298e-01,4.9041621195e-01,3.0190396466e-01
1.5130000000e+00,3.7649234013e-01,4.9071808752e-01,3.0184717476e-01
1.5140000000e+00,3.7698320913e-01,4.9101990628e-01,3.0179032151e-01
1.5150000000e+00,3.7747437993e-01,4.9132166815e-01,3.0173340488e-01
1.5160000000e+00,3.7796585245e-01,4.9162337307e-01,3.0167642487e-01
1.5170000000e+00,3.7845762665e-01,4.9192502098e-01,3.0161938149e-01
1.5180000000e+00,3.7894970247e-01,4.9222661181e-01,3.0156227472e-01
1.5190000000e+00,3.7944207986e-01,4.9252814550e-01,3.0150510455e-01
1.5200000000e+00,3.7993475875e-01,4.9282962200e-01,3.0144787099e-01
1.5210000000e+00,3.8042773908e-01,4.9313104122e-01,3.0139057403e-01
1.5220000000e+00,3.8092102081e-01,4.9343240312e-01,3.0133321365e-01
1.5230000000e+00,3.8141460387e-01,4.9373370763e-01,3.0127578987e-01
1.5240000000e+00,3.8190848821e-01,4.9403495468e-01,3.0121830267e-01
1.5250000000e+00,3.8240267376e-01,4.9433614421e-01,3.0116075204e-01
1.5260000000e+00,3.8289716048e-01,4.9463727616e-01,3.0110313799e-01
1.5270000000e+00,3.8339194829e-01,4.9493835047e-01,3.0104546050e-01
1.5280000000e+00,3.8388703716e-01,4.9523936706e-01,3.0098771958e-01
1.5290000000e+00,3.8438242701e-01,4.9554032589e-01,3.0092991522e-01
1.5300000000e+00,3.8487811779e-01,4.9584122687e-01,3.0087204741e-01
1.5310000000e+00,3.8537410944e-01,4.9614206996e-01,3.0081411615e-01
1.5320000000e+00,3.8587040191e-01,4.9644285509e-01,3.0075612144e-01
1.5330000000e+00,3.8636699513e-01,4.9674358218e-01,3.0069806326e-01
1.5340000000e+00,3.8686388906e-01,4.9704425119e-01,3.0063994163e-01
1.5350000000e+00,3.8736108362e-01,4.9734486204e-01,3.0058175652e-01
1.5360000000e+00,3.8785857876e-01,4.9764541468e-01,3.0052350795e-01
1.5370000000e+00,3.8835637443e-01,4.9794590904e-01,3.0046519590e-01
1.5380000000e+00,3.8885447056e-01,4.9824634505e-01,3.0040682038e-01
1.5390000000e+00,3.8935286710e-01,4.9854672266e-01,3.0034838137e-01
1.5400000000e+00,3.8985156398e-01,4.9884704179e-01,3.0028987887e-01
1.5410000000e+00,3.9035056116e-01,4.9914730240e-01,3.0023131289e-01
1.5420000000e+00,3.9084985857e-01,4.9944750440e-01,3.0017268341e-01
1.5430000000e+00,3.9134945615e-01,4.9974764774e-01,3.0011399043e-01
1.5440000000e+00,3.9184935385e-01,5.0004773236e-01,3.0005523396e-01
1.5450000000e+00,3.9234955160e-01,5.0034775819e-01,2.9999641398e-01
1.5460000000e+00,3.9285004934e-01,5.0064772517e-01,2.9993753050e-01
1.5470000000e+00,3.9335084703e-01,5.0094763323e-01,2.9987858351e-01
1.5480000000e+00,3.9385194459e-01,5.0124748231e-01,2.9981957300e-01
1.5490000000e+00,3.9435334197e-01,5.0154727235e-01,2.9976049899e-01
1.5500000000e+00,3.9485503911e-01,5.0184700329e-01,2.9970136145e-01
1.5510000000e+00,3.9535703596e-01,5.0214667505e-01,2.9964216039e-01
1.5520000000e+00,3.9585933244e-01,5.0244628759e-01,2.9958289581e-01
1.5530000000e+00,3.9636192851e-01,5.0274584083e-01,2.9952356771e-01
1.5540000000e+00,3.9686482411e-01,5.0304533470e-01,2.9946417607e-01
1.5550000000e+00,3.9736801916e-01,5.0334476916e-01,2.9940472091e-01
1.5560000000e+00,3.9787151362e-01,5.0364414412e-01,2.9934520221e-01
1.5570000000e+00,3.9837530743e-01,5.0394345954e-01,2.9928561998e-01
1.5580000000e+00,3.9887940052e-01,5.0424271534e-01,2.9922597421e-01
1.5590000000e+00,3.9938379284e-01,5.0454191147e-01,2.9916626490e-01
1.5600000000e+00,3.9988848433e-01,5.0484104785e-01,2.9910649205e-01
1.5610000000e+00,4.0039347492e-01,5.0514012443e-01,2.9904665566e-01
1.5620000000e+00,4.0089876456e-01,5.0543914114e-01,2.9898675572e-01
1.5630000000e+00,4.0140435318e-01,5.0573809792e-01,2.9892679224e-01
1.5640000000e+00,4.0191024073e-01,5.0603699470e-01,2.9886676520e-01
1.5650000000e+00,4.0241642715e-01,5.0633583143e-01,2.9880667462e-01
1.5660000000e+00,4.0292291237e-01,5.0663460803e-01,2.9874652049e-01
1.5670000000e+00,4.0342969635e-01,5.0693332445e-01,2.9868630280e-01
1.5680000000e+00,4.0393677900e-01,5.0723198062e-01,2.9862602156e-01
1.5690000000e+00,4.0444416029e-01,5.0753057647e-01,2.9856567677e-01
1.5700000000e+00,4.0495184014e-01,5.0782911195e-01,2.9850526842e-01
1.5710000000e+00,4.0545981849e-01,5.0812758699e-01,2.9844479651e-01
1.5720000000e+00,4.0596809529e-01,5.0842600152e-01,2.9838426105e-01
1.5730000000e+00,4.0647667047e-01,5.0872435549e-01,2.9832366202e-01
1.5740000000e+00,4.0698554398e-01,5.0902264882e-01,2.9826299944e-01
1.5750000000e+00,4.0749471575e-01,5.0932088146e-01,2.9820227329e-01
1.5760000000e+00,4.0800418572e-01,5.0961905335e-01,2.9814148359e-01
1.5770000000e+00,4.0851395384e-01,5.0991716441e-01,2.9808063032e-01
1.5780000000e+00,4.0902402003e-01,5.1021521459e-01,2.9801971349e-01
1.5790000000e+00,4.0953438425e-01,5.1051320382e-01,2.9795873310e-01
1.5800000000e+00,4.1004504642e-01,5.1081113203e-01,2.9789768914e-01
1.5810000000e+00,4.1055600649e-01,5.1110899917e-01,2.9783658163e-01
1.5820000000e+00,4.1106726440e-01,5.1140680518e-01,2.9777541055e-01
1.5830000000e+00,4.1157882008e-01,5.1170454997e-01,2.9771417590e-01
1.5840000000e+00,4.1209067348e-01,5.1200223351e-01,2.9765287770e-01
1.5850000000e+00,4.1260282453e-01,5.1229985571e-01,2.9759151593e-01
1.5860000000e+00,4.1311527317e-01,5.1259741652e-01,2.9753009060e-01
1.5870000000e+00,4.1362801934e-01,5.1289491587e-01,2.9746860170e-01
1.5880000000e+00,4.1414106298e-01,5.1319235370e-01,2.9740704925e-01
1.5890000000e+00,4.1465440403e-01,5.1348972995e-01,2.9734543323e-01
1.5900000000e+00,4.1516804242e-01,5.1378704454e-01,2.9728375366e-01
1.5910000000e+00,4.1568197809e-01,5.1408429743e-01,2.9722201052e-01
1.5920000000e+00,4.1619621099e-01,5.1438148854e-01,2.9716020382e-01
1.5930000000e+00,4.1671074105e-01,5.1467861782e-01,2.9709833357e-01
1.5940000000e+00,4.1722556821e-01,5.1497568519e-01,2.9703639976e-01
1.5950000000e+00,4.1774069240e-01,5.1527269060e-01,2.9697440239e-01
1.5960000000e+00,4.1825611357e-01,5.1556963397e-01,2.9691234146e-01
1.5970000000e+00,4.1877183165e-01,5.1586651526e-01,2.9685021699e-01
1.5980000000e+00,4.1928784658e-01,5.1616333439e-01,2.9678802895e-01
1.5990000000e+00,4.1980415830e-01,5.1646009129e-01,2.9672577737e-01
1.6000000000e+00,4.2032076674e-01,5.1675678592e-01,2.9666346224e-01
1.6010000000e+00,4.2083767185e-01,5.1705341820e-01,2.9660108356e-01
1.6020000000e+00,4.2135487356e-01,5.1734998807e-01,2.9653864133e-01
1.6030000000e+00,4.2187237180e-01,5.1764649546e-01,2.9647613556e-01
1.6040000000e+00,4.2239016653e-01,5.1794294032e-01,2.9641356624e-01
1.6050000000e+00,4.2290825766e-01,5.1823932257e-01,2.9635093338e-01
1.6060000000e+00,4.2342664515e-01,5.1853564216e-01,2.9628823699e-01
1.6070000000e+00,4.2394532893e-01,5.1883189902e-01,2.9622547705e-01
1.6080000000e+00,4.2446430893e-01,5.1912809309e-01,2.9616265358e-01
1.6090000000e+00,4.2498358509e-01,5.1942422431e-01,2.9609976657e-01
1.6100000000e+00,4.2550315735e-01,5.1972029261e-01,2.9603681604e-01
1.6110000000e+00,4.2602302565e-01,5.2001629792e-01,2.9597380198e-01
1.6120000000e+00,4.2654318993e-01,5.2031224019e-01,2.9591072439e-01
1.6130000000e+00,4.2706365011e-01,5.2060811935e-01,2.9584758327e-01
1.6140000000e+00,4.2758440615e-01,5.2090393533e-01,2.9578437864e-01
1.6150000000e+00,4.2810545796e-01,5.2119968808e-01,2.9572111048e-01
1.6160000000e+00,4.2862680550e-01,5.2149537753e-01,2.9565777882e-01
1.6170000000e+00,4.2914844870e-01,5.2179100362e-01,2.9559438364e-01
1.6180000000e+00,4.2967038749e-01,5.2208656628e-01,2.9553092495e-01
1.6190000000e+00,4.3019262181e-01,5.2238206545e-01,2.9546740275e-01
1.6200000000e+00,4.3071515160e-01,5.2267750106e-01,2.9540381705e-01
1.6210000000e+00,4.3123797679e-01,5.2297287306e-01,2.9534016785e-01
1.6220000000e+00,4.3176109732e-01,5.2326818138e-01,2.9527645516e-01
1.6230000000e+00,4.3228451313e-01,5.2356342595e-01,2.9521267897e-01
1.6240000000e+00,4.3280822415e-01,5.2385860672e-01,2.9514883929e-01
1.6250000000e+00,4.3333223032e-01,5.2415372361e-01,2.9508493612e-01
1.6260000000e+00,4.3385653158e-01,5.2444877657e-01,2.9502096948e-01
1.6270000000e+00,4.3438112786e-01,5.2474376553e-01,2.9495693935e-01
1.6280000000e+00,4.3490601909e-01,5.2503869042e-01,2.9489284575e-01
1.6290000000e+00,4.3543120521e-01,5.2533355120e-01,2.9482868868e-01
1.6300000000e+00,4.3595668617e-01,5.2562834778e-01,2.9476446814e-01
1.6310000000e+00,4.3648246189e-01,5.2592308011e-01,2.9470018414e-01
1.6320000000e+00,4.3700853231e-01,5.2621774813e-01,2.9463583668e-01
1.6330000000e+00,4.3753489736e-01,5.2651235176e-01,2.9457142576e-01
1.6340000000e+00,4.3806155699e-01,5.2680689096e-01,2.9450695140e-01
1.6350000000e+00,4.3858851112e-01,5.2710136565e-01,2.9444241359e-01
1.6360000000e+00,4.3911575970e-01,5.2739577576e-01,2.9437781234e-01
1.6370000000e+00,4.3964330265e-01,5.2769012125e-01,2.9431314766e-01
1.6380000000e+00,4.4017113992e-01,5.2798440204e-01,2.9424841954e-01
1.6390000000e+00,4.4069927144e-01,5.2827861807e-01,2.9418362800e-01
1.6400000000e+00,4.4122769714e-01,5.2857276927e-01,2.9411877303e-01
1.6410000000e+00,4.4175641695e-01,5.2886685559e-01,2.9405385465e-01
1.6420000000e+00,4.4228543083e-01,5.2916087696e-01,2.9398887286e-01
1.6430000000e+00,4.4281473869e-01,5.2945483332e-01,2.9392382766e-01
1.6440000000e+00,4.4334434047e-01,5.2974872460e-01,2.9385871905e-01
1.6450000000e+00,4.4387423611e-01,5.3004255073e-01,2.9379354706e-01
1.6460000000e+00,4.4440442555e-01,5.3033631167e-01,2.9372831167e-01
1.6470000000e+00,4.4493490871e-01,5.3063000734e-01,2.9366301290e-01
1.6480000000e+00,4.4546568554e-01,5.3092363767e-01,2.9359765075e-01
1.6490000000e+00,4.4599675597e-01,5.3121720262e-01,2.9353222522e-01
1.6500000000e+00,4.4652811993e-01,5.3151070210e-01,2.9346673633e-01
1.6510000000e+00,4.4705977735e-01,5.3180413607e-01,2.9340118407e-01
1.6520000000e+00,4.4759172818e-01,5.3209750445e-01,2.9333556846e-01
1.6530000000e+00,4.4812397234e-01,5.3239080718e-01,2.9326988950e-01
1.6540000000e+00,4.4865650977e-01,5.3268404421e-01,2.9320414720e-01
1.6550000000e+00,4.4918934040e-01,5.3297721546e-01,2.9313834155e-01
1.6560000000e+00,4.4972246418e-01,5.3327032087e-01,2.9307247258e-01
1.6570000000e+00,4.5025588102e-01,5.3356336038e-01,2.9300654028e-01
1.6580000000e+00,4.5078959088e-01,5.3385633393e-01,2.9294054466e-01
1.6590000000e+00,4.5132359367e-01,5.3414924145e-01,2.9287448574e-01
1.6600000000e+00,4.5185788934e-01,5.3444208288e-01,2.9280836350e-01
1.6610000000e+00,4.5239247781e-01,5.3473485816e-01,2.9274217797e-01
1.6620000000e+00,4.5292735903e-01,5.3502756721e-01,2.9267592914e-01
1.6630000000e+00,4.5346253293e-01,5.3532020999e-01,2.9260961704e-01
1.6640000000e+00,4.5399799943e-01,5.3561278643e-01,2.9254324165e-01
1.6650000000e+00,4.5453375848e-01,5.3590529645e-01,2.9247680299e-01
1.6660000000e+00,4.5506981000e-01,5.3619774001e-01,2.9241030107e-01
1.6670000000e+00,4.5560615393e-01,5.3649011704e-01,2.9234373589e-01
1.6680000000e+00,4.5614279021e-01,5.3678242746e-01,2.9227710747e-01
1.6690000000e+00,4.5667971877e-01,5.3707467123e-01,2.9221041580e-01
1.6700000000e+00,4.5721693953e-01,5.3736684827e-01,2.9214366090e-01
1.6710000000e+00,4.5775445244e-01,5.3765895853e-01,2.9207684277e-01
1.6720000000e+00,4.5829225743e-01,5.3795100194e-01,2.9200996143e-01
1.6730000000e+00,4.5883035442e-01,5.3824297843e-01,2.9194301687e-01
1.6740000000e+00,4.5936874336e-01,5.3853488795e-01,2.9187600911e-01
1.6750000000e+00,4.5990742418e-01,5.3882673043e-01,2.9180893816e-01
1.6760000000e+00,4.6044639680e-01,5.3911850581e-01,2.9174180402e-01
1.6770000000e+00,4.6098566117e-01,5.3941021402e-01,2.9167460670e-01
1.6780000000e+00,4.6152521721e-01,5.3970185500e-01,2.9160734621e-01
1.6790000000e+00,4.6206506485e-01,5.3999342869e-01,2.9154002256e-01
1.6800000000e+00,4.6260520404e-01,5.4028493502e-01,2.9147263575e-01
1.6810000000e+00,4.6314563470e-01,5.4057637394e-01,2.9140518580e-01
1.6820000000e+00,4.6368635677e-01,5.4086774537e-01,2.9133767272e-01
1.6830000000e+00,4.6422737017e-01,5.4115904926e-01,2.9127009650e-01
1.6840000000e+00,4.6476867484e-01,5.4145028554e-01,2.9120245717e-01
1.6850000000e+00,4.6531027072e-01,5.4174145416e-01,2.9113475472e-01
1.6860000000e+00,4.6585215773e-01,5.4203255503e-01,2.9106698918e-01
1.6870000000e+00,4.6639433581e-01,5.4232358811e-01,2.9099916054e-01
1.6880000000e+00,4.6693680488e-01,5.4261455333e-01,2.9093126882e-01
1.6890000000e+00,4.6747956489e-01,5.4290545063e-01,2.9086331403e-01
1.6900000000e+00,4.6802261576e-01,5.4319627994e-01,2.9079529617e-01
1.6910000000e+00,4.6856595743e-01,5.4348704120e-01,2.9072721526e-01
1.6920000000e+00,4.6910958982e-01,5.4377773435e-01,2.9065907130e-01
1.6930000000e+00,4.6965351287e-01,5.4406835932e-01,2.9059086430e-01
1.6940000000e+00,4.7019772652e-01,5.4435891606e-01,2.9052259428e-01
1.6950000000e+00,4.7074223068e-01,5.4464940449e-01,2.9045426124e-01
1.6960000000e+00,4.7128702530e-01,5.4493982456e-01,2.9038586520e-01
1.6970000000e+00,4.7183211031e-01,5.4523017620e-01,2.9031740615e-01
1.6980000000e+00,4.7237748563e-01,5.4552045935e-01,2.9024888412e-01
1.6990000000e+00,4.7292315120e-01,5.4581067395e-01,2.9018029912e-01
1.7000000000e+00,4.7346910696e-01,5.4610081993e-01,2.9011165115e-01
1.7010000000e+00,4.7401535282e-01,5.4639089723e-01,2.9004294022e-01
1.7020000000e+00,4.7456188873e-01,5.4668090579e-01,2.8997416634e-01
1.7030000000e+00,4.7510871461e-01,5.4697084554e-01,2.8990532953e-01
1.7040000000e+00,4.7565583040e-01,5.4726071642e-01,2.8983642980e-01
1.7050000000e+00,4.7620323602e-01,5.4755051838e-01,2.8976746715e-01
1.7060000000e+00,4.7675093141e-01,5.4784025134e-01,2.8969844160e-01
1.7070000000e+00,4.7729891650e-01,5.4812991524e-01,2.8962935315e-01
1.7080000000e+00,4.7784719122e-01,5.4841951002e-01,2.8956020182e-01
1.7090000000e+00,4.7839575550e-01,5.4870903562e-01,2.8949098763e-01
1.7100000000e+00,4.7894460927e-01,5.4899849198e-01,2.8942171057e-01
1.7110000000e+00,4.7949375246e-01,5.4928787902e-01,2.8935237066e-01
1.7120000000e+00,4.8004318500e-01,5.4957719670e-01,2.8928296792e-01
1.7130000000e+00,4.8059290683e-01,5.4986644494e-01,2.8921350235e-01
1.7140000000e+00,4.8114291787e-01,5.5015562368e-01,2.8914397396e-01
1.7150000000e+00,4.8169321805e-01,5.5044473287e-01,2.8907438278e-01
1.7160000000e+00,4.8224380731e-01,5.5073377243e-01,2.8900472880e-01
1.7170000000e+00,4.8279468557e-01,5.5102274230e-01,2.8893501204e-01
1.7180000000e+00,4.8334585277e-01,5.5131164243e-01,2.8886523251e-01
1.7190000000e+00,4.8389730883e-01,5.5160047275e-01,2.8879539023e-01
1.7200000000e+00,4.8444905369e-01,5.5188923319e-01,2.8872548521e-01
1.7210000000e+00,4.8500108728e-01,5.5217792370e-01,2.8865551745e-01
1.7220000000e+00,4.8555340952e-01,5.5246654420e-01,2.8858548697e-01
1.7230000000e+00,4.8610602034e-01,5.5275509465e-01,2.8851539378e-01
1.7240000000e+00,4.8665891968e-01,5.5304357497e-01,2.8844523790e-01
1.7250000000e+00,4.8721210747e-01,5.5333198510e-01,2.8837501934e-01
1.7260000000e+00,4.8776558363e-01,5.5362032499e-01,2.8830473811e-01
1.7270000000e+00,4.8831934810e-01,5.5390859456e-01,2.8823439422e-01
1.7280000000e+00,4.8887340080e-01,5.5419679376e-01,2.8816398768e-01
1.7290000000e+00,4.8942774166e-01,5.5448492251e-01,2.8809351851e-01
1.7300000000e+00,4.8998237062e-01,5.5477298077e-01,2.8802298672e-01
1.7310000000e+00,4.9053728760e-01,5.5506096847e-01,2.8795239233e-01
1.7320000000e+00,4.9109249253e-01,5.5534888553e-01,2.8788173534e-01
1.7330000000e+00,4.9164798535e-01,5.5563673192e-01,2.8781101578e-01
1.7340000000e+00,4.9220376597e-01,5.5592450755e-01,2.8774023364e-01
1.7350000000e+00,4.9275983434e-01,5.5621221236e-01,2.8766938895e-01
1.7360000000e+00,4.9331619037e-01,5.5649984630e-01,2.8759848173e-01
1.7370000000e+00,4.9387283401e-01,5.5678740930e-01,2.8752751197e-01
1.7380000000e+00,4.9442976517e-01,5.5707490131e-01,2.8745647970e-01
1.7390000000e+00,4.9498698378e-01,5.5736232224e-01,2.8738538494e-01
1.7400000000e+00,4.9554448979e-01,5.5764967205e-01,2.8731422768e-01
1.7410000000e+00,4.9610228311e-01,5.5793695068e-01,2.8724300796e-01
1.7420000000e+00,4.9666036367e-01,5.5822415805e-01,2.8717172578e-01
1.7430000000e+00,4.9721873140e-01,5.5851129411e-01,2.8710038115e-01
1.7440000000e+00,4.9777738623e-01,5.5879835879e-01,2.8702897409e-01
1.7450000000e+00,4.9833632809e-01,5.5908535204e-01,2.8695750462e-01
1.7460000000e+00,4.9889555691e-01,5.5937227378e-01,2.8688597275e-01
1.7470000000e+00,4.9945507261e-01,5.5965912396e-01,2.8681437849e-01
1.7480000000e+00,5.0001487513e-01,5.5994590252e-01,2.8674272186e-01
1.7490000000e+00,5.0057496440e-01,5.6023260938e-01,2.8667100287e-01
1.7500000000e+00,5.0113534033e-01,5.6051924450e-01,2.8659922153e-01
1.7510000000e+00,5.0169600286e-01,5.6080580781e-01,2.8652737787e-01
1.7520000000e+00,5.0225695192e-01,5.6109229924e-01,2.8645547190e-01
1.7530000000e+00,5.0281818744e-01,5.6137871873e-01,2.8638350363e-01
1.7540000000e+00,5.0337970933e-01,5.6166506622e-01,2.8631147307e-01
1.7550000000e+00,5.0394151754e-01,5.6195134165e-01,2.8623938025e-01
1.7560000000e+00,5.0450361199e-01,5.6223754496e-01,2.8616722517e-01
1.7570000000e+00,5.0506599261e-01,5.6252367608e-01,2.8609500785e-01
1.7580000000e+00,5.0562865932e-01,5.6280973496e-01,2.8602272831e-01
1.7590000000e+00,5.0619161206e-01,5.6309572152e-01,2.8595038657e-01
1.7600000000e+00,5.0675485074e-01,5.6338163571e-01,2.8587798263e-01
1.7610000000e+00,5.0731837530e-01,5.6366747746e-01,2.8580551652e-01
1.7620000000e+00,5.0788218567e-01,5.6395324672e-01,2.8573298825e-01
1.7630000000e+00,5.0844628177e-01,5.6423894342e-01,2.8566039783e-01
1.7640000000e+00,5.0901066353e-01,5.6452456750e-01,2.8558774528e-01
1.7650000000e+00,5.0957533088e-01,5.6481011889e-01,2.8551503063e-01
1.7660000000e+00,5.1014028375e-01,5.6509559754e-01,2.8544225387e-01
1.7670000000e+00,5.1070552205e-01,5.6538100338e-01,2.8536941504e-01
1.7680000000e+00,5.1127104573e-01,5.6566633635e-01,2.8529651414e-01
1.7690000000e+00,5.1183685470e-01,5.6595159638e-01,2.8522355120e-01
1.7700000000e+00,5.1240294890e-01,5.6623678343e-01,2.8515052622e-01
1.7710000000e+00,5.1296932824e-01,5.6652189742e-01,2.8507743923e-01
1.7720000000e+00,5.1353599267e-01,5.6680693829e-01,2.8500429025e-01
1.7730000000e+00,5.1410294210e-01,5.6709190598e-01,2.8493107928e-01
1.7740000000e+00,5.1467017646e-01,5.6737680042e-01,2.8485780635e-01
1.7750000000e+00,5.1523769567e-01,5.6766162157e-01,2.8478447147e-01
1.7760000000e+00,5.1580549967e-01,5.6794636935e-01,2.8471107466e-01
1.7770000000e+00,5.1637358839e-01,5.6823104370e-01,2.8463761593e-01
1.7780000000e+00,5.1694196174e-01,5.6851564456e-01,2.8456409532e-01
1.7790000000e+00,5.1751061965e-01,5.6880017187e-01,2.8449051282e-01
1.7800000000e+00,5.1807956206e-01,5.6908462556e-01,2.8441686846e-01
1.7810000000e+00,5.1864878888e-01,5.6936900558e-01,2.8434316226e-01
1.7820000000e+00,5.1921830004e-01,5.6965331187e-01,2.8426939423e-01
1.7830000000e+00,5.1978809548e-01,5.6993754435e-01,2.8419556439e-01
1.7840000000e+00,5.2035817511e-01,5.7022170297e-01,2.8412167276e-01
1.7850000000e+00,5.2092853886e-01,5.7050578768e-01,2.8404771936e-01
1.7860000000e+00,5.2149918666e-01,5.7078979839e-01,2.8397370421e-01
1.7870000000e+00,5.2207011843e-01,5.7107373506e-01,2.8389962731e-01
1.7880000000e+00,5.2264133410e-01,5.7135759763e-01,2.8382548870e-01
1.7890000000e+00,5.2321283360e-01,5.7164138602e-01,2.8375128839e-01
1.7900000000e+00,5.2378461685e-01,5.7192510018e-01,2.8367702639e-01
1.7910000000e+00,5.2435668378e-01,5.7220874005e-01,2.8360270273e-01
1.7920000000e+00,5.2492903431e-01,5.7249230557e-01,2.8352831742e-01
1.7930000000e+00,5.2550166836e-01,5.7277579667e-01,2.8345387049e-01
1.7940000000e+00,5.2607458587e-01,5.7305921329e-01,2.8337936195e-01
1.7950000000e+00,5.2664778677e-01,5.7334255537e-01,2.8330479182e-01
1.7960000000e+00,5.2722127096e-01,5.7362582285e-01,2.8323016011e-01
1.7970000000e+00,5.2779503839e-01,5.7390901567e-01,2.8315546686e-01
1.7980000000e+00,5.2836908897e-01,5.7419213376e-01,2.8308071207e-01
1.7990000000e+00,5.2894342263e-01,5.7447517707e-01,2.8300589577e-01
1.8000000000e+00,5.2951803930e-01,5.7475814554e-01,2.8293101797e-01
1.8010000000e+00,5.3009293889e-01,5.7504103909e-01,2.8285607869e-01
1.8020000000e+00,5.3066812135e-01,5.7532385767e-01,2.8278107796e-01
1.8030000000e+00,5.3124358659e-01,5.7560660122e-01,2.8270601580e-01
1.8040000000e+00,5.3181933453e-01,5.7588926968e-01,2.8263089221e-01
1.8050000000e+00,5.3239536510e-01,5.7617186299e-01,2.8255570723e-01
1.8060000000e+00,5.3297167823e-01,5.7645438108e-01,2.8248046087e-01
1.8070000000e+00,5.3354827384e-01,5.7673682389e-01,2.8240515315e-01
1.8080000000e+00,5.3412515185e-01,5.7701919136e-01,2.8232978410e-01
1.8090000000e+00,5.3470231219e-01,5.7730148344e-01,2.8225435372e-01
1.8100000000e+00,5.3527975479e-01,5.7758370005e-01,2.8217886205e-01
1.8110000000e+00,5.3585747957e-01,5.7786584114e-01,2.8210330910e-01
1.8120000000e+00,5.3643548645e-01,5.7814790665e-01,2.8202769489e-01
1.8130000000e+00,5.3701377536e-01,5.7842989651e-01,2.8195201944e-01
1.8140000000e+00,5.3759234622e-01,5.7871181067e-01,2.8187628277e-01
1.8150000000e+00,5.3817119895e-01,5.7899364906e-01,2.8180048491e-01
1.8160000000e+00,5.3875033349e-01,5.7927541162e-01,2.8172462588e-01
1.8170000000e+00,5.3932974975e-01,5.7955709829e-01,2.8164870568e-01
1.8180000000e+00,5.3990944766e-01,5.7983870901e-01,2.8157272436e-01
1.8190000000e+00,5.4048942714e-01,5.8012024372e-01,2.8149668192e-01
1.8200000000e+00,5.4106968812e-01,5.8040170235e-01,2.8142057838e-01
1.8210000000e+00,5.4165023052e-01,5.8068308485e-01,2.8134441378e-01
1.8220000000e+00,5.4223105427e-01,5.8096439116e-01,2.8126818812e-01
1.8230000000e+00,5.4281215928e-01,5.8124562121e-01,2.8119190144e-01
1.8240000000e+00,5.4339354548e-01,5.8152677494e-01,2.8111555375e-01
1.8250000000e+00,5.4397521280e-01,5.8180785230e-01,2.8103914507e-01
1.8260000000e+00,5.4455716116e-01,5.8208885321e-01,2.8096267543e-01
1.8270000000e+00,5.4513939049e-01,5.8236977763e-01,2.8088614484e-01
1.8280000000e+00,5.4572190069e-01,5.8265062548e-01,2.8080955333e-01
1.8290000000e+00,5.4630469171e-01,5.8293139671e-01,2.8073290092e-01
1.8300000000e+00,5.4688776346e-01,5.8321209126e-01,2.8065618764e-01
1.8310000000e+00,5.4747111587e-01,5.8349270907e-01,2.8057941350e-01
1.8320000000e+00,5.4805474885e-01,5.8377325007e-01,2.8050257852e-01
1.8330000000e+00,5.4863866234e-01,5.8405371420e-01,2.8042568273e-01
1.8340000000e+00,5.4922285626e-01,5.8433410141e-01,2.8034872616e-01
1.8350000000e+00,5.4980733052e-01,5.8461441164e-01,2.8027170881e-01
1.8360000000e+00,5.5039208505e-01,5.8489464481e-01,2.8019463072e-01
1.8370000000e+00,5.5097711978e-01,5.8517480088e-01,2.8011749191e-01
1.8380000000e+00,5.5156243463e-01,5.8545487977e-01,2.8004029240e-01
1.8390000000e+00,5.5214802952e-01,5.8573488144e-01,2.7996303222e-01
1.8400000000e+00,5.5273390437e-01,5.8601480582e-01,2.7988571137e-01
1.8410000000e+00,5.5332005910e-01,5.8629465284e-01,2.7980832990e-01
1.8420000000e+00,5.5390649365e-01,5.8657442246e-01,2.7973088782e-01
1.8430000000e+00,5.5449320792e-01,5.8685411460e-01,2.7965338515e-01
1.8440000000e+00,5.5508020185e-01,5.8713372921e-01,2.7957582193e-01
1.8450000000e+00,5.5566747535e-01,5.8741326622e-01,2.7949819816e-01
1.8460000000e+00,5.5625502836e-01,5.8769272558e-01,2.7942051388e-01
1.8470000000e+00,5.5684286078e-01,5.8797210723e-01,2.7934276910e-01
1.8480000000e+00,5.5743097255e-01,5.8825141110e-01,2.7926496386e-01
1.8490000000e+00,5.5801936358e-01,5.8853063714e-01,2.7918709817e-01
1.8500000000e+00,5.5860803379e-01,5.8880978528e-01,2.7910917206e-01
1.8510000000e+00,5.5919698312e-01,5.8908885546e-01,2.7903118555e-01
1.8520000000e+00,5.5978621148e-01,5.8936784763e-01,2.7895313867e-01
1.8530000000e+00,5.6037571879e-01,5.8964676172e-01,2.7887503144e-01
1.8540000000e+00,5.6096550498e-01,5.8992559767e-01,2.7879686388e-01
1.8550000000e+00,5.6155556996e-01,5.9020435543e-01,2.7871863602e-01
1.8560000000e+00,5.6214591366e-01,5.9048303492e-01,2.7864034789e-01
1.8570000000e+00,5.6273653600e-01,5.9076163610e-01,2.7856199950e-01
1.8580000000e+00,5.6332743691e-01,5.9104015890e-01,2.7848359088e-01
1.8590000000e+00,5.6391861629e-01,5.9131860326e-01,2.7840512206e-01
1.8600000000e+00,5.6451007409e-01,5.9159696913e-01,2.7832659306e-01
1.8610000000e+00,5.6510181021e-01,5.9187525643e-01,2.7824800390e-01
1.8620000000e+00,5.6569382457e-01,5.9215346512e-01,2.7816935461e-01
1.8630000000e+00,5.6628611711e-01,5.9243159512e-01,2.7809064522e-01
1.8640000000e+00,5.6687868774e-01,5.9270964639e-01,2.7801187575e-01
1.8650000000e+00,5.6747153638e-01,5.9298761885e-01,2.7793304622e-01
1.8660000000e+00,5.6806466295e-01,5.9326551246e-01,2.7785415667e-01
1.8670000000e+00,5.6865806738e-01,5.9354332714e-01,2.7777520710e-01
1.8680000000e+00,5.6925174958e-01,5.9382106285e-01,2.7769619756e-01
1.8690000000e+00,5.6984570948e-01,5.9409871952e-01,2.7761712807e-01
1.8700000000e+00,5.7043994699e-01,5.9437629709e-01,2.7753799864e-01
1.8710000000e+00,5.7103446204e-01,5.9465379550e-01,2.7745880931e-01
1.8720000000e+00,5.7162925455e-01,5.9493121469e-01,2.7737956011e-01
1.8730000000e+00,5.7222432445e-01,5.9520855460e-01,2.7730025105e-01
1.8740000000e+00,5.7281967164e-01,5.9548581517e-01,2.7722088217e-01
1.8750000000e+00,5.7341529605e-01,5.9576299634e-01,2.7714145348e-01
1.8760000000e+00,5.7401119760e-01,5.9604009806e-01,2.7706196503e-01
1.8770000000e+00,5.7460737622e-01,5.9631712025e-01,2.7698241682e-01
1.8780000000e+00,5.7520383182e-01,5.9659406287e-01,2.7690280890e-01
1.8790000000e+00,5.7580056432e-01,5.9687092585e-01,2.7682314128e-01
1.8800000000e+00,5.7639757364e-01,5.9714770913e-01,2.7674341398e-01
1.8810000000e+00,5.7699485971e-01,5.9742441266e-01,2.7666362705e-01
1.8820000000e+00,5.7759242244e-01,5.9770103637e-01,2.7658378050e-01
1.8830000000e+00,5.7819026176e-01,5.9797758020e-01,2.7650387436e-01
1.8840000000e+00,5.7878837758e-01,5.9825404410e-01,2.7642390866e-01
1.8850000000e+00,5.7938676982e-01,5.9853042800e-01,2.7634388343e-01
1.8860000000e+00,5.7998543840e-01,5.9880673184e-01,2.7626379868e-01
1.8870000000e+00,5.8058438326e-01,5.9908295557e-01,2.7618365446e-01
1.8880000000e+00,5.8118360429e-01,5.9935909913e-01,2.7610345078e-01
1.8890000000e+00,5.8178310143e-01,5.9963516246e-01,2.7602318767e-01
1.8900000000e+00,5.8238287459e-01,5.9991114549e-01,2.7594286516e-01
1.8910000000e+00,5.8298292369e-01,6.0018704817e-01,2.7586248328e-01
1.8920000000e+00,5.8358324866e-01,6.0046287043e-01,2.7578204205e-01
1.8930000000e+00,5.8418384940e-01,6.0073861223e-01,2.7570154151e-01
1.8940000000e+00,5.8478472585e-01,6.0101427350e-01,2.7562098167e-01
1.8950000000e+00,5.8538587792e-01,6.0128985417e-01,2.7554036258e-01
1.8960000000e+00,5.8598730554e-01,6.0156535420e-01,2.7545968424e-01
1.8970000000e+00,5.8658900861e-01,6.0184077352e-01,2.7537894671e-01
1.8980000000e+00,5.8719098706e-01,6.0211611208e-01,2.7529814999e-01
1.8990000000e+00,5.8779324080e-01,6.0239136980e-01,2.7521729412e-01
1.9000000000e+00,5.8839576977e-01,6.0266654665e-01,2.7513637913e-01
1.9010000000e+00,5.8899857387e-01,6.0294164254e-01,2.7505540505e-01
1.9020000000e+00,5.8960165303e-01,6.0321665744e-01,2.7497437190e-01
1.9030000000e+00,5.9020500716e-01,6.0349159127e-01,2.7489327972e-01
1.9040000000e+00,5.9080863618e-01,6.0376644398e-01,2.7481212852e-01
1.9050000000e+00,5.9141254002e-01,6.0404121550e-01,2.7473091835e-01
1.9060000000e+00,5.9201671859e-01,6.0431590579e-01,2.7464964922e-01
1.9070000000e+00,5.9262117180e-01,6.0459051478e-01,2.7456832117e-01
1.9080000000e+00,5.9322589959e-01,6.0486504242e-01,2.7448693423e-01
1.9090000000e+00,5.9383090186e-01,6.0513948863e-01,2.7440548842e-01
1.9100000000e+00,5.9443617854e-01,6.0541385337e-01,2.7432398378e-01
1.9110000000e+00,5.9504172954e-01,6.0568813658e-01,2.7424242033e-01
1.9120000000e+00,5.9564755478e-01,6.0596233819e-01,2.7416079811e-01
1.9130000000e+00,5.9625365419e-01,6.0623645816e-01,2.7407911713e-01
1.9140000000e+00,5.9686002767e-01,6.0651049641e-01,2.7399737744e-01
1.9150000000e+00,5.9746667516e-01,6.0678445289e-01,2.7391557906e-01
1.9160000000e+00,5.9807359655e-01,6.0705832755e-01,2.7383372202e-01
1.9170000000e+00,5.9868079178e-01,6.0733212032e-01,2.7375180635e-01
1.9180000000e+00,5.9928826077e-01,6.0760583114e-01,2.7366983208e-01
1.9190000000e+00,5.9989600342e-01,6.0787945996e-01,2.7358779924e-01
1.9200000000e+00,6.0050401966e-01,6.0815300672e-01,2.7350570787e-01
1.9210000000e+00,6.0111230940e-01,6.0842647136e-01,2.7342355798e-01
1.9220000000e+00,6.0172087257e-01,6.0869985382e-01,2.7334134961e-01
1.9230000000e+00,6.0232970908e-01,6.0897315404e-01,2.7325908279e-01
1.9240000000e+00,6.0293881885e-01,6.0924637196e-01,2.7317675756e-01
1.9250000000e+00,6.0354820180e-01,6.0951950753e-01,2.7309437393e-01
1.9260000000e+00,6.0415785784e-01,6.0979256069e-01,2.7301193195e-01
1.9270000000e+00,6.0476778689e-01,6.1006553138e-01,2.7292943164e-01
1.9280000000e+00,6.0537798888e-01,6.1033841953e-01,2.7284687303e-01
1.9290000000e+00,6.0598846371e-01,6.1061122510e-01,2.7276425616e-01
1.9300000000e+00,6.0659921130e-01,6.1088394803e-01,2.7268158105e-01
1.9310000000e+00,6.0721023157e-01,6.1115658825e-01,2.7259884773e-01
1.9320000000e+00,6.0782152445e-01,6.1142914570e-01,2.7251605625e-01
1.9330000000e+00,6.0843308984e-01,6.1170162034e-01,2.7243320662e-01
1.9340000000e+00,6.0904492766e-01,6.1197401210e-01,2.7235029888e-01
1.9350000000e+00,6.0965703783e-01,6.1224632092e-01,2.7226733306e-01
1.9360000000e+00,6.1026942028e-01,6.1251854674e-01,2.7218430920e-01
1.9370000000e+00,6.1088207490e-01,6.1279068952e-01,2.7210122731e-01
1.9380000000e+00,6.1149500163e-01,6.1306274918e-01,2.7201808744e-01
1.9390000000e+00,6.1210820037e-01,6.1333472567e-01,2.7193488962e-01
1.9400000000e+00,6.1272167105e-01,6.1360661894e-01,2.7185163388e-01
1.9410000000e+00,6.1333541358e-01,6.1387842892e-01,2.7176832025e-01
1.9420000000e+00,6.1394942788e-01,6.1415015556e-01,2.7168494875e-01
1.9430000000e+00,6.1456371386e-01,6.1442179880e-01,2.7160151944e-01
1.9440000000e+00,6.1517827145e-01,6.1469335858e-01,2.7151803233e-01
1.9450000000e+00,6.1579310055e-01,6.1496483484e-01,2.7143448745e-01
1.9460000000e+00,6.1640820109e-01,6.1523622753e-01,2.7135088485e-01
1.9470000000e+00,6.1702357298e-01,6.1550753659e-01,2.7126722455e-01
1.9480000000e+00,6.1763921614e-01,6.1577876196e-01,2.7118350659e-01
1.9490000000e+00,6.1825513048e-01,6.1604990359e-01,2.7109973100e-01
1.9500000000e+00,6.1887131592e-01,6.1632096141e-01,2.7101589780e-01
1.9510000000e+00,6.1948777237e-01,6.1659193536e-01,2.7093200704e-01
1.9520000000e+00,6.2010449976e-01,6.1686282540e-01,2.7084805875e-01
1.9530000000e+00,6.2072149799e-01,6.1713363146e-01,2.7076405295e-01
1.9540000000e+00,6.2133876699e-01,6.1740435349e-01,2.7067998969e-01
1.9550000000e+00,6.2195630667e-01,6.1767499142e-01,2.7059586899e-01
1.9560000000e+00,6.2257411695e-01,6.1794554521e-01,2.7051169089e-01
1.9570000000e+00,6.2319219774e-01,6.1821601479e-01,2.7042745543e-01
1.9580000000e+00,6.2381054895e-01,6.1848640010e-01,2.7034316263e-01
1.9590000000e+00,6.2442917051e-01,6.1875670109e-01,2.7025881252e-01
1.9600000000e+00,6.2504806232e-01,6.1902691771e-01,2.7017440515e-01
1.9610000000e+00,6.2566722432e-01,6.1929704988e-01,2.7008994054e-01
1.9620000000e+00,6.2628665640e-01,6.1956709757e-01,2.7000541874e-01
1.9630000000e+00,6.2690635848e-01,6.1983706070e-01,2.6992083977e-01
1.9640000000e+00,6.2752633049e-01,6.2010693923e-01,2.6983620366e-01
1.9650000000e+00,6.2814657233e-01,6.2037673309e-01,2.6975151045e-01
1.9660000000e+00,6.2876708393e-01,6.2064644223e-01,2.6966676018e-01
1.9670000000e+00,6.2938786519e-01,6.2091606659e-01,2.6958195288e-01
1.9680000000e+00,6.3000891603e-01,6.2118560612e-01,2.6949708859e-01
1.9690000000e+00,6.3063023637e-01,6.2145506075e-01,2.6941216733e-01
1.9700000000e+00,6.3125182613e-01,6.2172443043e-01,2.6932718914e-01
1.9710000000e+00,6.3187368521e-01,6.2199371511e-01,2.6924215406e-01
1.9720000000e+00,6.3249581353e-01,6.2226291472e-01,2.6915706212e-01
1.9730000000e+00,6.3311821101e-01,6.2253202921e-01,2.6907191335e-01
1.9740000000e+00,6.3374087756e-01,6.2280105853e-01,2.6898670780e-01
1.9750000000e+00,6.3436381310e-01,6.2307000261e-01,2.6890144549e-01
1.9760000000e+00,6.3498701753e-01,6.2333886140e-01,2.6881612647e-01
1.9770000000e+00,6.3561049079e-01,6.2360763484e-01,2.6873075075e-01
1.9780000000e+00,6.3623423278e-01,6.2387632288e-01,2.6864531839e-01
1.9790000000e+00,6.3685824341e-01,6.2414492546e-01,2.6855982942e-01
1.9800000000e+00,6.3748252260e-01,6.2441344252e-01,2.6847428386e-01
1.9810000000e+00,6.3810707026e-01,6.2468187401e-01,2.6838868177e-01
1.9820000000e+00,6.3873188632e-01,6.2495021987e-01,2.6830302316e-01
1.9830000000e+00,6.3935697067e-01,6.2521848004e-01,2.6821730808e-01
1.9840000000e+00,6.3998232325e-01,6.2548665447e-01,2.6813153657e-01
1.9850000000e+00,6.4060794395e-01,6.2575474309e-01,2.6804570865e-01
1.9860000000e+00,6.4123383271e-01,6.2602274586e-01,2.6795982437e-01
1.9870000000e+00,6.4185998942e-01,6.2629066272e-01,2.6787388376e-01
1.9880000000e+00,6.4248641400e-01,6.2655849361e-01,2.6778788685e-01
1.9890000000e+00,6.4311310638e-01,6.2682623848e-01,2.6770183369e-01
1.9900000000e+00,6.4374006645e-01,6.2709389726e-01,2.6761572431e-01
1.9910000000e+00,6.4436729414e-01,6.2736146991e-01,2.6752955874e-01
1.9920000000e+00,6.4499478936e-01,6.2762895636e-01,2.6744333702e-01
1.9930000000e+00,6.4562255203e-01,6.2789635656e-01,2.6735705919e-01
1.9940000000e+00,6.4625058205e-01,6.2816367046e-01,2.6727072529e-01
1.9950000000e+00,6.4687887934e-01,6.2843089800e-01,2.6718433534e-01
1.9960000000e+00,6.4750744381e-01,6.2869803911e-01,2.6709788939e-01
1.9970000000e+00,6.4813627539e-01,6.2896509376e-01,2.6701138748e-01
1.9980000000e+00,6.4876537397e-01,6.2923206187e-01,2.6692482964e-01
1.9990000000e+00,6.4939473948e-01,6.2949894340e-01,2.6683821591e-01
2.0000000000e+00,6.5002437183e-01,6.2976573828e-01,2.6675154632e-01
2.0010000000e+00,6.5065427093e-01,6.3003244647e-01,2.6666482091e-01
2.0020000000e+00,6.5128443669e-01,6.3029906791e-01,2.6657803973e-01
2.0030000000e+00,6.5191486904e-01,6.3056560253e-01,2.6649120280e-01
2.0040000000e+00,6.5254556787e-01,6.3083205029e-01,2.6640431016e-01
2.0050000000e+00,6.5317653311e-01,6.3109841113e-01,2.6631736186e-01
2.0060000000e+00,6.5380776466e-01,6.3136468500e-01,2.6623035792e-01
2.0070000000e+00,6.5443926245e-01,6.3163087183e-01,2.6614329840e-01
2.0080000000e+00,6.5507102638e-01,6.3189697158e-01,2.6605618331e-01
2.0090000000e+00,6.5570305636e-01,6.3216298418e-01,2.6596901271e-01
2.0100000000e+00,6.5633535232e-01,6.3242890958e-01,2.6588178663e-01
2.0110000000e+00,6.5696791415e-01,6.3269474773e-01,2.6579450511e-01
2.0120000000e+00,6.5760074178e-01,6.3296049857e-01,2.6570716818e-01
2.0130000000e+00,6.5823383512e-01,6.3322616205e-01,2.6561977589e-01
2.0140000000e+00,6.5886719408e-01,6.3349173811e-01,2.6553232827e-01
2.0150000000e+00,6.5950081857e-01,6.3375722669e-01,2.6544482536e-01
2.0160000000e+00,6.6013470850e-01,6.3402262774e-01,2.6535726720e-01
2.0170000000e+00,6.6076886380e-01,6.3428794121e-01,2.6526965383e-01
2.0180000000e+00,6.6140328436e-01,6.3455316703e-01,2.6518198529e-01
2.0190000000e+00,6.6203797010e-01,6.3481830516e-01,2.6509426161e-01
2.0200000000e+00,6.6267292094e-01,6.3508335553e-01,2.6500648283e-01
2.0210000000e+00,6.6330813678e-01,6.3534831810e-01,2.6491864900e-01
2.0220000000e+00,6.6394361754e-01,6.3561319281e-01,2.6483076015e-01
2.0230000000e+00,6.6457936314e-01,6.3587797961e-01,2.6474281632e-01
2.0240000000e+00,6.6521537347e-01,6.3614267843e-01,2.6465481755e-01
2.0250000000e+00,6.6585164847e-01,6.3640728922e-01,2.6456676388e-01
2.0260000000e+00,6.6648818802e-01,6.3667181194e-01,2.6447865535e-01
2.0270000000e+00,6.6712499206e-01,6.3693624652e-01,2.6439049200e-01
2.0280000000e+00,6.6776206049e-01,6.3720059290e-01,2.6430227386e-01
2.0290000000e+00,6.6839939322e-01,6.3746485105e-01,2.6421400098e-01
2.0300000000e+00,6.6903699016e-01,6.3772902089e-01,2.6412567339e-01
2.0310000000e+00,6.6967485123e-01,6.3799310237e-01,2.6403729115e-01
2.0320000000e+00,6.7031297634e-01,6.3825709545e-01,2.6394885427e-01
2.0330000000e+00,6.7095136539e-01,6.3852100006e-01,2.6386036282e-01
2.0340000000e+00,6.7159001831e-01,6.3878481616e-01,2.6377181682e-01
2.0350000000e+00,6.7222893499e-01,6.3904854368e-01,2.6368321631e-01
2.0360000000e+00,6.7286811536e-01,6.3931218257e-01,2.6359456134e-01
2.0370000000e+00,6.7350755933e-01,6.3957573278e-01,2.6350585195e-01
2.0380000000e+00,6.7414726680e-01,6.3983919426e-01,2.6341708817e-01
2.0390000000e+00,6.7478723769e-01,6.4010256694e-01,2.6332827005e-01
2.0400000000e+00,6.7542747190e-01,6.4036585078e-01,2.6323939763e-01
2.0410000000e+00,6.7606796936e-01,6.4062904572e-01,2.6315047095e-01
2.0420000000e+00,6.7670872997e-01,6.4089215170e-01,2.6306149004e-01
2.0430000000e+00,6.7734975363e-01,6.4115516868e-01,2.6297245495e-01
2.0440000000e+00,6.7799104027e-01,6.4141809660e-01,2.6288336572e-01
2.0450000000e+00,6.7863258980e-01,6.4168093540e-01,2.6279422240e-01
2.0460000000e+00,6.7927440211e-01,6.4194368502e-01,2.6270502501e-01
2.0470000000e+00,6.7991647714e-01,6.4220634543e-01,2.6261577361e-01
2.0480000000e+00,6.8055881478e-01,6.4246891655e-01,2.6252646824e-01
2.0490000000e+00,6.8120141494e-01,6.4273139835e-01,2.6243710893e-01
2.0500000000e+00,6.8184427754e-01,6.4299379075e-01,2.6234769572e-01
2.0510000000e+00,6.8248740249e-01,6.4325609372e-01,2.6225822866e-01
2.0520000000e+00,6.8313078970e-01,6.4351830719e-01,2.6216870780e-01
2.0530000000e+00,6.8377443908e-01,6.4378043112e-01,2.6207913316e-01
2.0540000000e+00,6.8441835053e-01,6.4404246544e-01,2.6198950480e-01
2.0550000000e+00,6.8506252398e-01,6.4430441011e-01,2.6189982275e-01
2.0560000000e+00,6.8570695932e-01,6.4456626507e-01,2.6181008706e-01
2.0570000000e+00,6.8635165648e-01,6.4482803026e-01,2.6172029777e-01
2.0580000000e+00,6.8699661535e-01,6.4508970565e-01,2.6163045491e-01
2.0590000000e+00,6.8764183586e-01,6.4535129116e-01,2.6154055854e-01
2.0600000000e+00,6.8828731791e-01,6.4561278674e-01,2.6145060870e-01
2.0610000000e+00,6.8893306140e-01,6.4587419236e-01,2.6136060542e-01
2.0620000000e+00,6.8957906626e-01,6.4613550794e-01,2.6127054875e-01
2.0630000000e+00,6.9022533239e-01,6.4639673344e-01,2.6118043873e-01
2.0640000000e+00,6.9087185970e-01,6.4665786880e-01,2.6109027541e-01
2.0650000000e+00,6.9151864810e-01,6.4691891397e-01,2.6100005882e-01
2.0660000000e+00,6.9216569750e-01,6.4717986890e-01,2.6090978902e-01
2.0670000000e+00,6.9281300780e-01,6.4744073353e-01,2.6081946603e-01
2.0680000000e+00,6.9346057893e-01,6.4770150781e-01,2.6072908991e-01
2.0690000000e+00,6.9410841079e-01,6.4796219169e-01,2.6063866070e-01
2.0700000000e+00,6.9475650329e-01,6.4822278512e-01,2.6054817844e-01
2.0710000000e+00,6.9540485633e-01,6.4848328803e-01,2.6045764317e-01
2.0720000000e+00,6.9605346983e-01,6.4874370038e-01,2.6036705494e-01
2.0730000000e+00,6.9670234370e-01,6.4900402212e-01,2.6027641379e-01
2.0740000000e+00,6.9735147785e-01,6.4926425319e-01,2.6018571977e-01
2.0750000000e+00,6.9800087218e-01,6.4952439355e-01,2.6009497291e-01
2.0760000000e+00,6.9865052660e-01,6.4978444312e-01,2.6000417327e-01
2.0770000000e+00,6.9930044103e-01,6.5004440187e-01,2.5991332087e-01
2.0780000000e+00,6.9995061538e-01,6.5030426975e-01,2.5982241578e-01
2.0790000000e+00,7.0060104954e-01,6.5056404669e-01,2.5973145803e-01
2.0800000000e+00,7.0125174344e-01,6.5082373265e-01,2.5964044766e-01
2.0810000000e+00,7.0190269698e-01,6.5108332757e-01,2.5954938473e-01
2.0820000000e+00,7.0255391006e-01,6.5134283140e-01,2.5945826927e-01
2.0830000000e+00,7.0320538261e-01,6.5160224409e-01,2.5936710132e-01
2.0840000000e+00,7.0385711452e-01,6.5186156558e-01,2.5927588094e-01
2.0850000000e+00,7.0450910571e-01,6.5212079583e-01,2.5918460816e-01
2.0860000000e+00,7.0516135608e-01,6.5237993478e-01,2.5909328304e-01
2.0870000000e+00,7.0581386555e-01,6.5263898238e-01,2.5900190561e-01
2.0880000000e+00,7.0646663402e-01,6.5289793858e-01,2.5891047592e-01
2.0890000000e+00,7.0711966140e-01,6.5315680331e-01,2.5881899401e-01
2.0900000000e+00,7.0777294759e-01,6.5341557655e-01,2.5872745993e-01
2.0910000000e+00,7.0842649252e-01,6.5367425822e-01,2.5863587373e-01
2.0920000000e+00,7.0908029608e-01,6.5393284828e-01,2.5854423544e-01
2.0930000000e+00,7.0973435818e-01,6.5419134667e-01,2.5845254512e-01
2.0940000000e+00,7.1038867874e-01,6.5444975335e-01,2.5836080280e-01
2.0950000000e+00,7.1104325766e-01,6.5470806826e-01,2.5826900854e-01
2.0960000000e+00,7.1169809485e-01,6.5496629135e-01,2.5817716238e-01
2.0970000000e+00,7.1235319021e-01,6.5522442257e-01,2.5808526436e-01
2.0980000000e+00,7.1300854366e-01,6.5548246186e-01,2.5799331454e-01
2.0990000000e+00,7.1366415511e-01,6.5574040918e-01,2.5790131294e-01
2.1000000000e+00,7.1432002445e-01,6.5599826447e-01,2.5780925963e-01
2.1010000000e+00,7.1497615160e-01,6.5625602768e-01,2.5771715464e-01
2.1020000000e+00,7.1563253647e-01,6.5651369876e-01,2.5762499802e-01
2.1030000000e+00,7.1628917897e-01,6.5677127766e-01,2.5753278983e-01
2.1040000000e+00,7.1694607900e-01,6.5702876432e-01,2.5744053009e-01
2.1050000000e+00,7.1760323647e-01,6.5728615870e-01,2.5734821886e-01
2.1060000000e+00,7.1826065129e-01,6.5754346074e-01,2.5725585619e-01
2.1070000000e+00,7.1891832336e-01,6.5780067040e-01,2.5716344212e-01
2.1080000000e+00,7.1957625260e-01,6.5805778761e-01,2.5707097669e-01
2.1090000000e+00,7.2023443890e-01,6.5831481233e-01,2.5697845996e-01
2.1100000000e+00,7.2089288219e-01,6.5857174451e-01,2.5688589197e-01
2.1110000000e+00,7.2155158236e-01,6.5882858410e-01,2.5679327277e-01
2.1120000000e+00,7.2221053933e-01,6.5908533104e-01,2.5670060240e-01
2.1130000000e+00,7.2286975299e-01,6.5934198529e-01,2.5660788090e-01
2.1140000000e+00,7.2352922327e-01,6.5959854679e-01,2.5651510834e-01
2.1150000000e+00,7.2418895006e-01,6.5985501549e-01,2.5642228474e-01
2.1160000000e+00,7.2484893327e-01,6.6011139134e-01,2.5632941017e-01
2.1170000000e+00,7.2550917281e-01,6.6036767429e-01,2.5623648466e-01
2.1180000000e+00,7.2616966858e-01,6.6062386429e-01,2.5614350826e-01
2.1190000000e+00,7.2683042050e-01,6.6087996129e-01,2.5605048103e-01
2.1200000000e+00,7.2749142848e-01,6.6113596524e-01,2.5595740300e-01
2.1210000000e+00,7.2815269240e-01,6.6139187608e-01,2.5586427423e-01
2.1220000000e+00,7.2881421220e-01,6.6164769377e-01,2.5577109476e-01
2.1230000000e+00,7.2947598776e-01,6.6190341825e-01,2.5567786463e-01
2.1240000000e+00,7.3013801900e-01,6.6215904948e-01,2.5558458391e-01
2.1250000000e+00,7.3080030583e-01,6.6241458740e-01,2.5549125263e-01
2.1260000000e+00,7.3146284815e-01,6.6267003197e-01,2.5539787084e-01
2.1270000000e+00,7.3212564586e-01,6.6292538313e-01,2.5530443859e-01
2.1280000000e+00,7.3278869888e-01,6.6318064083e-01,2.5521095593e-01
2.1290000000e+00,7.3345200711e-01,6.6343580502e-01,2.5511742290e-01
2.1300000000e+00,7.3411557046e-01,6.6369087566e-01,2.5502383956e-01
2.1310000000e+00,7.3477938883e-01,6.6394585269e-01,2.5493020595e-01
2.1320000000e+00,7.3544346213e-01,6.6420073605e-01,2.5483652211e-01
2.1330000000e+00,7.3610779027e-01,6.6445552571e-01,2.5474278811e-01
2.1340000000e+00,7.3677237315e-01,6.6471022161e-01,2.5464900398e-01
2.1350000000e+00,7.3743721068e-01,6.6496482370e-01,2.5455516977e-01
2.1360000000e+00,7.3810230277e-01,6.6521933194e-01,2.5446128554e-01
2.1370000000e+00,7.3876764932e-01,6.6547374626e-01,2.5436735133e-01
2.1380000000e+00,7.3943325023e-01,6.6572806662e-01,2.5427336719e-01
2.1390000000e+00,7.4009910542e-01,6.6598229298e-01,2.5417933316e-01
2.1400000000e+00,7.4076521479e-01,6.6623642527e-01,2.5408524930e-01
2.1410000000e+00,7.4143157824e-01,6.6649046346e-01,2.5399111566e-01
2.1420000000e+00,7.4209819568e-01,6.6674440749e-01,2.5389693229e-01
2.1430000000e+00,7.4276506702e-01,6.6699825731e-01,2.5380269922e-01
2.1440000000e+00,7.4343219216e-01,6.6725201287e-01,2.5370841652e-01
2.1450000000e+00,7.4409957102e-01,6.6750567412e-01,2.5361408424e-01
2.1460000000e+00,7.4476720348e-01,6.6775924102e-01,2.5351970241e-01
2.1470000000e+00,7.4543508947e-01,6.6801271351e-01,2.5342527109e-01
2.1480000000e+00,7.4610322888e-01,6.6826609155e-01,2.5333079034e-01
2.1490000000e+00,7.4677162162e-01,6.6851937508e-01,2.5323626019e-01
2.1500000000e+00,7.4744026760e-01,6.6877256405e-01,2.5314168070e-01
2.1510000000e+00,7.4810916671e-01,6.6902565842e-01,2.5304705192e-01
2.1520000000e+00,7.4877831888e-01,6.6927865814e-01,2.5295237390e-01
2.1530000000e+00,7.4944772400e-01,6.6953156315e-01,2.5285764668e-01
2.1540000000e+00,7.5011738198e-01,6.6978437341e-01,2.5276287033e-01
2.1550000000e+00,7.5078729271e-01,6.7003708888e-01,2.5266804488e-01
2.1560000000e+00,7.5145745612e-01,6.7028970949e-01,2.5257317039e-01
2.1570000000e+00,7.5212787210e-01,6.7054223520e-01,2.5247824690e-01
2.1580000000e+00,7.5279854056e-01,6.7079466597e-01,2.5238327448e-01
2.1590000000e+00,7.5346946140e-01,6.7104700173e-01,2.5228825316e-01
2.1600000000e+00,7.5414063453e-01,6.7129924246e-01,2.5219318300e-01
2.1610000000e+00,7.5481205986e-01,6.7155138808e-01,2.5209806405e-01
2.1620000000e+00,7.5548373728e-01,6.7180343857e-01,2.5200289636e-01
2.1630000000e+00,7.5615566670e-01,6.7205539386e-01,2.5190767998e-01
2.1640000000e+00,7.5682784803e-01,6.7230725391e-01,2.5181241495e-01
2.1650000000e+00,7.5750028118e-01,6.7255901867e-01,2.5171710134e-01
2.1660000000e+00,7.5817296604e-01,6.7281068810e-01,2.5162173920e-01
2.1670000000e+00,7.5884590252e-01,6.7306226214e-01,2.5152632856e-01
2.1680000000e+00,7.5951909053e-01,6.7331374074e-01,2.5143086949e-01
2.1690000000e+00,7.6019252997e-01,6.7356512386e-01,2.5133536203e-01
2.1700000000e+00,7.6086622075e-01,6.7381641145e-01,2.5123980624e-01
2.1710000000e+00,7.6154016276e-01,6.7406760345e-01,2.5114420217e-01
2.1720000000e+00,7.6221435592e-01,6.7431869983e-01,2.5104854986e-01
2.1730000000e+00,7.6288880013e-01,6.7456970054e-01,2.5095284938e-01
2.1740000000e+00,7.6356349529e-01,6.7482060552e-01,2.5085710076e-01
2.1750000000e+00,7.6423844131e-01,6.7507141472e-01,2.5076130407e-01
2.1760000000e+00,7.6491363809e-01,6.7532212811e-01,2.5066545935e-01
2.1770000000e+00,7.6558908553e-01,6.7557274563e-01,2.5056956666e-01
2.1780000000e+00,7.6626478355e-01,6.7582326723e-01,2.5047362604e-01
2.1790000000e+00,7.6694073204e-01,6.7607369286e-01,2.5037763756e-01
2.1800000000e+00,7.6761693090e-01,6.7632402249e-01,2.5028160125e-01
2.1810000000e+00,7.6829338005e-01,6.7657425605e-01,2.5018551718e-01
2.1820000000e+00,7.6897007938e-01,6.7682439350e-01,2.5008938539e-01
2.1830000000e+00,7.6964702880e-01,6.7707443480e-01,2.4999320594e-01
2.1840000000e+00,7.7032422822e-01,6.7732437990e-01,2.4989697888e-01
2.1850000000e+00,7.7100167753e-01,6.7757422875e-01,2.4980070426e-01
2.1860000000e+00,7.7167937664e-01,6.7782398129e-01,2.4970438214e-01
2.1870000000e+00,7.7235732546e-01,6.7807363749e-01,2.4960801256e-01
2.1880000000e+00,7.7303552389e-01,6.7832319730e-01,2.4951159558e-01
2.1890000000e+00,7.7371397182e-01,6.7857266067e-01,2.4941513125e-01
2.1900000000e+00,7.7439266918e-01,6.7882202755e-01,2.4931861962e-01
2.1910000000e+00,7.7507161585e-01,6.7907129789e-01,2.4922206075e-01
2.1920000000e+00,7.7575081174e-01,6.7932047166e-01,2.4912545469e-01
2.1930000000e+00,7.7643025676e-01,6.7956954879e-01,2.4902880150e-01
2.1940000000e+00,7.7710995081e-01,6.7981852924e-01,2.4893210122e-01
2.1950000000e+00,7.7778989378e-01,6.8006741297e-01,2.4883535390e-01
2.1960000000e+00,7.7847008560e-01,6.8031619993e-01,2.4873855961e-01
2.1970000000e+00,7.7915052615e-01,6.8056489008e-01,2.4864171839e-01
2.1980000000e+00,7.7983121535e-01,6.8081348336e-01,2.4854483030e-01
2.1990000000e+00,7.8051215309e-01,6.8106197972e-01,2.4844789539e-01
2.2000000000e+00,7.8119333927e-01,6.8131037913e-01,2.4835091372e-01
2.2010000000e+00,7.8187477381e-01,6.8155868153e-01,2.4825388533e-01
2.2020000000e+00,7.8255645660e-01,6.8180688689e-01,2.4815681029e-01
2.2030000000e+00,7.8323838755e-01,6.8205499514e-01,2.4805968863e-01
2.2040000000e+00,7.8392056656e-01,6.8230300625e-01,2.4796252043e-01
2.2050000000e+00,7.8460299353e-01,6.8255092016e-01,2.4786530573e-01
2.2060000000e+00,7.8528566837e-01,6.8279873684e-01,2.4776804459e-01
2.2070000000e+00,7.8596859098e-01,6.8304645624e-01,2.4767073706e-01
2.2080000000e+00,7.8665176125e-01,6.8329407830e-01,2.4757338319e-01
2.2090000000e+00,7.8733517910e-01,6.8354160299e-01,2.4747598304e-01
2.2100000000e+00,7.8801884442e-01,6.8378903025e-01,2.4737853666e-01
2.2110000000e+00,7.8870275713e-01,6.8403636005e-01,2.4728104411e-01
2.2120000000e+00,7.8938691711e-01,6.8428359233e-01,2.4718350544e-01
2.2130000000e+00,7.9007132428e-01,6.8453072704e-01,2.4708592070e-01
2.2140000000e+00,7.9075597853e-01,6.8477776415e-01,2.4698828995e-01
2.2150000000e+00,7.9144087978e-01,6.8502470361e-01,2.4689061325e-01
2.2160000000e+00,7.9212602791e-01,6.8527154536e-01,2.4679289065e-01
2.2170000000e+00,7.9281142283e-01,6.8551828937e-01,2.4669512220e-01
2.2180000000e+00,7.9349706445e-01,6.8576493559e-01,2.4659730795e-01
2.2190000000e+00,7.9418295267e-01,6.8601148397e-01,2.4649944797e-01
2.2200000000e+00,7.9486908739e-01,6.8625793447e-01,2.4640154231e-01
2.2210000000e+00,7.9555546851e-01,6.8650428704e-01,2.4630359102e-01
2.2220000000e+00,7.9624209593e-01,6.8675054164e-01,2.4620559416e-01
2.2230000000e+00,7.9692896956e-01,6.8699669822e-01,2.4610755178e-01
2.2240000000e+00,7.9761608929e-01,6.8724275673e-01,2.4600946394e-01
2.2250000000e+00,7.9830345504e-01,6.8748871713e-01,2.4591133070e-01
2.2260000000e+00,7.9899106670e-01,6.8773457937e-01,2.4581315210e-01
2.2270000000e+00,7.9967892417e-01,6.8798034342e-01,2.4571492820e-01
2.2280000000e+00,8.0036702735e-01,6.8822600922e-01,2.4561665907e-01
2.2290000000e+00,8.0105537615e-01,6.8847157672e-01,2.4551834475e-01
2.2300000000e+00,8.0174397047e-01,6.8871704589e-01,2.4541998529e-01
2.2310000000e+00,8.0243281021e-01,6.8896241668e-01,2.4532158077e-01
2.2320000000e+00,8.0312189527e-01,6.8920768904e-01,2.4522313123e-01
2.2330000000e+00,8.0381122556e-01,6.8945286292e-01,2.4512463672e-01
2.2340000000e+00,8.0450080096e-01,6.8969793830e-01,2.4502609731e-01
2.2350000000e+00,8.0519062140e-01,6.8994291510e-01,2.4492751305e-01
2.2360000000e+00,8.0588068676e-01,6.9018779331e-01,2.4482888399e-01
2.2370000000e+00,8.0657099695e-01,6.9043257286e-01,2.4473021020e-01
2.2380000000e+00,8.0726155187e-01,6.9067725371e-01,2.4463149172e-01
2.2390000000e+00,8.0795235143e-01,6.9092183583e-01,2.4453272862e-01
2.2400000000e+00,8.0864339551e-01,6.9116631915e-01,2.4443392095e-01
2.2410000000e+00,8.0933468403e-01,6.9141070365e-01,2.4433506876e-01
2.2420000000e+00,8.1002621689e-01,6.9165498928e-01,2.4423617212e-01
2.2430000000e+00,8.1071799398e-01,6.9189917598e-01,2.4413723108e-01
2.2440000000e+00,8.1141001521e-01,6.9214326372e-01,2.4403824569e-01
2.2450000000e+00,8.1210228047e-01,6.9238725246e-01,2.4393921602e-01
2.2460000000e+00,8.1279478968e-01,6.9263114214e-01,2.4384014212e-01
2.2470000000e+00,8.1348754272e-01,6.9287493273e-01,2.4374102404e-01
2.2480000000e+00,8.1418053951e-01,6.9311862418e-01,2.4364186185e-01
2.2490000000e+00,8.1487377994e-01,6.9336221644e-01,2.4354265560e-01
2.2500000000e+00,8.1556726391e-01,6.9360570947e-01,2.4344340535e-01
2.2510000000e+00,8.1626099133e-01,6.9384910323e-01,2.4334411115e-01
2.2520000000e+00,8.1695496208e-01,6.9409239768e-01,2.4324477306e-01
2.2530000000e+00,8.1764917609e-01,6.9433559277e-01,2.4314539114e-01
2.2540000000e+00,8.1834363324e-01,6.9457868845e-01,2.4304596545e-01
2.2550000000e+00,8.1903833343e-01,6.9482168468e-01,2.4294649604e-01
2.2560000000e+00,8.1973327657e-01,6.9506458142e-01,2.4284698298e-01
2.2570000000e+00,8.2042846256e-01,6.9530737863e-01,2.4274742631e-01
2.2580000000e+00,8.2112389130e-01,6.9555007626e-01,2.4264782610e-01
2.2590000000e+00,8.2181956268e-01,6.9579267427e-01,2.4254818240e-01
2.2600000000e+00,8.2251547661e-01,6.9603517261e-01,2.4244849528e-01
2.2610000000e+00,8.2321163299e-01,6.9627757125e-01,2.4234876478e-01
2.2620000000e+00,8.2390803172e-01,6.9651987013e-01,2.4224899097e-01
2.2630000000e+00,8.2460467270e-01,6.9676206921e-01,2.4214917391e-01
2.2640000000e+00,8.2530155583e-01,6.9700416846e-01,2.4204931365e-01
2.2650000000e+00,8.2599868100e-01,6.9724616783e-01,2.4194941026e-01
2.2660000000e+00,8.2669604813e-01,6.9748806727e-01,2.4184946378e-01
2.2670000000e+00,8.2739365710e-01,6.9772986674e-01,2.4174947428e-01
2.2680000000e+00,8.2809150783e-01,6.9797156620e-01,2.4164944182e-01
2.2690000000e+00,8.2878960020e-01,6.9821316561e-01,2.4154936645e-01
2.2700000000e+00,8.2948793413e-01,6.9845466492e-01,2.4144924823e-01
2.2710000000e+00,8.3018650950e-01,6.9869606409e-01,2.4134908723e-01
2.2720000000e+00,8.3088532622e-01,6.9893736308e-01,2.4124888350e-01
2.2730000000e+00,8.3158438419e-01,6.9917856184e-01,2.4114863709e-01
2.2740000000e+00,8.3228368331e-01,6.9941966034e-01,2.4104834807e-01
2.2750000000e+00,8.3298322348e-01,6.9966065853e-01,2.4094801650e-01
2.2760000000e+00,8.3368300460e-01,6.9990155636e-01,2.4084764244e-01
2.2770000000e+00,8.3438302656e-01,7.0014235380e-01,2.4074722594e-01
2.2780000000e+00,8.3508328927e-01,7.0038305080e-01,2.4064676706e-01
2.2790000000e+00,8.3578379263e-01,7.0062364732e-01,2.4054626586e-01
2.2800000000e+00,8.3648453653e-01,7.0086414332e-01,2.4044572241e-01
2.2810000000e+00,8.3718552088e-01,7.0110453875e-01,2.4034513675e-01
2.2820000000e+00,8.3788674557e-01,7.0134483357e-01,2.4024450896e-01
2.2830000000e+00,8.3858821051e-01,7.0158502775e-01,2.4014383908e-01
2.2840000000e+00,8.3928991560e-01,7.0182512124e-01,2.4004312719e-01
2.2850000000e+00,8.3999186072e-01,7.0206511399e-01,2.3994237333e-01
2.2860000000e+00,8.4069404579e-01,7.0230500597e-01,2.3984157757e-01
2.2870000000e+00,8.4139647070e-01,7.0254479713e-01,2.3974073996e-01
2.2880000000e+00,8.4209913535e-01,7.0278448744e-01,2.3963986057e-01
2.2890000000e+00,8.4280203964e-01,7.0302407684e-01,2.3953893946e-01
2.2900000000e+00,8.4350518347e-01,7.0326356530e-01,2.3943797669e-01
2.2910000000e+00,8.4420856674e-01,7.0350295278e-01,2.3933697231e-01
2.2920000000e+00,8.4491218934e-01,7.0374223923e-01,2.3923592638e-01
2.2930000000e+00,8.4561605118e-01,7.0398142462e-01,2.3913483898e-01
2.2940000000e+00,8.4632015216e-01,7.0422050890e-01,2.3903371015e-01
2.2950000000e+00,8.4702449217e-01,7.0445949203e-01,2.3893253995e-01
2.2960000000e+00,8.4772907111e-01,7.0469837396e-01,2.3883132845e-01
2.2970000000e+00,8.4843388888e-01,7.0493715467e-01,2.3873007571e-01
2.2980000000e+00,8.4913894538e-01,7.0517583410e-01,2.3862878179e-01
2.2990000000e+00,8.4984424052e-01,7.0541441222e-01,2.3852744674e-01
2.3000000000e+00,8.5054977418e-01,7.0565288898e-01,2.3842607063e-01
2.3010000000e+00,8.5125554626e-01,7.0589126435e-01,2.3832465352e-01
2.3020000000e+00,8.5196155667e-01,7.0612953827e-01,2.3822319547e-01
2.3030000000e+00,8.5266780530e-01,7.0636771072e-01,2.3812169654e-01
2.3040000000e+00,8.5337429206e-01,7.0660578165e-01,2.3802015678e-01
2.3050000000e+00,8.5408101683e-01,7.0684375102e-01,2.3791857627e-01
2.3060000000e+00,8.5478797953e-01,7.0708161879e-01,2.3781695506e-01
2.3070000000e+00,8.5549518004e-01,7.0731938492e-01,2.3771529322e-01
2.3080000000e+00,8.5620261826e-01,7.0755704937e-01,2.3761359080e-01
2.3090000000e+00,8.5691029410e-01,7.0779461209e-01,2.3751184786e-01
2.3100000000e+00,8.5761820745e-01,7.0803207305e-01,2.3741006447e-01
2.3110000000e+00,8.5832635821e-01,7.0826943220e-01,2.3730824069e-01
2.3120000000e+00,8.5903474628e-01,7.0850668952e-01,2.3720637657e-01
2.3130000000e+00,8.5974337156e-01,7.0874384494e-01,2.3710447219e-01
2.3140000000e+00,8.6045223394e-01,7.0898089845e-01,2.3700252759e-01
2.3150000000e+00,8.6116133332e-01,7.0921784999e-01,2.3690054285e-01
2.3160000000e+00,8.6187066960e-01,7.0945469952e-01,2.3679851803e-01
2.3170000000e+00,8.6258024269e-01,7.0969144701e-01,2.3669645318e-01
2.3180000000e+00,8.6329005246e-01,7.0992809241e-01,2.3659434836e-01
2.3190000000e+00,8.6400009884e-01,7.1016463569e-01,2.3649220365e-01
2.3200000000e+00,8.6471038170e-01,7.1040107681e-01,2.3639001910e-01
2.3210000000e+00,8.6542090096e-01,7.1063741572e-01,2.3628779477e-01
2.3220000000e+00,8.6613165650e-01,7.1087365238e-01,2.3618553072e-01
2.3230000000e+00,8.6684264823e-01,7.1110978676e-01,2.3608322702e-01
2.3240000000e+00,8.6755387604e-01,7.1134581882e-01,2.3598088373e-01
2.3250000000e+00,8.6826533983e-01,7.1158174852e-01,2.3587850091e-01
2.3260000000e+00,8.6897703950e-01,7.1181757581e-01,2.3577607863e-01
2.3270000000e+00,8.6968897495e-01,7.1205330066e-01,2.3567361694e-01
2.3280000000e+00,8.7040114607e-01,7.1228892303e-01,2.3557111590e-01
2.3290000000e+00,8.7111355276e-01,7.1252444288e-01,2.3546857559e-01
2.3300000000e+00,8.7182619492e-01,7.1275986017e-01,2.3536599605e-01
2.3310000000e+00,8.7253907245e-01,7.1299517486e-01,2.3526337737e-01
2.3320000000e+00,8.7325218524e-01,7.1323038691e-01,2.3516071959e-01
2.3330000000e+00,8.7396553319e-01,7.1346549629e-01,2.3505802278e-01
2.3340000000e+00,8.7467911619e-01,7.1370050295e-01,2.3495528700e-01
2.3350000000e+00,8.7539293416e-01,7.1393540685e-01,2.3485251231e-01
2.3360000000e+00,8.7610698697e-01,7.1417020796e-01,2.3474969879e-01
2.3370000000e+00,8.7682127454e-01,7.1440490623e-01,2.3464684648e-01
2.3380000000e+00,8.7753579675e-01,7.1463950164e-01,2.3454395546e-01
2.3390000000e+00,8.7825055351e-01,7.1487399413e-01,2.3444102579e-01
2.3400000000e+00,8.7896554471e-01,7.1510838368e-01,2.3433805752e-01
2.3410000000e+00,8.7968077024e-01,7.1534267023e-01,2.3423505073e-01
2.3420000000e+00,8.8039623001e-01,7.1557685376e-01,2.3413200547e-01
2.3430000000e+00,8.8111192391e-01,7.1581093423e-01,2.3402892182e-01
2.3440000000e+00,8.8182785185e-01,7.1604491160e-01,2.3392579982e-01
2.3450000000e+00,8.8254401370e-01,7.1627878582e-01,2.3382263955e-01
2.3460000000e+00,8.8326040938e-01,7.1651255686e-01,2.3371944107e-01
2.3470000000e+00,8.8397703878e-01,7.1674622469e-01,2.3361620444e-01
2.3480000000e+00,8.8469390180e-01,7.1697978926e-01,2.3351292973e-01
2.3490000000e+00,8.8541099833e-01,7.1721325053e-01,2.3340961700e-01
2.3500000000e+00,8.8612832826e-01,7.1744660848e-01,2.3330626631e-01
2.3510000000e+00,8.8684589151e-01,7.1767986305e-01,2.3320287773e-01
2.3520000000e+00,8.8756368796e-01,7.1791301422e-01,2.3309945132e-01
2.3530000000e+00,8.8828171750e-01,7.1814606194e-01,2.3299598714e-01
2.3540000000e+00,8.8899998005e-01,7.1837900618e-01,2.3289248526e-01
2.3550000000e+00,8.8971847548e-01,7.1861184690e-01,2.3278894575e-01
2.3560000000e+00,8.9043720371e-01,7.1884458406e-01,2.3268536866e-01
2.3570000000e+00,8.9115616461e-01,7.1907721763e-01,2.3258175406e-01
2.3580000000e+00,8.9187535811e-01,7.1930974756e-01,2.3247810202e-01
2.3590000000e+00,8.9259478408e-01,7.1954217382e-01,2.3237441259e-01
2.3600000000e+00,8.9331444242e-01,7.1977449637e-01,2.3227068585e-01
2.3610000000e+00,8.9403433303e-01,7.2000671518e-01,2.3216692186e-01
2.3620000000e+00,8.9475445581e-01,7.2023883020e-01,2.3206312067e-01
2.3630000000e+00,8.9547481066e-01,7.2047084141e-01,2.3195928237e-01
2.3640000000e+00,8.9619539746e-01,7.2070274875e-01,2.3185540700e-01
2.3650000000e+00,8.9691621612e-01,7.2093455221e-01,2.3175149464e-01
2.3660000000e+00,8.9763726653e-01,7.2116625173e-01,2.3164754535e-01
2.3670000000e+00,8.9835854859e-01,7.2139784729e-01,2.3154355919e-01
2.3680000000e+00,8.9908006219e-01,7.2162933884e-01,2.3143953623e-01
2.3690000000e+00,8.9980180723e-01,7.2186072635e-01,2.3133547654e-01
2.3700000000e+00,9.0052378361e-01,7.2209200978e-01,2.3123138017e-01
2.3710000000e+00,9.0124599122e-01,7.2232318910e-01,2.3112724720e-01
2.3720000000e+00,9.0196842995e-01,7.2255426426e-01,2.3102307769e-01
2.3730000000e+00,9.0269109971e-01,7.2278523524e-01,2.3091887170e-01
2.3740000000e+00,9.0341400039e-01,7.2301610199e-01,2.3081462930e-01
2.3750000000e+00,9.0413713188e-01,7.2324686449e-01,2.3071035056e-01
2.3760000000e+00,9.0486049408e-01,7.2347752268e-01,2.3060603553e-01
2.3770000000e+00,9.0558408689e-01,7.2370807654e-01,2.3050168429e-01
2.3780000000e+00,9.0630791020e-01,7.2393852604e-01,2.3039729689e-01
2.3790000000e+00,9.0703196391e-01,7.2416887113e-01,2.3029287342e-01
2.3800000000e+00,9.0775624791e-01,7.2439911177e-01,2.3018841392e-01
2.3810000000e+00,9.0848076210e-01,7.2462924794e-01,2.3008391847e-01
2.3820000000e+00,9.0920550637e-01,7.2485927960e-01,2.2997938713e-01
2.3830000000e+00,9.0993048062e-01,7.2508920670e-01,2.2987481996e-01
2.3840000000e+00,9.1065568475e-01,7.2531902923e-01,2.2977021704e-01
2.3850000000e+00,9.1138111865e-01,7.2554874713e-01,2.2966557843e-01
2.3860000000e+00,9.1210678221e-01,7.2577836037e-01,2.2956090419e-01
2.3870000000e+00,9.1283267533e-01,7.2600786892e-01,2.2945619440e-01
2.3880000000e+00,9.1355879791e-01,7.2623727275e-01,2.2935144910e-01
2.3890000000e+00,9.1428514984e-01,7.2646657181e-01,2.2924666838e-01
2.3900000000e+00,9.1501173102e-01,7.2669576607e-01,2.2914185230e-01
2.3910000000e+00,9.1573854134e-01,7.2692485550e-01,2.2903700092e-01
2.3920000000e+00,9.1646558070e-01,7.2715384006e-01,2.2893211431e-01
2.3930000000e+00,9.1719284898e-01,7.2738271972e-01,2.2882719254e-01
2.3940000000e+00,9.1792034610e-01,7.2761149444e-01,2.2872223567e-01
2.3950000000e+00,9.1864807194e-01,7.2784016418e-01,2.2861724377e-01
2.3960000000e+00,9.1937602639e-01,7.2806872891e-01,2.2851221690e-01
2.3970000000e+00,9.2010420936e-01,7.2829718860e-01,2.2840715514e-01
2.3980000000e+00,9.2083262074e-01,7.2852554321e-01,2.2830205854e-01
2.3990000000e+00,9.2156126041e-01,7.2875379271e-01,2.2819692718e-01
2.4000000000e+00,9.2229012829e-01,7.2898193705e-01,2.2809176112e-01
2.4010000000e+00,9.2301922425e-01,7.2920997622e-01,2.2798656042e-01
2.4020000000e+00,9.2374854820e-01,7.2943791016e-01,2.2788132516e-01
2.4030000000e+00,9.2447810004e-01,7.2966573886e-01,2.2777605540e-01
2.4040000000e+00,9.2520787965e-01,7.2989346226e-01,2.2767075121e-01
2.4050000000e+00,9.2593788693e-01,7.3012108035e-01,2.2756541265e-01
2.4060000000e+00,9.2666812177e-01,7.3034859308e-01,2.2746003979e-01
2.4070000000e+00,9.2739858408e-01,7.3057600041e-01,2.2735463270e-01
2.4080000000e+00,9.2812927374e-01,7.3080330233e-01,2.2724919145e-01
2.4090000000e+00,9.2886019065e-01,7.3103049879e-01,2.2714371610e-01
2.4100000000e+00,9.2959133470e-01,7.3125758975e-01,2.2703820672e-01
2.4110000000e+00,9.3032270579e-01,7.3148457519e-01,2.2693266337e-01
2.4120000000e+00,9.3105430382e-01,7.3171145507e-01,2.2682708613e-01
2.4130000000e+00,9.3178612867e-01,7.3193822935e-01,2.2672147506e-01
2.4140000000e+00,9.3251818024e-01,7.3216489800e-01,2.2661583023e-01
2.4150000000e+00,9.3325045843e-01,7.3239146100e-01,2.2651015170e-01
2.4160000000e+00,9.3398296313e-01,7.3261791830e-01,2.2640443955e-01
2.4170000000e+00,9.3471569423e-01,7.3284426987e-01,2.2629869383e-01
2.4180000000e+00,9.3544865163e-01,7.3307051567e-01,2.2619291463e-01
2.4190000000e+00,9.3618183522e-01,7.3329665568e-01,2.2608710200e-01
2.4200000000e+00,9.3691524491e-01,7.3352268987e-01,2.2598125601e-01
2.4210000000e+00,9.3764888057e-01,7.3374861819e-01,2.2587537674e-01
2.4220000000e+00,9.3838274211e-01,7.3397444061e-01,2.2576946424e-01
2.4230000000e+00,9.3911682942e-01,7.3420015710e-01,2.2566351859e-01
2.4240000000e+00,9.3985114239e-01,7.3442576763e-01,2.2555753986e-01
2.4250000000e+00,9.4058568092e-01,7.3465127217e-01,2.2545152810e-01
2.4260000000e+00,9.4132044490e-01,7.3487667068e-01,2.2534548340e-01
2.4270000000e+00,9.4205543422e-01,7.3510196313e-01,2.2523940581e-01
2.4280000000e+00,9.4279064879e-01,7.3532714948e-01,2.2513329542e-01
2.4290000000e+00,9.4352608848e-01,7.3555222971e-01,2.2502715227e-01
2.4300000000e+00,9.4426175321e-01,7.3577720377e-01,2.2492097645e-01
2.4310000000e+00,9.4499764286e-01,7.3600207165e-01,2.2481476802e-01
2.4320000000e+00,9.4573375732e-01,7.3622683330e-01,2.2470852705e-01
2.4330000000e+00,9.4647009649e-01,7.3645148869e-01,2.2460225360e-01
2.4340000000e+00,9.4720666026e-01,7.3667603780e-01,2.2449594775e-01
2.4350000000e+00,9.4794344853e-01,7.3690048058e-01,2.2438960957e-01
2.4360000000e+00,9.4868046119e-01,7.3712481700e-01,2.2428323911e-01
2.4370000000e+00,9.4941769813e-01,7.3734904704e-01,2.2417683646e-01
2.4380000000e+00,9.5015515924e-01,7.3757317067e-01,2.2407040168e-01
2.4390000000e+00,9.5089284443e-01,7.3779718784e-01,2.2396393484e-01
2.4400000000e+00,9.5163075358e-01,7.3802109853e-01,2.2385743600e-01
2.4410000000e+00,9.5236888659e-01,7.3824490270e-01,2.2375090524e-01
2.4420000000e+00,9.5310724335e-01,7.3846860033e-01,2.2364434262e-01
2.4430000000e+00,9.5384582376e-01,7.3869219137e-01,2.2353774822e-01
2.4440000000e+00,9.5458462770e-01,7.3891567581e-01,2.2343112210e-01
2.4450000000e+00,9.5532365508e-01,7.3913905361e-01,2.2332446433e-01
2.4460000000e+00,9.5606290577e-01,7.3936232473e-01,2.2321777498e-01
2.4470000000e+00,9.5680237969e-01,7.3958548915e-01,2.2311105412e-01
2.4480000000e+00,9.5754207672e-01,7.3980854683e-01,2.2300430181e-01
2.4490000000e+00,9.5828199675e-01,7.4003149774e-01,2.2289751814e-01
2.4500000000e+00,9.5902213968e-01,7.4025434185e-01,2.2279070316e-01
2.4510000000e+00,9.5976250540e-01,7.4047707914e-01,2.2268385694e-01
2.4520000000e+00,9.6050309380e-01,7.4069970956e-01,2.2257697957e-01
2.4530000000e+00,9.6124390478e-01,7.4092223308e-01,2.2247007109e-01
2.4540000000e+00,9.6198493823e-01,7.4114464969e-01,2.2236313159e-01
2.4550000000e+00,9.6272619404e-01,7.4136695934e-01,2.2225616113e-01
2.4560000000e+00,9.6346767211e-01,7.4158916200e-01,2.2214915978e-01
2.4570000000e+00,9.6420937233e-01,7.4181125765e-01,2.2204212762e-01
2.4580000000e+00,9.6495129459e-01,7.4203324625e-01,2.2193506471e-01
2.4590000000e+00,9.6569343879e-01,7.4225512777e-01,2.2182797111e-01
2.4600000000e+00,9.6643580481e-01,7.4247690218e-01,2.2172084691e-01
2.4610000000e+00,9.6717839256e-01,7.4269856945e-01,2.2161369217e-01
2.4620000000e+00,9.6792120191e-01,7.4292012955e-01,2.2150650696e-01
2.4630000000e+00,9.6866423278e-01,7.4314158245e-01,2.2139929135e-01
2.4640000000e+00,9.6940748504e-01,7.4336292812e-01,2.2129204541e-01
2.4650000000e+00,9.7015095860e-01,7.4358416653e-01,2.2118476921e-01
2.4660000000e+00,9.7089465334e-01,7.4380529765e-01,2.2107746282e-01
2.4670000000e+00,9.7163856916e-01,7.4402632145e-01,2.2097012631e-01
2.4680000000e+00,9.7238270595e-01,7.4424723790e-01,2.2086275974e-01
2.4690000000e+00,9.7312706360e-01,7.4446804696e-01,2.2075536320e-01
2.4700000000e+00,9.7387164201e-01,7.4468874861e-01,2.2064793675e-01
2.4710000000e+00,9.7461644106e-01,7.4490934282e-01,2.2054048046e-01
2.4720000000e+00,9.7536146066e-01,7.4512982956e-01,2.2043299439e-01
2.4730000000e+00,9.7610670068e-01,7.4535020880e-01,2.2032547863e-01
2.4740000000e+00,9.7685216104e-01,7.4557048051e-01,2.2021793324e-01
2.4750000000e+00,9.7759784161e-01,7.4579064466e-01,2.2011035829e-01
2.4760000000e+00,9.7834374229e-01,7.4601070122e-01,2.2000275385e-01
2.4770000000e+00,9.7908986298e-01,7.4623065016e-01,2.1989512000e-01
2.4780000000e+00,9.7983620356e-01,7.4645049145e-01,2.1978745679e-01
2.4790000000e+00,9.8058276392e-01,7.4667022506e-01,2.1967976431e-01
2.4800000000e+00,9.8132954397e-01,7.4688985097e-01,2.1957204263e-01
2.4810000000e+00,9.8207654359e-01,7.4710936914e-01,2.1946429181e-01
2.4820000000e+00,9.8282376267e-01,7.4732877954e-01,2.1935651192e-01
2.4830000000e+00,9.8357120111e-01,7.4754808215e-01,2.1924870304e-01
2.4840000000e+00,9.8431885880e-01,7.4776727694e-01,2.1914086523e-01
2.4850000000e+00,9.8506673563e-01,7.4798636387e-01,2.1903299857e-01
2.4860000000e+00,9.8581483149e-01,7.4820534292e-01,2.1892510313e-01
2.4870000000e+00,9.8656314628e-01,7.4842421407e-01,2.1881717898e-01
2.4880000000e+00,9.8731167988e-01,7.4864297727e-01,2.1870922619e-01
2.4890000000e+00,9.8806043220e-01,7.4886163251e-01,2.1860124483e-01
2.4900000000e+00,9.8880940311e-01,7.4908017975e-01,2.1849323498e-01
2.4910000000e+00,9.8955859252e-01,7.4929861897e-01,2.1838519669e-01
2.4920000000e+00,9.9030800032e-01,7.4951695014e-01,2.1827713005e-01
2.4930000000e+00,9.9105762639e-01,7.4973517322e-01,2.1816903513e-01
2.4940000000e+00,9.9180747063e-01,7.4995328820e-01,2.1806091199e-01
2.4950000000e+00,9.9255753293e-01,7.5017129504e-01,2.1795276071e-01
2.4960000000e+00,9.9330781318e-01,7.5038919371e-01,2.1784458136e-01
2.4970000000e+00,9.9405831128e-01,7.5060698419e-01,2.1773637401e-01
2.4980000000e+00,9.9480902711e-01,7.5082466645e-01,2.1762813873e-01
2.4990000000e+00,9.9555996057e-01,7.5104224046e-01,2.1751987560e-01
2.5000000000e+00,9.9631111156e-01,7.5125970619e-01,2.1741158468e-01
2.5010000000e+00,9.9706247995e-01,7.5147706362e-01,2.1730326604e-01
2.5020000000e+00,9.9781406565e-01,7.5169431271e-01,2.1719491977e-01
2.5030000000e+00,9.9856586854e-01,7.5191145345e-01,2.1708654592e-01
2.5040000000e+00,9.9931788852e-01,7.5212848580e-01,2.1697814458e-01
2.5050000000e+00,1.0000701255e+00,7.5234540973e-01,2.1686971580e-01
2.5060000000e+00,1.0008225793e+00,7.5256222522e-01,2.1676125968e-01
2.5070000000e+00,1.0015752499e+00,7.5277893224e-01,2.1665277626e-01
2.5080000000e+00,1.0023281371e+00,7.5299553076e-01,2.1654426564e-01
2.5090000000e+00,1.0030812409e+00,7.5321202076e-01,2.1643572788e-01
2.5100000000e+00,1.0038345611e+00,7.5342840221e-01,2.1632716305e-01
2.5110000000e+00,1.0045880977e+00,7.5364467508e-01,2.1621857122e-01
2.5120000000e+00,1.0053418505e+00,7.5386083934e-01,2.1610995247e-01
2.5130000000e+00,1.0060958193e+00,7.5407689497e-01,2.1600130686e-01
2.5140000000e+00,1.0068500042e+00,7.5429284195e-01,2.1589263448e-01
2.5150000000e+00,1.0076044050e+00,7.5450868023e-01,2.1578393539e-01
2.5160000000e+00,1.0083590215e+00,7.5472440981e-01,2.1567520966e-01
2.5170000000e+00,1.0091138538e+00,7.5494003064e-01,2.1556645737e-01
2.5180000000e+00,1.0098689016e+00,7.5515554271e-01,2.1545767858e-01
2.5190000000e+00,1.0106241648e+00,7.5537094599e-01,2.1534887338e-01
2.5200000000e+00,1.0113796434e+00,7.5558624045e-01,2.1524004183e-01
2.5210000000e+00,1.0121353373e+00,7.5580142607e-01,2.1513118401e-01
2.5220000000e+00,1.0128912462e+00,7.5601650281e-01,2.1502229998e-01
2.5230000000e+00,1.0136473702e+00,7.5623147066e-01,2.1491338983e-01
2.5240000000e+00,1.0144037091e+00,7.5644632958e-01,2.1480445362e-01
2.5250000000e+00,1.0151602628e+00,7.5666107956e-01,2.1469549142e-01
2.5260000000e+00,1.0159170313e+00,7.5687572056e-01,2.1458650331e-01
2.5270000000e+00,1.0166740142e+00,7.5709025256e-01,2.1447748936e-01
2.5280000000e+00,1.0174312117e+00,7.5730467553e-01,2.1436844964e-01
2.5290000000e+00,1.0181886236e+00,7.5751898945e-01,2.1425938423e-01
2.5300000000e+00,1.0189462497e+00,7.5773319429e-01,2.1415029320e-01
2.5310000000e+00,1.0197040899e+00,7.5794729002e-01,2.1404117662e-01
2.5320000000e+00,1.0204621442e+00,7.5816127663e-01,2.1393203456e-01
2.5330000000e+00,1.0212204124e+00,7.5837515408e-01,2.1382286710e-01
2.5340000000e+00,1.0219788945e+00,7.5858892236e-01,2.1371367431e-01
2.5350000000e+00,1.0227375902e+00,7.5880258142e-01,2.1360445626e-01
2.5360000000e+00,1.0234964996e+00,7.5901613126e-01,2.1349521303e-01
2.5370000000e+00,1.0242556225e+00,7.5922957184e-01,2.1338594468e-01
2.5380000000e+00,1.0250149587e+00,7.5944290314e-01,2.1327665130e-01
2.5390000000e+00,1.0257745082e+00,7.5965612514e-01,2.1316733295e-01
2.5400000000e+00,1.0265342709e+00,7.5986923780e-01,2.1305798970e-01
2.5410000000e+00,1.0272942467e+00,7.6008224111e-01,2.1294862164e-01
2.5420000000e+00,1.0280544354e+00,7.6029513503e-01,2.1283922884e-01
2.5430000000e+00,1.0288148369e+00,7.6050791956e-01,2.1272981135e-01
2.5440000000e+00,1.0295754512e+00,7.6072059465e-01,2.1262036927e-01
2.5450000000e+00,1.0303362781e+00,7.6093316029e-01,2.1251090267e-01
2.5460000000e+00,1.0310973175e+00,7.6114561645e-01,2.1240141161e-01
2.5470000000e+00,1.0318585693e+00,7.6135796310e-01,2.1229189617e-01
2.5480000000e+00,1.0326200333e+00,7.6157020023e-01,2.1218235642e-01
2.5490000000e+00,1.0333817096e+00,7.6178232781e-01,2.1207279244e-01
2.5500000000e+00,1.0341435980e+00,7.6199434581e-01,2.1196320430e-01
2.5510000000e+00,1.0349056983e+00,7.6220625421e-01,2.1185359207e-01
2.5520000000e+00,1.0356680104e+00,7.6241805298e-01,2.1174395583e-01
2.5530000000e+00,1.0364305343e+00,7.6262974211e-01,2.1163429565e-01
2.5540000000e+00,1.0371932699e+00,7.6284132157e-01,2.1152461161e-01
2.5550000000e+00,1.0379562170e+00,7.6305279133e-01,2.1141490378e-01
2.5560000000e+00,1.0387193754e+00,7.6326415137e-01,2.1130517222e-01
2.5570000000e+00,1.0394827452e+00,7.6347540166e-01,2.1119541702e-01
2.5580000000e+00,1.0402463262e+00,7.6368654219e-01,2.1108563825e-01
2.5590000000e+00,1.0410101183e+00,7.6389757293e-01,2.1097583599e-01
2.5600000000e+00,1.0417741213e+00,7.6410849386e-01,2.1086601030e-01
2.5610000000e+00,1.0425383352e+00,7.6431930494e-01,2.1075616126e-01
2.5620000000e+00,1.0433027599e+00,7.6453000617e-01,2.1064628895e-01
2.5630000000e+00,1.0440673952e+00,7.6474059752e-01,2.1053639343e-01
2.5640000000e+00,1.0448322410e+00,7.6495107895e-01,2.1042647479e-01
2.5650000000e+00,1.0455972973e+00,7.6516145046e-01,2.1031653309e-01
2.5660000000e+00,1.0463625639e+00,7.6537171201e-01,2.1020656841e-01
2.5670000000e+00,1.0471280407e+00,7.6558186359e-01,2.1009658083e-01
2.5680000000e+00,1.0478937276e+00,7.6579190516e-01,2.0998657042e-01
2.5690000000e+00,1.0486596245e+00,7.6600183672e-01,2.0987653725e-01
2.5700000000e+00,1.0494257312e+00,7.6621165823e-01,2.0976648139e-01
2.5710000000e+00,1.0501920478e+00,7.6642136967e-01,2.0965640293e-01
2.5720000000e+00,1.0509585739e+00,7.6663097103e-01,2.0954630193e-01
2.5730000000e+00,1.0517253097e+00,7.6684046227e-01,2.0943617847e-01
2.5740000000e+00,1.0524922548e+00,7.6704984338e-01,2.0932603262e-01
2.5750000000e+00,1.0532594093e+00,7.6725911433e-01,2.0921586447e-01
2.5760000000e+00,1.0540267730e+00,7.6746827510e-01,2.0910567407e-01
2.5770000000e+00,1.0547943458e+00,7.6767732567e-01,2.0899546151e-01
2.5780000000e+00,1.0555621276e+00,7.6788626602e-01,2.0888522686e-01
2.5790000000e+00,1.0563301183e+00,7.6809509612e-01,2.0877497020e-01
2.5800000000e+00,1.0570983178e+00,7.6830381595e-01,2.0866469160e-01
2.5810000000e+00,1.0578667259e+00,7.6851242549e-01,2.0855439113e-01
2.5820000000e+00,1.0586353426e+00,7.6872092472e-01,2.0844406887e-01
2.5830000000e+00,1.0594041677e+00,7.6892931362e-01,2.0833372490e-01
2.5840000000e+00,1.0601732012e+00,7.6913759217e-01,2.0822335928e-01
2.5850000000e+00,1.0609424429e+00,7.6934576033e-01,2.0811297210e-01
2.5860000000e+00,1.0617118927e+00,7.6955381810e-01,2.0800256342e-01
2.5870000000e+00,1.0624815505e+00,7.6976176545e-01,2.0789213333e-01
2.5880000000e+00,1.0632514162e+00,7.6996960236e-01,2.0778168189e-01
2.5890000000e+00,1.0640214896e+00,7.7017732881e-01,2.0767120919e-01
2.5900000000e+00,1.0647917708e+00,7.7038494477e-01,2.0756071529e-01
2.5910000000e+00,1.0655622595e+00,7.7059245023e-01,2.0745020027e-01
2.5920000000e+00,1.0663329557e+00,7.7079984517e-01,2.0733966421e-01
2.5930000000e+00,1.0671038591e+00,7.7100712956e-01,2.0722910718e-01
2.5940000000e+00,1.0678749699e+00,7.7121430338e-01,2.0711852925e-01
2.5950000000e+00,1.0686462877e+00,7.7142136661e-01,2.0700793051e-01
2.5960000000e+00,1.0694178126e+00,7.7162831923e-01,2.0689731102e-01
2.5970000000e+00,1.0701895443e+00,7.7183516122e-01,2.0678667086e-01
2.5980000000e+00,1.0709614829e+00,7.7204189256e-01,2.0667601011e-01
2.5990000000e+00,1.0717336281e+00,7.7224851324e-01,2.0656532884e-01
2.6000000000e+00,1.0725059798e+00,7.7245502321e-01,2.0645462713e-01
2.6010000000e+00,1.0732785381e+00,7.7266142248e-01,2.0634390505e-01
2.6020000000e+00,1.0740513027e+00,7.7286771102e-01,2.0623316267e-01
2.6030000000e+00,1.0748242735e+00,7.7307388880e-01,2.0612240007e-01
2.6040000000e+00,1.0755974504e+00,7.7327995581e-01,2.0601161733e-01
2.6050000000e+00,1.0763708333e+00,7.7348591203e-01,2.0590081453e-01
2.6060000000e+00,1.0771444222e+00,7.7369175743e-01,2.0578999173e-01
2.6070000000e+00,1.0779182168e+00,7.7389749201e-01,2.0567914901e-01
2.6080000000e+00,1.0786922171e+00,7.7410311573e-01,2.0556828645e-01
2.6090000000e+00,1.0794664230e+00,7.7430862857e-01,2.0545740413e-01
2.6100000000e+00,1.0802408343e+00,7.7451403053e-01,2.0534650211e-01
2.6110000000e+00,1.0810154510e+00,7.7471932157e-01,2.0523558047e-01
2.6120000000e+00,1.0817902730e+00,7.7492450168e-01,2.0512463930e-01
2.6130000000e+00,1.0825653000e+00,7.7512957084e-01,2.0501367866e-01
2.6140000000e+00,1.0833405321e+00,7.7533452903e-01,2.0490269863e-01
2.6150000000e+00,1.0841159690e+00,7.7553937623e-01,2.0479169929e-01
2.6160000000e+00,1.0848916108e+00,7.7574411242e-01,2.0468068070e-01
2.6170000000e+00,1.0856674572e+00,7.7594873759e-01,2.0456964296e-01
2.6180000000e+00,1.0864435082e+00,7.7615325170e-01,2.0445858613e-01
2.6190000000e+00,1.0872197637e+00,7.7635765475e-01,2.0434751028e-01
2.6200000000e+00,1.0879962235e+00,7.7656194672e-01,2.0423641550e-01
2.6210000000e+00,1.0887728875e+00,7.7676612758e-01,2.0412530186e-01
2.6220000000e+00,1.0895497557e+00,7.7697019732e-01,2.0401416943e-01
2.6230000000e+00,1.0903268279e+00,7.7717415591e-01,2.0390301829e-01
2.6240000000e+00,1.0911041040e+00,7.7737800335e-01,2.0379184852e-01
2.6250000000e+00,1.0918815839e+00,7.7758173960e-01,2.0368066020e-01
2.6260000000e+00,1.0926592674e+00,7.7778536466e-01,2.0356945339e-01
2.6270000000e+00,1.0934371546e+00,7.7798887850e-01,2.0345822817e-01
2.6280000000e+00,1.0942152451e+00,7.7819228111e-01,2.0334698463e-01
2.6290000000e+00,1.0949935391e+00,7.7839557247e-01,2.0323572283e-01
2.6300000000e+00,1.0957720362e+00,7.7859875255e-01,2.0312444285e-01
2.6310000000e+00,1.0965507365e+00,7.7880182135e-01,2.0301314477e-01
2.6320000000e+00,1.0973296399e+00,7.7900477883e-01,2.0290182866e-01
2.6330000000e+00,1.0981087461e+00,7.7920762500e-01,2.0279049460e-01
2.6340000000e+00,1.0988880551e+00,7.7941035982e-01,2.0267914267e-01
2.6350000000e+00,1.0996675667e+00,7.7961298328e-01,2.0256777294e-01
2.6360000000e+00,1.1004472810e+00,7.7981549536e-01,2.0245638549e-01
2.6370000000e+00,1.1012271977e+00,7.8001789604e-01,2.0234498039e-01
2.6380000000e+00,1.1020073168e+00,7.8022018531e-01,2.0223355771e-01
2.6390000000e+00,1.1027876380e+00,7.8042236315e-01,2.0212211755e-01
2.6400000000e+00,1.1035681614e+00,7.8062442954e-01,2.0201065997e-01
2.6410000000e+00,1.1043488869e+00,7.8082638447e-01,2.0189918504e-01
2.6420000000e+00,1.1051298142e+00,7.8102822791e-01,2.0178769285e-01
2.6430000000e+00,1.1059109433e+00,7.8122995985e-01,2.0167618347e-01
2.6440000000e+00,1.1066922741e+00,7.8143158027e-01,2.0156465698e-01
2.6450000000e+00,1.1074738064e+00,7.8163308915e-01,2.0145311345e-01
2.6460000000e+00,1.1082555402e+00,7.8183448649e-01,2.0134155296e-01
2.6470000000e+00,1.1090374753e+00,7.8203577225e-01,2.0122997558e-01
2.6480000000e+00,1.1098196117e+00,7.8223694643e-01,2.0111838140e-01
2.6490000000e+00,1.1106019492e+00,7.8243800901e-01,2.0100677049e-01
2.6500000000e+00,1.1113844877e+00,7.8263895997e-01,2.0089514291e-01
2.6510000000e+00,1.1121672271e+00,7.8283979929e-01,2.0078349877e-01
2.6520000000e+00,1.1129501672e+00,7.8304052696e-01,2.0067183811e-01
2.6530000000e+00,1.1137333081e+00,7.8324114296e-01,2.0056016103e-01
2.6540000000e+00,1.1145166495e+00,7.8344164728e-01,2.0044846761e-01
2.6550000000e+00,1.1153001913e+00,7.8364203989e-01,2.0033675791e-01
2.6560000000e+00,1.1160839335e+00,7.8384232079e-01,2.0022503201e-01
2.6570000000e+00,1.1168678760e+00,7.8404248995e-01,2.0011328999e-01
2.6580000000e+00,1.1176520185e+00,7.8424254736e-01,2.0000153193e-01
2.6590000000e+00,1.1184363610e+00,7.8444249301e-01,1.9988975790e-01
2.6600000000e+00,1.1192209034e+00,7.8464232687e-01,1.9977796798e-01
2.6610000000e+00,1.1200056456e+00,7.8484204894e-01,1.9966616225e-01
2.6620000000e+00,1.1207905875e+00,7.8504165919e-01,1.9955434078e-01
2.6630000000e+00,1.1215757289e+00,7.8524115762e-01,1.9944250365e-01
2.6640000000e+00,1.1223610698e+00,7.8544054419e-01,1.9933065093e-01
2.6650000000e+00,1.1231466100e+00,7.8563981891e-01,1.9921878271e-01
2.6660000000e+00,1.1239323494e+00,7.8583898175e-01,1.9910689906e-01
2.6670000000e+00,1.1247182879e+00,7.8603803271e-01,1.9899500005e-01
2.6680000000e+00,1.1255044254e+00,7.8623697175e-01,1.9888308577e-01
2.6690000000e+00,1.1262907618e+00,7.8643579887e-01,1.9877115628e-01
2.6700000000e+00,1.1270772970e+00,7.8663451406e-01,1.9865921167e-01
2.6710000000e+00,1.1278640308e+00,7.8683311729e-01,1.9854725202e-01
2.6720000000e+00,1.1286509632e+00,7.8703160856e-01,1.9843527740e-01
2.6730000000e+00,1.1294380940e+00,7.8722998784e-01,1.9832328788e-01
2.6740000000e+00,1.1302254231e+00,7.8742825513e-01,1.9821128355e-01
2.6750000000e+00,1.1310129504e+00,7.8762641040e-01,1.9809926447e-01
2.6760000000e+00,1.1318006759e+00,7.8782445365e-01,1.9798723074e-01
2.6770000000e+00,1.1325885993e+00,7.8802238486e-01,1.9787518242e-01
2.6780000000e+00,1.1333767206e+00,7.8822020401e-01,1.9776311959e-01
2.6790000000e+00,1.1341650397e+00,7.8841791109e-01,1.9765104233e-01
2.6800000000e+00,1.1349535564e+00,7.8861550609e-01,1.9753895071e-01
2.6810000000e+00,1.1357422706e+00,7.8881298899e-01,1.9742684482e-01
2.6820000000e+00,1.1365311823e+00,7.8901035978e-01,1.9731472472e-01
2.6830000000e+00,1.1373202913e+00,7.8920761843e-01,1.9720259051e-01
2.6840000000e+00,1.1381095975e+00,7.8940476495e-01,1.9709044224e-01
2.6850000000e+00,1.1388991008e+00,7.8960179931e-01,1.9697828001e-01
2.6860000000e+00,1.1396888011e+00,7.8979872151e-01,1.9686610388e-01
2.6870000000e+00,1.1404786982e+00,7.8999553152e-01,1.9675391394e-01
2.6880000000e+00,1.1412687921e+00,7.9019222933e-01,1.9664171026e-01
2.6890000000e+00,1.1420590827e+00,7.9038881493e-01,1.9652949292e-01
2.6900000000e+00,1.1428495697e+00,7.9058528831e-01,1.9641726199e-01
2.6910000000e+00,1.1436402532e+00,7.9078164945e-01,1.9630501756e-01
2.6920000000e+00,1.1444311330e+00,7.9097789834e-01,1.9619275970e-01
2.6930000000e+00,1.1452222089e+00,7.9117403497e-01,1.9608048848e-01
2.6940000000e+00,1.1460134810e+00,7.9137005932e-01,1.9596820399e-01
2.6950000000e+00,1.1468049490e+00,7.9156597137e-01,1.9585590631e-01
2.6960000000e+00,1.1475966129e+00,7.9176177112e-01,1.9574359550e-01
2.6970000000e+00,1.1483884725e+00,7.9195745856e-01,1.9563127164e-01
2.6980000000e+00,1.1491805278e+00,7.9215303366e-01,1.9551893483e-01
2.6990000000e+00,1.1499727786e+00,7.9234849642e-01,1.9540658512e-01
2.7000000000e+00,1.1507652247e+00,7.9254384683e-01,1.9529422260e-01
2.7010000000e+00,1.1515578662e+00,7.9273908486e-01,1.9518184734e-01
2.7020000000e+00,1.1523507029e+00,7.9293421052e-01,1.9506945943e-01
2.7030000000e+00,1.1531437346e+00,7.9312922378e-01,1.9495705894e-01
2.7040000000e+00,1.1539369613e+00,7.9332412463e-01,1.9484464595e-01
2.7050000000e+00,1.1547303828e+00,7.9351891307e-01,1.9473222053e-01
2.7060000000e+00,1.1555239991e+00,7.9371358907e-01,1.9461978276e-01
2.7070000000e+00,1.1563178100e+00,7.9390815263e-01,1.9450733272e-01
2.7080000000e+00,1.1571118153e+00,7.9410260373e-01,1.9439487049e-01
2.7090000000e+00,1.1579060151e+00,7.9429694237e-01,1.9428239615e-01
2.7100000000e+00,1.1587004092e+00,7.9449116852e-01,1.9416990976e-01
2.7110000000e+00,1.1594949974e+00,7.9468528218e-01,1.9405741142e-01
2.7120000000e+00,1.1602897797e+00,7.9487928334e-01,1.9394490119e-01
2.7130000000e+00,1.1610847560e+00,7.9507317198e-01,1.9383237916e-01
2.7140000000e+00,1.1618799260e+00,7.9526694809e-01,1.9371984540e-01
2.7150000000e+00,1.1626752898e+00,7.9546061167e-01,1.9360729999e-01
2.7160000000e+00,1.1634708472e+00,7.9565416269e-01,1.9349474300e-01
2.7170000000e+00,1.1642665981e+00,7.9584760115e-01,1.9338217452e-01
2.7180000000e+00,1.1650625424e+00,7.9604092703e-01,1.9326959462e-01
2.7190000000e+00,1.1658586799e+00,7.9623414033e-01,1.9315700338e-01
2.7200000000e+00,1.1666550106e+00,7.9642724104e-01,1.9304440088e-01
2.7210000000e+00,1.1674515344e+00,7.9662022913e-01,1.9293178719e-01
2.7220000000e+00,1.1682482510e+00,7.9681310461e-01,1.9281916239e-01
2.7230000000e+00,1.1690451605e+00,7.9700586745e-01,1.9270652656e-01
2.7240000000e+00,1.1698422627e+00,7.9719851766e-01,1.9259387978e-01
2.7250000000e+00,1.1706395575e+00,7.9739105521e-01,1.9248122213e-01
2.7260000000e+00,1.1714370448e+00,7.9758348010e-01,1.9236855368e-01
2.7270000000e+00,1.1722347245e+00,7.9777579231e-01,1.9225587451e-01
2.7280000000e+00,1.1730325964e+00,7.9796799184e-01,1.9214318469e-01
2.7290000000e+00,1.1738306604e+00,7.9816007868e-01,1.9203048431e-01
2.7300000000e+00,1.1746289165e+00,7.9835205281e-01,1.9191777345e-01
2.7310000000e+00,1.1754273645e+00,7.9854391422e-01,1.9180505217e-01
2.7320000000e+00,1.1762260043e+00,7.9873566291e-01,1.9169232057e-01
2.7330000000e+00,1.1770248358e+00,7.9892729886e-01,1.9157957871e-01
2.7340000000e+00,1.1778238588e+00,7.9911882206e-01,1.9146682667e-01
2.7350000000e+00,1.1786230734e+00,7.9931023251e-01,1.9135406454e-01
2.7360000000e+00,1.1794224793e+00,7.9950153019e-01,1.9124129238e-01
2.7370000000e+00,1.1802220764e+00,7.9969271509e-01,1.9112851028e-01
2.7380000000e+00,1.1810218646e+00,7.9988378721e-01,1.9101571832e-01
2.7390000000e+00,1.1818218439e+00,8.0007474652e-01,1.9090291657e-01
2.7400000000e+00,1.1826220141e+00,8.0026559304e-01,1.9079010511e-01
2.7410000000e+00,1.1834223751e+00,8.0045632673e-01,1.9067728402e-01
2.7420000000e+00,1.1842229267e+00,8.0064694760e-01,1.9056445337e-01
2.7430000000e+00,1.1850236689e+00,8.0083745564e-01,1.9045161325e-01
2.7440000000e+00,1.1858246016e+00,8.0102785082e-01,1.9033876373e-01
2.7450000000e+00,1.1866257246e+00,8.0121813316e-01,1.9022590488e-01
2.7460000000e+00,1.1874270378e+00,8.0140830263e-01,1.9011303680e-01
2.7470000000e+00,1.1882285412e+00,8.0159835923e-01,1.9000015955e-01
2.7480000000e+00,1.1890302345e+00,8.0178830295e-01,1.8988727321e-01
2.7490000000e+00,1.1898321177e+00,8.0197813377e-01,1.8977437787e-01
2.7500000000e+00,1.1906341907e+00,8.0216785170e-01,1.8966147359e-01
2.7510000000e+00,1.1914364534e+00,8.0235745672e-01,1.8954856046e-01
2.7520000000e+00,1.1922389056e+00,8.0254694882e-01,1.8943563855e-01
2.7530000000e+00,1.1930415473e+00,8.0273632799e-01,1.8932270795e-01
2.7540000000e+00,1.1938443782e+00,8.0292559423e-01,1.8920976872e-01
2.7550000000e+00,1.1946473984e+00,8.0311474753e-01,1.8909682095e-01
2.7560000000e+00,1.1954506077e+00,8.0330378787e-01,1.8898386472e-01
2.7570000000e+00,1.1962540059e+00,8.0349271525e-01,1.8887090010e-01
2.7580000000e+00,1.1970575931e+00,8.0368152967e-01,1.8875792718e-01
2.7590000000e+00,1.1978613690e+00,8.0387023110e-01,1.8864494602e-01
2.7600000000e+00,1.1986653335e+00,8.0405881956e-01,1.8853195671e-01
2.7610000000e+00,1.1994694866e+00,8.0424729502e-01,1.8841895932e-01
2.7620000000e+00,1.2002738281e+00,8.0443565747e-01,1.8830595394e-01
2.7630000000e+00,1.2010783578e+00,8.0462390692e-01,1.8819294064e-01
2.7640000000e+00,1.2018830758e+00,8.0481204335e-01,1.8807991950e-01
2.7650000000e+00,1.2026879819e+00,8.0500006676e-01,1.8796689060e-01
2.7660000000e+00,1.2034930759e+00,8.0518797713e-01,1.8785385401e-01
2.7670000000e+00,1.2042983578e+00,8.0537577446e-01,1.8774080981e-01
2.7680000000e+00,1.2051038274e+00,8.0556345875e-01,1.8762775808e-01
2.7690000000e+00,1.2059094847e+00,8.0575102998e-01,1.8751469891e-01
2.7700000000e+00,1.2067153295e+00,8.0593848814e-01,1.8740163236e-01
2.7710000000e+00,1.2075213616e+00,8.0612583324e-01,1.8728855851e-01
2.7720000000e+00,1.2083275811e+00,8.0631306526e-01,1.8717547745e-01
2.7730000000e+00,1.2091339877e+00,8.0650018419e-01,1.8706238924e-01
2.7740000000e+00,1.2099405814e+00,8.0668719003e-01,1.8694929398e-01
2.7750000000e+00,1.2107473621e+00,8.0687408278e-01,1.8683619173e-01
2.7760000000e+00,1.2115543295e+00,8.0706086241e-01,1.8672308258e-01
2.7770000000e+00,1.2123614838e+00,8.0724752894e-01,1.8660996660e-01
2.7780000000e+00,1.2131688246e+00,8.0743408235e-01,1.8649684387e-01
2.7790000000e+00,1.2139763519e+00,8.0762052263e-01,1.8638371447e-01
2.7800000000e+00,1.2147840656e+00,8.0780684977e-01,1.8627057847e-01
2.7810000000e+00,1.2155919655e+00,8.0799306378e-01,1.8615743596e-01
2.7820000000e+00,1.2164000517e+00,8.0817916464e-01,1.8604428702e-01
2.7830000000e+00,1.2172083238e+00,8.0836515235e-01,1.8593113171e-01
2.7840000000e+00,1.2180167819e+00,8.0855102690e-01,1.8581797012e-01
2.7850000000e+00,1.2188254258e+00,8.0873678829e-01,1.8570480233e-01
2.7860000000e+00,1.2196342555e+00,8.0892243651e-01,1.8559162841e-01
2.7870000000e+00,1.2204432707e+00,8.0910797154e-01,1.8547844845e-01
2.7880000000e+00,1.2212524714e+00,8.0929339340e-01,1.8536526251e-01
2.7890000000e+00,1.2220618574e+00,8.0947870207e-01,1.8525207069e-01
2.7900000000e+00,1.2228714287e+00,8.0966389754e-01,1.8513887305e-01
2.7910000000e+00,1.2236811852e+00,8.0984897981e-01,1.8502566968e-01
2.7920000000e+00,1.2244911267e+00,8.1003394888e-01,1.8491246065e-01
2.7930000000e+00,1.2253012530e+00,8.1021880473e-01,1.8479924603e-01
2.7940000000e+00,1.2261115642e+00,8.1040354737e-01,1.8468602592e-01
2.7950000000e+00,1.2269220601e+00,8.1058817678e-01,1.8457280039e-01
2.7960000000e+00,1.2277327406e+00,8.1077269297e-01,1.8445956951e-01
2.7970000000e+00,1.2285436055e+00,8.1095709592e-01,1.8434633336e-01
2.7980000000e+00,1.2293546547e+00,8.1114138563e-01,1.8423309203e-01
2.7990000000e+00,1.2301658882e+00,8.1132556210e-01,1.8411984558e-01
2.8000000000e+00,1.2309773058e+00,8.1150962532e-01,1.8400659410e-01
2.8010000000e+00,1.2317889074e+00,8.1169357529e-01,1.8389333766e-01
2.8020000000e+00,1.2326006929e+00,8.1187741200e-01,1.8378007635e-01
2.8030000000e+00,1.2334126622e+00,8.1206113544e-01,1.8366681024e-01
2.8040000000e+00,1.2342248151e+00,8.1224474561e-01,1.8355353941e-01
2.8050000000e+00,1.2350371516e+00,8.1242824252e-01,1.8344026393e-01
2.8060000000e+00,1.2358496716e+00,8.1261162614e-01,1.8332698389e-01
2.8070000000e+00,1.2366623749e+00,8.1279489648e-01,1.8321369937e-01
2.8080000000e+00,1.2374752613e+00,8.1297805354e-01,1.8310041043e-01
2.8090000000e+00,1.2382883309e+00,8.1316109730e-01,1.8298711716e-01
2.8100000000e+00,1.2391015835e+00,8.1334402777e-01,1.8287381964e-01
2.8110000000e+00,1.2399150189e+00,8.1352684494e-01,1.8276051795e-01
2.8120000000e+00,1.2407286371e+00,8.1370954881e-01,1.8264721216e-01
2.8130000000e+00,1.2415424380e+00,8.1389213936e-01,1.8253390235e-01
2.8140000000e+00,1.2423564214e+00,8.1407461661e-01,1.8242058860e-01
2.8150000000e+00,1.2431705872e+00,8.1425698054e-01,1.8230727099e-01
2.8160000000e+00,1.2439849353e+00,8.1443923115e-01,1.8219394959e-01
2.8170000000e+00,1.2447994656e+00,8.1462136844e-01,1.8208062448e-01
2.8180000000e+00,1.2456141780e+00,8.1480339240e-01,1.8196729575e-01
2.8190000000e+00,1.2464290724e+00,8.1498530303e-01,1.8185396347e-01
2.8200000000e+00,1.2472441486e+00,8.1516710032e-01,1.8174062771e-01
2.8210000000e+00,1.2480594065e+00,8.1534878428e-01,1.8162728856e-01
2.8220000000e+00,1.2488748461e+00,8.1553035490e-01,1.8151394609e-01
2.8230000000e+00,1.2496904672e+00,8.1571181217e-01,1.8140060038e-01
2.8240000000e+00,1.2505062697e+00,8.1589315610e-01,1.8128725151e-01
2.8250000000e+00,1.2513222535e+00,8.1607438667e-01,1.8117389956e-01
2.8260000000e+00,1.2521384184e+00,8.1625550390e-01,1.8106054461e-01
2.8270000000e+00,1.2529547644e+00,8.1643650776e-01,1.8094718673e-01
2.8280000000e+00,1.2537712914e+00,8.1661739827e-01,1.8083382599e-01
2.8290000000e+00,1.2545879992e+00,8.1679817541e-01,1.8072046249e-01
2.8300000000e+00,1.2554048877e+00,8.1697883919e-01,1.8060709630e-01
2.8310000000e+00,1.2562219568e+00,8.1715938961e-01,1.8049372749e-01
2.8320000000e+00,1.2570392065e+00,8.1733982665e-01,1.8038035614e-01
2.8330000000e+00,1.2578566365e+00,8.1752015032e-01,1.8026698233e-01
2.8340000000e+00,1.2586742467e+00,8.1770036061e-01,1.8015360614e-01
2.8350000000e+00,1.2594920371e+00,8.1788045753e-01,1.8004022765e-01
2.8360000000e+00,1.2603100076e+00,8.1806044107e-01,1.7992684694e-01
2.8370000000e+00,1.2611281580e+00,8.1824031122e-01,1.7981346407e-01
2.8380000000e+00,1.2619464882e+00,8.1842006799e-01,1.7970007914e-01
2.8390000000e+00,1.2627649981e+00,8.1859971138e-01,1.7958669222e-01
2.8400000000e+00,1.2635836876e+00,8.1877924138e-01,1.7947330338e-01
2.8410000000e+00,1.2644025565e+00,8.1895865799e-01,1.7935991270e-01
2.8420000000e+00,1.2652216049e+00,8.1913796120e-01,1.7924652027e-01
2.8430000000e+00,1.2660408324e+00,8.1931715103e-01,1.7913312616e-01
2.8440000000e+00,1.2668602391e+00,8.1949622745e-01,1.7901973045e-01
2.8450000000e+00,1.2676798248e+00,8.1967519049e-01,1.7890633321e-01
2.8460000000e+00,1.2684995895e+00,8.1985404012e-01,1.7879293452e-01
2.8470000000e+00,1.2693195329e+00,8.2003277635e-01,1.7867953447e-01
2.8480000000e+00,1.2701396550e+00,8.2021139919e-01,1.7856613312e-01
2.8490000000e+00,1.2709599556e+00,8.2038990862e-01,1.7845273057e-01
2.8500000000e+00,1.2717804348e+00,8.2056830465e-01,1.7833932688e-01
2.8510000000e+00,1.2726010922e+00,8.2074658727e-01,1.7822592213e-01
2.8520000000e+00,1.2734219279e+00,8.2092475649e-01,1.7811251640e-01
2.8530000000e+00,1.2742429417e+00,8.2110281231e-01,1.7799910977e-01
2.8540000000e+00,1.2750641335e+00,8.2128075471e-01,1.7788570232e-01
2.8550000000e+00,1.2758855032e+00,8.2145858371e-01,1.7777229412e-01
2.8560000000e+00,1.2767070506e+00,8.2163629930e-01,1.7765888525e-01
2.8570000000e+00,1.2775287757e+00,8.2181390148e-01,1.7754547579e-01
2.8580000000e+00,1.2783506784e+00,8.2199139025e-01,1.7743206582e-01
2.8590000000e+00,1.2791727585e+00,8.2216876561e-01,1.7731865542e-01
2.8600000000e+00,1.2799950159e+00,8.2234602756e-01,1.7720524465e-01
2.8610000000e+00,1.2808174505e+00,8.2252317610e-01,1.7709183361e-01
2.8620000000e+00,1.2816400622e+00,8.2270021123e-01,1.7697842237e-01
2.8630000000e+00,1.2824628509e+00,8.2287713295e-01,1.7686501100e-01
2.8640000000e+00,1.2832858164e+00,8.2305394125e-01,1.7675159959e-01
2.8650000000e+00,1.2841089587e+00,8.2323063615e-01,1.7663818821e-01
2.8660000000e+00,1.2849322776e+00,8.2340721763e-01,1.7652477693e-01
2.8670000000e+00,1.2857557731e+00,8.2358368570e-01,1.7641136585e-01
2.8680000000e+00,1.2865794450e+00,8.2376004036e-01,1.7629795503e-01
2.8690000000e+00,1.2874032931e+00,8.2393628161e-01,1.7618454455e-01
2.8700000000e+00,1.2882273175e+00,8.2411240945e-01,1.7607113449e-01
2.8710000000e+00,1.2890515179e+00,8.2428842388e-01,1.7595772493e-01
2.8720000000e+00,1.2898758943e+00,8.2446432490e-01,1.7584431594e-01
2.8730000000e+00,1.2907004465e+00,8.2464011251e-01,1.7573090761e-01
2.8740000000e+00,1.2915251745e+00,8.2481578671e-01,1.7561750001e-01
2.8750000000e+00,1.2923500781e+00,8.2499134751e-01,1.7550409321e-01
2.8760000000e+00,1.2931751572e+00,8.2516679490e-01,1.7539068731e-01
2.8770000000e+00,1.2940004116e+00,8.2534212889e-01,1.7527728236e-01
2.8780000000e+00,1.2948258414e+00,8.2551734947e-01,1.7516387846e-01
2.8790000000e+00,1.2956514463e+00,8.2569245664e-01,1.7505047567e-01
2.8800000000e+00,1.2964772263e+00,8.2586745042e-01,1.7493707408e-01
2.8810000000e+00,1.2973031812e+00,8.2604233079e-01,1.7482367376e-01
2.8820000000e+00,1.2981293109e+00,8.2621709777e-01,1.7471027480e-01
2.8830000000e+00,1.2989556153e+00,8.2639175134e-01,1.7459687726e-01
2.8840000000e+00,1.2997820943e+00,8.2656629152e-01,1.7448348123e-01
2.8850000000e+00,1.3006087479e+00,8.2674071830e-01,1.7437008678e-01
2.8860000000e+00,1.3014355757e+00,8.2691503169e-01,1.7425669400e-01
2.8870000000e+00,1.3022625779e+00,8.2708923169e-01,1.7414330295e-01
2.8880000000e+00,1.3030897542e+00,8.2726331830e-01,1.7402991371e-01
2.8890000000e+00,1.3039171045e+00,8.2743729152e-01,1.7391652638e-01
2.8900000000e+00,1.3047446287e+00,8.2761115135e-01,1.7380314101e-01
2.8910000000e+00,1.3055723267e+00,8.2778489780e-01,1.7368975769e-01
2.8920000000e+00,1.3064001985e+00,8.2795853087e-01,1.7357637649e-01
2.8930000000e+00,1.3072282438e+00,8.2813205056e-01,1.7346299750e-01
2.8940000000e+00,1.3080564625e+00,8.2830545687e-01,1.7334962079e-01
2.8950000000e+00,1.3088848546e+00,8.2847874980e-01,1.7323624643e-01
2.8960000000e+00,1.3097134200e+00,8.2865192936e-01,1.7312287451e-01
2.8970000000e+00,1.3105421585e+00,8.2882499555e-01,1.7300950511e-01
2.8980000000e+00,1.3113710699e+00,8.2899794837e-01,1.7289613829e-01
2.8990000000e+00,1.3122001543e+00,8.2917078783e-01,1.7278277414e-01
2.9000000000e+00,1.3130294115e+00,8.2934351392e-01,1.7266941273e-01
2.9010000000e+00,1.3138588413e+00,8.2951612665e-01,1.7255605415e-01
2.9020000000e+00,1.3146884437e+00,8.2968862603e-01,1.7244269846e-01
2.9030000000e+00,1.3155182185e+00,8.2986101205e-01,1.7232934575e-01
2.9040000000e+00,1.3163481657e+00,8.3003328472e-01,1.7221599609e-01
2.9050000000e+00,1.3171782851e+00,8.3020544405e-01,1.7210264957e-01
2.9060000000e+00,1.3180085765e+00,8.3037749002e-01,1.7198930625e-01
2.9070000000e+00,1.3188390400e+00,8.3054942266e-01,1.7187596621e-01
2.9080000000e+00,1.3196696753e+00,8.3072124196e-01,1.7176262954e-01
2.9090000000e+00,1.3205004824e+00,8.3089294792e-01,1.7164929630e-01
2.9100000000e+00,1.3213314612e+00,8.3106454055e-01,1.7153596658e-01
2.9110000000e+00,1.3221626115e+00,8.3123601985e-01,1.7142264046e-01
2.9120000000e+00,1.3229939332e+00,8.3140738583e-01,1.7130931800e-01
2.9130000000e+00,1.3238254262e+00,8.3157863849e-01,1.7119599930e-01
2.9140000000e+00,1.3246570904e+00,8.3174977783e-01,1.7108268441e-01
2.9150000000e+00,1.3254889257e+00,8.3192080386e-01,1.7096937343e-01
2.9160000000e+00,1.3263209320e+00,8.3209171658e-01,1.7085606643e-01
2.9170000000e+00,1.3271531091e+00,8.3226251599e-01,1.7074276348e-01
2.9180000000e+00,1.3279854570e+00,8.3243320211e-01,1.7062946466e-01
2.9190000000e+00,1.3288179755e+00,8.3260377493e-01,1.7051617006e-01
2.9200000000e+00,1.3296506645e+00,8.3277423445e-01,1.7040287974e-01
2.9210000000e+00,1.3304835239e+00,8.3294458069e-01,1.7028959378e-01
2.9220000000e+00,1.3313165536e+00,8.3311481364e-01,1.7017631226e-01
2.9230000000e+00,1.3321497535e+00,8.3328493331e-01,1.7006303526e-01
2.9240000000e+00,1.3329831235e+00,8.3345493971e-01,1.6994976286e-01
2.9250000000e+00,1.3338166634e+00,8.3362483284e-01,1.6983649512e-01
2.9260000000e+00,1.3346503731e+00,8.3379461270e-01,1.6972323214e-01
2.9270000000e+00,1.3354842526e+00,8.3396427931e-01,1.6960997398e-01
2.9280000000e+00,1.3363183016e+00,8.3413383265e-01,1.6949672071e-01
2.9290000000e+00,1.3371525202e+00,8.3430327275e-01,1.6938347243e-01
2.9300000000e+00,1.3379869081e+00,8.3447259960e-01,1.6927022920e-01
2.9310000000e+00,1.3388214653e+00,8.3464181321e-01,1.6915699111e-01
2.9320000000e+00,1.3396561917e+00,8.3481091358e-01,1.6904375822e-01
2.9330000000e+00,1.3404910871e+00,8.3497990073e-01,1.6893053061e-01
2.9340000000e+00,1.3413261515e+00,8.3514877465e-01,1.6881730837e-01
2.9350000000e+00,1.3421613846e+00,8.3531753535e-01,1.6870409157e-01
2.9360000000e+00,1.3429967865e+00,8.3548618283e-01,1.6859088028e-01
2.9370000000e+00,1.3438323570e+00,8.3565471711e-01,1.6847767458e-01
2.9380000000e+00,1.3446680959e+00,8.3582313818e-01,1.6836447456e-01
2.9390000000e+00,1.3455040032e+00,8.3599144606e-01,1.6825128027e-01
2.9400000000e+00,1.3463400788e+00,8.3615964074e-01,1.6813809181e-01
2.9410000000e+00,1.3471763225e+00,8.3632772224e-01,1.6802490925e-01
2.9420000000e+00,1.3480127342e+00,8.3649569057e-01,1.6791173266e-01
2.9430000000e+00,1.3488493138e+00,8.3666354571e-01,1.6779856212e-01
2.9440000000e+00,1.3496860612e+00,8.3683128769e-01,1.6768539771e-01
2.9450000000e+00,1.3505229763e+00,8.3699891651e-01,1.6757223950e-01
2.9460000000e+00,1.3513600590e+00,8.3716643217e-01,1.6745908757e-01
2.9470000000e+00,1.3521973092e+00,8.3733383469e-01,1.6734594200e-01
2.9480000000e+00,1.3530347267e+00,8.3750112406e-01,1.6723280287e-01
2.9490000000e+00,1.3538723114e+00,8.3766830029e-01,1.6711967024e-01
2.9500000000e+00,1.3547100632e+00,8.3783536340e-01,1.6700654420e-01
2.9510000000e+00,1.3555479821e+00,8.3800231339e-01,1.6689342482e-01
2.9520000000e+00,1.3563860678e+00,8.3816915025e-01,1.6678031218e-01
2.9530000000e+00,1.3572243203e+00,8.3833587401e-01,1.6666720635e-01
2.9540000000e+00,1.3580627395e+00,8.3850248467e-01,1.6655410742e-01
2.9550000000e+00,1.3589013253e+00,8.3866898223e-01,1.6644101545e-01
2.9560000000e+00,1.3597400774e+00,8.3883536670e-01,1.6632793053e-01
2.9570000000e+00,1.3605789960e+00,8.3900163809e-01,1.6621485272e-01
2.9580000000e+00,1.3614180807e+00,8.3916779641e-01,1.6610178211e-01
2.9590000000e+00,1.3622573315e+00,8.3933384166e-01,1.6598871878e-01
2.9600000000e+00,1.3630967483e+00,8.3949977385e-01,1.6587566279e-01
2.9610000000e+00,1.3639363310e+00,8.3966559299e-01,1.6576261423e-01
2.9620000000e+00,1.3647760795e+00,8.3983129908e-01,1.6564957316e-01
2.9630000000e+00,1.3656159936e+00,8.3999689214e-01,1.6553653968e-01
2.9640000000e+00,1.3664560732e+00,8.4016237216e-01,1.6542351384e-01
2.9650000000e+00,1.3672963183e+00,8.4032773917e-01,1.6531049574e-01
2.9660000000e+00,1.3681367287e+00,8.4049299316e-01,1.6519748544e-01
2.9670000000e+00,1.3689773042e+00,8.4065813414e-01,1.6508448301e-01
2.9680000000e+00,1.3698180449e+00,8.4082316212e-01,1.6497148855e-01
2.9690000000e+00,1.3706589505e+00,8.4098807712e-01,1.6485850212e-01
2.9700000000e+00,1.3715000210e+00,8.4115287913e-01,1.6474552379e-01
2.9710000000e+00,1.3723412562e+00,8.4131756817e-01,1.6463255365e-01
2.9720000000e+00,1.3731826561e+00,8.4148214424e-01,1.6451959177e-01
2.9730000000e+00,1.3740242205e+00,8.4164660736e-01,1.6440663823e-01
2.9740000000e+00,1.3748659493e+00,8.4181095752e-01,1.6429369310e-01
2.9750000000e+00,1.3757078424e+00,8.4197519475e-01,1.6418075645e-01
2.9760000000e+00,1.3765498996e+00,8.4213931904e-01,1.6406782837e-01
2.9770000000e+00,1.3773921210e+00,8.4230333040e-01,1.6395490892e-01
2.9780000000e+00,1.3782345063e+00,8.4246722886e-01,1.6384199819e-01
2.9790000000e+00,1.3790770554e+00,8.4263101440e-01,1.6372909625e-01
2.9800000000e+00,1.3799197683e+00,8.4279468705e-01,1.6361620318e-01
2.9810000000e+00,1.3807626447e+00,8.4295824681e-01,1.6350331904e-01
2.9820000000e+00,1.3816056847e+00,8.4312169369e-01,1.6339044393e-01
2.9830000000e+00,1.3824488881e+00,8.4328502770e-01,1.6327757790e-01
2.9840000000e+00,1.3832922547e+00,8.4344824885e-01,1.6316472105e-01
2.9850000000e+00,1.3841357845e+00,8.4361135715e-01,1.6305187343e-01
2.9860000000e+00,1.3849794774e+00,8.4377435260e-01,1.6293903514e-01
2.9870000000e+00,1.3858233332e+00,8.4393723522e-01,1.6282620624e-01
2.9880000000e+00,1.3866673518e+00,8.4410000502e-01,1.6271338681e-01
2.9890000000e+00,1.3875115332e+00,8.4426266200e-01,1.6260057692e-01
2.9900000000e+00,1.3883558771e+00,8.4442520618e-01,1.6248777666e-01
2.9910000000e+00,1.3892003836e+00,8.4458763756e-01,1.6237498609e-01
2.9920000000e+00,1.3900450524e+00,8.4474995615e-01,1.6226220529e-01
2.9930000000e+00,1.3908898834e+00,8.4491216197e-01,1.6214943434e-01
2.9940000000e+00,1.3917348766e+00,8.4507425502e-01,1.6203667331e-01
2.9950000000e+00,1.3925800319e+00,8.4523623532e-01,1.6192392227e-01
2.9960000000e+00,1.3934253491e+00,8.4539810287e-01,1.6181118131e-01
2.9970000000e+00,1.3942708281e+00,8.4555985769e-01,1.6169845050e-01
2.9980000000e+00,1.3951164688e+00,8.4572149978e-01,1.6158572990e-01
2.9990000000e+00,1.3959622710e+00,8.4588302915e-01,1.6147301961e-01
3.0000000000e+00,1.3968082348e+00,8.4604444582e-01,1.6136031969e-01
3.0010000000e+00,1.3976543599e+00,8.4620574979e-01,1.6124763021e-01
3.0020000000e+00,1.3985006462e+00,8.4636694108e-01,1.6113495126e-01
3.0030000000e+00,1.3993470937e+00,8.4652801970e-01,1.6102228290e-01
3.0040000000e+00,1.4001937022e+00,8.4668898565e-01,1.6090962522e-01
3.0050000000e+00,1.4010404717e+00,8.4684983895e-01,1.6079697828e-01
3.0060000000e+00,1.4018874019e+00,8.4701057961e-01,1.6068434217e-01
3.0070000000e+00,1.4027344928e+00,8.4717120764e-01,1.6057171695e-01
3.0080000000e+00,1.4035817443e+00,8.4733172305e-01,1.6045910271e-01
3.0090000000e+00,1.4044291562e+00,8.4749212585e-01,1.6034649951e-01
3.0100000000e+00,1.4052767285e+00,8.4765241605e-01,1.6023390743e-01
3.0110000000e+00,1.4061244610e+00,8.4781259367e-01,1.6012132655e-01
3.0120000000e+00,1.4069723536e+00,8.4797265871e-01,1.6000875695e-01
3.0130000000e+00,1.4078204063e+00,8.4813261119e-01,1.5989619868e-01
3.0140000000e+00,1.4086686188e+00,8.4829245111e-01,1.5978365184e-01
3.0150000000e+00,1.4095169911e+00,8.4845217849e-01,1.5967111649e-01
3.0160000000e+00,1.4103655231e+00,8.4861179335e-01,1.5955859271e-01
3.0170000000e+00,1.4112142147e+00,8.4877129568e-01,1.5944608058e-01
3.0180000000e+00,1.4120630657e+00,8.4893068551e-01,1.5933358016e-01
3.0190000000e+00,1.4129120760e+00,8.4908996285e-01,1.5922109154e-01
3.0200000000e+00,1.4137612456e+00,8.4924912770e-01,1.5910861478e-01
3.0210000000e+00,1.4146105742e+00,8.4940818008e-01,1.5899614997e-01
3.0220000000e+00,1.4154600619e+00,8.4956712000e-01,1.5888369717e-01
3.0230000000e+00,1.4163097084e+00,8.4972594748e-01,1.5877125647e-01
3.0240000000e+00,1.4171595137e+00,8.4988466252e-01,1.5865882793e-01
3.0250000000e+00,1.4180094777e+00,8.5004326514e-01,1.5854641162e-01
3.0260000000e+00,1.4188596002e+00,8.5020175535e-01,1.5843400764e-01
3.0270000000e+00,1.4197098812e+00,8.5036013316e-01,1.5832161604e-01
3.0280000000e+00,1.4205603205e+00,8.5051839858e-01,1.5820923690e-01
3.0290000000e+00,1.4214109180e+00,8.5067655164e-01,1.5809687030e-01
3.0300000000e+00,1.4222616735e+00,8.5083459233e-01,1.5798451631e-01
3.0310000000e+00,1.4231125871e+00,8.5099252067e-01,1.5787217500e-01
3.0320000000e+00,1.4239636585e+00,8.5115033668e-01,1.5775984645e-01
3.0330000000e+00,1.4248148877e+00,8.5130804037e-01,1.5764753074e-01
3.0340000000e+00,1.4256662746e+00,8.5146563175e-01,1.5753522793e-01
3.0350000000e+00,1.4265178190e+00,8.5162311083e-01,1.5742293810e-01
3.0360000000e+00,1.4273695208e+00,8.5178047763e-01,1.5731066132e-01
3.0370000000e+00,1.4282213799e+00,8.5193773216e-01,1.5719839768e-01
3.0380000000e+00,1.4290733962e+00,8.5209487443e-01,1.5708614724e-01
3.0390000000e+00,1.4299255696e+00,8.5225190446e-01,1.5697391007e-01
3.0400000000e+00,1.4307779000e+00,8.5240882225e-01,1.5686168625e-01
3.0410000000e+00,1.4316303872e+00,8.5256562783e-01,1.5674947586e-01
3.0420000000e+00,1.4324830312e+00,8.5272232121e-01,1.5663727897e-01
3.0430000000e+00,1.4333358318e+00,8.5287890240e-01,1.5652509564e-01
3.0440000000e+00,1.4341887890e+00,8.5303537141e-01,1.5641292596e-01
3.0450000000e+00,1.4350419025e+00,8.5319172825e-01,1.5630077000e-01
3.0460000000e+00,1.4358951724e+00,8.5334797295e-01,1.5618862783e-01
3.0470000000e+00,1.4367485984e+00,8.5350410551e-01,1.5607649953e-01
3.0480000000e+00,1.4376021805e+00,8.5366012595e-01,1.5596438516e-01
3.0490000000e+00,1.4384559186e+00,8.5381603429e-01,1.5585228481e-01
3.0500000000e+00,1.4393098126e+00,8.5397183053e-01,1.5574019855e-01
3.0510000000e+00,1.4401638623e+00,8.5412751469e-01,1.5562812644e-01
3.0520000000e+00,1.4410180676e+00,8.5428308679e-01,1.5551606857e-01
3.0530000000e+00,1.4418724284e+00,8.5443854683e-01,1.5540402500e-01
3.0540000000e+00,1.4427269446e+00,8.5459389484e-01,1.5529199581e-01
3.0550000000e+00,1.4435816161e+00,8.5474913083e-01,1.5517998108e-01
3.0560000000e+00,1.4444364428e+00,8.5490425481e-01,1.5506798087e-01
3.0570000000e+00,1.4452914246e+00,8.5505926679e-01,1.5495599526e-01
3.0580000000e+00,1.4461465613e+00,8.5521416680e-01,1.5484402432e-01
3.0590000000e+00,1.4470018529e+00,8.5536895485e-01,1.5473206813e-01
3.0600000000e+00,1.4478572992e+00,8.5552363094e-01,1.5462012676e-01
3.0610000000e+00,1.4487129001e+00,8.5567819511e-01,1.5450820028e-01
3.0620000000e+00,1.4495686556e+00,8.5583264735e-01,1.5439628876e-01
3.0630000000e+00,1.4504245654e+00,8.5598698769e-01,1.5428439228e-01
3.0640000000e+00,1.4512806295e+00,8.5614121614e-01,1.5417251091e-01
3.0650000000e+00,1.4521368478e+00,8.5629533272e-01,1.5406064473e-01
3.0660000000e+00,1.4529932201e+00,8.5644933743e-01,1.5394879380e-01
3.0670000000e+00,1.4538497464e+00,8.5660323031e-01,1.5383695820e-01
3.0680000000e+00,1.4547064266e+00,8.5675701135e-01,1.5372513800e-01
3.0690000000e+00,1.4555632604e+00,8.5691068059e-01,1.5361333328e-01
3.0700000000e+00,1.4564202479e+00,8.5706423803e-01,1.5350154410e-01
3.0710000000e+00,1.4572773889e+00,8.5721768368e-01,1.5338977054e-01
3.0720000000e+00,1.4581346832e+00,8.5737101757e-01,1.5327801268e-01
3.0730000000e+00,1.4589921309e+00,8.5752423971e-01,1.5316627058e-01
3.0740000000e+00,1.4598497317e+00,8.5767735012e-01,1.5305454432e-01
3.0750000000e+00,1.4607074855e+00,8.5783034881e-01,1.5294283397e-01
3.0760000000e+00,1.4615653923e+00,8.5798323579e-01,1.5283113960e-01
3.0770000000e+00,1.4624234519e+00,8.5813601109e-01,1.5271946129e-01
3.0780000000e+00,1.4632816643e+00,8.5828867472e-01,1.5260779910e-01
3.0790000000e+00,1.4641400293e+00,8.5844122670e-01,1.5249615312e-01
3.0800000000e+00,1.4649985467e+00,8.5859366703e-01,1.5238452341e-01
3.0810000000e+00,1.4658572166e+00,8.5874599575e-01,1.5227291004e-01
3.0820000000e+00,1.4667160387e+00,8.5889821286e-01,1.5216131309e-01
3.0830000000e+00,1.4675750129e+00,8.5905031838e-01,1.5204973262e-01
3.0840000000e+00,1.4684341393e+00,8.5920231233e-01,1.5193816872e-01
3.0850000000e+00,1.4692934175e+00,8.5935419472e-01,1.5182662145e-01
3.0860000000e+00,1.4701528476e+00,8.5950596558e-01,1.5171509089e-01
3.0870000000e+00,1.4710124294e+00,8.5965762491e-01,1.5160357710e-01
3.0880000000e+00,1.4718721628e+00,8.5980917274e-01,1.5149208017e-01
3.0890000000e+00,1.4727320477e+00,8.5996060908e-01,1.5138060015e-01
3.0900000000e+00,1.4735920840e+00,8.6011193394e-01,1.5126913713e-01
3.0910000000e+00,1.4744522716e+00,8.6026314736e-01,1.5115769117e-01
3.0920000000e+00,1.4753126103e+00,8.6041424933e-01,1.5104626235e-01
3.0930000000e+00,1.4761731000e+00,8.6056523989e-01,1.5093485074e-01
3.0940000000e+00,1.4770337407e+00,8.6071611904e-01,1.5082345641e-01
3.0950000000e+00,1.4778945322e+00,8.6086688680e-01,1.5071207943e-01
3.0960000000e+00,1.4787554745e+00,8.6101754320e-01,1.5060071988e-01
3.0970000000e+00,1.4796165673e+00,8.6116808825e-01,1.5048937782e-01
3.0980000000e+00,1.4804778106e+00,8.6131852196e-01,1.5037805332e-01
3.0990000000e+00,1.4813392043e+00,8.6146884436e-01,1.5026674647e-01
3.1000000000e+00,1.4822007482e+00,8.6161905546e-01,1.5015545732e-01
3.1010000000e+00,1.4830624424e+00,8.6176915528e-01,1.5004418596e-01
3.1020000000e+00,1.4839242865e+00,8.6191914384e-01,1.4993293245e-01
3.1030000000e+00,1.4847862806e+00,8.6206902115e-01,1.4982169687e-01
3.1040000000e+00,1.4856484245e+00,8.6221878724e-01,1.4971047928e-01
3.1050000000e+00,1.4865107181e+00,8.6236844212e-01,1.4959927975e-01
3.1060000000e+00,1.4873731614e+00,8.6251798581e-01,1.4948809837e-01
3.1070000000e+00,1.4882357541e+00,8.6266741832e-01,1.4937693519e-01
3.1080000000e+00,1.4890984962e+00,8.6281673968e-01,1.4926579029e-01
3.1090000000e+00,1.4899613875e+00,8.6296594991e-01,1.4915466375e-01
3.1100000000e+00,1.4908244280e+00,8.6311504902e-01,1.4904355563e-01
3.1110000000e+00,1.4916876176e+00,8.6326403703e-01,1.4893246600e-01
3.1120000000e+00,1.4925509561e+00,8.6341291395e-01,1.4882139494e-01
3.1130000000e+00,1.4934144434e+00,8.6356167982e-01,1.4871034251e-01
3.1140000000e+00,1.4942780794e+00,8.6371033465e-01,1.4859930879e-01
3.1150000000e+00,1.4951418640e+00,8.6385887845e-01,1.4848829384e-01
3.1160000000e+00,1.4960057971e+00,8.6400731124e-01,1.4837729775e-01
3.1170000000e+00,1.4968698786e+00,8.6415563305e-01,1.4826632057e-01
3.1180000000e+00,1.4977341083e+00,8.6430384389e-01,1.4815536238e-01
3.1190000000e+00,1.4985984862e+00,8.6445194378e-01,1.4804442325e-01
3.1200000000e+00,1.4994630122e+00,8.6459993274e-01,1.4793350325e-01
3.1210000000e+00,1.5003276861e+00,8.6474781079e-01,1.4782260246e-01
3.1220000000e+00,1.5011925078e+00,8.6489557795e-01,1.4771172094e-01
3.1230000000e+00,1.5020574772e+00,8.6504323424e-01,1.4760085875e-01
3.1240000000e+00,1.5029225942e+00,8.6519077968e-01,1.4749001599e-01
3.1250000000e+00,1.5037878587e+00,8.6533821428e-01,1.4737919270e-01
3.1260000000e+00,1.5046532706e+00,8.6548553807e-01,1.4726838897e-01
3.1270000000e+00,1.5055188298e+00,8.6563275106e-01,1.4715760486e-01
3.1280000000e+00,1.5063845361e+00,8.6577985328e-01,1.4704684045e-01
3.1290000000e+00,1.5072503894e+00,8.6592684475e-01,1.4693609580e-01
3.1300000000e+00,1.5081163897e+00,8.6607372548e-01,1.4682537098e-01
3.1310000000e+00,1.5089825368e+00,8.6622049550e-01,1.4671466607e-01
3.1320000000e+00,1.5098488307e+00,8.6636715482e-01,1.4660398114e-01
3.1330000000e+00,1.5107152711e+00,8.6651370347e-01,1.4649331625e-01
3.1340000000e+00,1.5115818580e+00,8.6666014146e-01,1.4638267147e-01
3.1350000000e+00,1.5124485914e+00,8.6680646882e-01,1.4627204688e-01
3.1360000000e+00,1.5133154709e+00,8.6695268556e-01,1.4616144254e-01
3.1370000000e+00,1.5141824967e+00,8.6709879171e-01,1.4605085853e-01
3.1380000000e+00,1.5150496685e+00,8.6724478728e-01,1.4594029491e-01
3.1390000000e+00,1.5159169862e+00,8.6739067231e-01,1.4582975176e-01
3.1400000000e+00,1.5167844498e+00,8.6753644679e-01,1.4571922914e-01
3.1410000000e+00,1.5176520591e+00,8.6768211077e-01,1.4560872712e-01
3.1420000000e+00,1.5185198140e+00,8.6782766426e-01,1.4549824578e-01
3.1430000000e+00,1.5193877144e+00,8.6797310727e-01,1.4538778517e-01
3.1440000000e+00,1.5202557602e+00,8.6811843983e-01,1.4527734538e-01
3.1450000000e+00,1.5211239512e+00,8.6826366197e-01,1.4516692648e-01
3.1460000000e+00,1.5219922874e+00,8.6840877369e-01,1.4505652852e-01
3.1470000000e+00,1.5228607687e+00,8.6855377503e-01,1.4494615158e-01
3.1480000000e+00,1.5237293950e+00,8.6869866600e-01,1.4483579573e-01
3.1490000000e+00,1.5245981660e+00,8.6884344663e-01,1.4472546105e-01
3.1500000000e+00,1.5254670818e+00,8.6898811693e-01,1.4461514758e-01
3.1510000000e+00,1.5263361422e+00,8.6913267693e-01,1.4450485542e-01
3.1520000000e+00,1.5272053471e+00,8.6927712665e-01,1.4439458462e-01
3.1530000000e+00,1.5280746964e+00,8.6942146611e-01,1.4428433526e-01
3.1540000000e+00,1.5289441900e+00,8.6956569533e-01,1.4417410741e-01
3.1550000000e+00,1.5298138278e+00,8.6970981433e-01,1.4406390112e-01
3.1560000000e+00,1.5306836096e+00,8.6985382314e-01,1.4395371648e-01
3.1570000000e+00,1.5315535354e+00,8.6999772177e-01,1.4384355355e-01
3.1580000000e+00,1.5324236050e+00,8.7014151025e-01,1.4373341240e-01
3.1590000000e+00,1.5332938184e+00,8.7028518860e-01,1.4362329310e-01
3.1600000000e+00,1.5341641754e+00,8.7042875685e-01,1.4351319572e-01
3.1610000000e+00,1.5350346759e+00,8.7057221500e-01,1.4340312032e-01
3.1620000000e+00,1.5359053198e+00,8.7071556309e-01,1.4329306698e-01
3.1630000000e+00,1.5367761070e+00,8.7085880114e-01,1.4318303576e-01
3.1640000000e+00,1.5376470373e+00,8.7100192917e-01,1.4307302673e-01
3.1650000000e+00,1.5385181108e+00,8.7114494720e-01,1.4296303996e-01
3.1660000000e+00,1.5393893272e+00,8.7128785526e-01,1.4285307553e-01
3.1670000000e+00,1.5402606864e+00,8.7143065336e-01,1.4274313349e-01
3.1680000000e+00,1.5411321885e+00,8.7157334153e-01,1.4263321391e-01
3.1690000000e+00,1.5420038331e+00,8.7171591980e-01,1.4252331687e-01
3.1700000000e+00,1.5428756203e+00,8.7185838818e-01,1.4241344244e-01
3.1710000000e+00,1.5437475498e+00,8.7200074669e-01,1.4230359067e-01
3.1720000000e+00,1.5446196217e+00,8.7214299536e-01,1.4219376164e-01
3.1730000000e+00,1.5454918358e+00,8.7228513422e-01,1.4208395542e-01
3.1740000000e+00,1.5463641919e+00,8.7242716328e-01,1.4197417207e-01
3.1750000000e+00,1.5472366901e+00,8.7256908257e-01,1.4186441166e-01
3.1760000000e+00,1.5481093301e+00,8.7271089211e-01,1.4175467427e-01
3.1770000000e+00,1.5489821118e+00,8.7285259193e-01,1.4164495995e-01
3.1780000000e+00,1.5498550352e+00,8.7299418204e-01,1.4153526878e-01
3.1790000000e+00,1.5507281002e+00,8.7313566247e-01,1.4142560082e-01
3.1800000000e+00,1.5516013065e+00,8.7327703325e-01,1.4131595615e-01
3.1810000000e+00,1.5524746542e+00,8.7341829439e-01,1.4120633483e-01
3.1820000000e+00,1.5533481431e+00,8.7355944593e-01,1.4109673692e-01
3.1830000000e+00,1.5542217730e+00,8.7370048788e-01,1.4098716249e-01
3.1840000000e+00,1.5550955440e+00,8.7384142026e-01,1.4087761162e-01
3.1850000000e+00,1.5559694558e+00,8.7398224311e-01,1.4076808437e-01
3.1860000000e+00,1.5568435085e+00,8.7412295644e-01,1.4065858080e-01
3.1870000000e+00,1.5577177017e+00,8.7426356028e-01,1.4054910099e-01
3.1880000000e+00,1.5585920355e+00,8.7440405465e-01,1.4043964500e-01
3.1890000000e+00,1.5594665098e+00,8.7454443957e-01,1.4033021290e-01
3.1900000000e+00,1.5603411244e+00,8.7468471508e-01,1.4022080476e-01
3.1910000000e+00,1.5612158792e+00,8.7482488119e-01,1.4011142064e-01
3.1920000000e+00,1.5620907741e+00,8.7496493793e-01,1.4000206061e-01
3.1930000000e+00,1.5629658090e+00,8.7510488532e-01,1.3989272473e-01
3.1940000000e+00,1.5638409838e+00,8.7524472339e-01,1.3978341308e-01
3.1950000000e+00,1.5647162984e+00,8.7538445216e-01,1.3967412573e-01
3.1960000000e+00,1.5655917527e+00,8.7552407165e-01,1.3956486273e-01
3.1970000000e+00,1.5664673465e+00,8.7566358189e-01,1.3945562415e-01
3.1980000000e+00,1.5673430798e+00,8.7580298290e-01,1.3934641007e-01
3.1990000000e+00,1.5682189525e+00,8.7594227472e-01,1.3923722054e-01
3.2000000000e+00,1.5690949643e+00,8.7608145735e-01,1.3912805564e-01
3.2010000000e+00,1.5699711154e+00,8.7622053084e-01,1.3901891543e-01
3.2020000000e+00,1.5708474054e+00,8.7635949519e-01,1.3890979998e-01
3.2030000000e+00,1.5717238343e+00,8.7649835045e-01,1.3880070935e-01
3.2040000000e+00,1.5726004020e+00,8.7663709662e-01,1.3869164362e-01
3.2050000000e+00,1.5734771085e+00,8.7677573374e-01,1.3858260284e-01
3.2060000000e+00,1.5743539535e+00,8.7691426183e-01,1.3847358709e-01
3.2070000000e+00,1.5752309369e+00,8.7705268092e-01,1.3836459642e-01
3.2080000000e+00,1.5761080588e+00,8.7719099104e-01,1.3825563092e-01
3.2090000000e+00,1.5769853189e+00,8.7732919219e-01,1.3814669063e-01
3.2100000000e+00,1.5778627171e+00,8.7746728442e-01,1.3803777564e-01
3.2110000000e+00,1.5787402534e+00,8.7760526775e-01,1.3792888600e-01
3.2120000000e+00,1.5796179276e+00,8.7774314221e-01,1.3782002177e-01
3.2130000000e+00,1.5804957397e+00,8.7788090781e-01,1.3771118304e-01
3.2140000000e+00,1.5813736894e+00,8.7801856458e-01,1.3760236986e-01
3.2150000000e+00,1.5822517768e+00,8.7815611255e-01,1.3749358229e-01
3.2160000000e+00,1.5831300016e+00,8.7829355175e-01,1.3738482042e-01
3.2170000000e+00,1.5840083638e+00,8.7843088220e-01,1.3727608429e-01
3.2180000000e+00,1.5848868633e+00,8.7856810393e-01,1.3716737397e-01
3.2190000000e+00,1.5857655000e+00,8.7870521696e-01,1.3705868954e-01
3.2200000000e+00,1.5866442737e+00,8.7884222132e-01,1.3695003105e-01
3.2210000000e+00,1.5875231844e+00,8.7897911703e-01,1.3684139858e-01
3.2220000000e+00,1.5884022319e+00,8.7911590412e-01,1.3673279218e-01
3.2230000000e+00,1.5892814162e+00,8.7925258262e-01,1.3662421193e-01
3.2240000000e+00,1.5901607371e+00,8.7938915256e-01,1.3651565788e-01
3.2250000000e+00,1.5910401945e+00,8.7952561395e-01,1.3640713011e-01
3.2260000000e+00,1.5919197883e+00,8.7966196683e-01,1.3629862868e-01
3.2270000000e+00,1.5927995184e+00,8.7979821121e-01,1.3619015365e-01
3.2280000000e+00,1.5936793846e+00,8.7993434714e-01,1.3608170509e-01
3.2290000000e+00,1.5945593870e+00,8.8007037463e-01,1.3597328306e-01
3.2300000000e+00,1.5954395254e+00,8.8020629372e-01,1.3586488763e-01
3.2310000000e+00,1.5963197996e+00,8.8034210442e-01,1.3575651887e-01
3.2320000000e+00,1.5972002095e+00,8.8047780676e-01,1.3564817684e-01
3.2330000000e+00,1.5980807551e+00,8.8061340078e-01,1.3553986160e-01
3.2340000000e+00,1.5989614363e+00,8.8074888650e-01,1.3543157321e-01
3.2350000000e+00,1.5998422529e+00,8.8088426394e-01,1.3532331175e-01
3.2360000000e+00,1.6007232048e+00,8.8101953313e-01,1.3521507728e-01
3.2370000000e+00,1.6016042919e+00,8.8115469410e-01,1.3510686986e-01
3.2380000000e+00,1.6024855141e+00,8.8128974688e-01,1.3499868956e-01
3.2390000000e+00,1.6033668714e+00,8.8142469149e-01,1.3489053644e-01
3.2400000000e+00,1.6042483635e+00,8.8155952796e-01,1.3478241057e-01
3.2410000000e+00,1.6051299904e+00,8.8169425632e-01,1.3467431200e-01
3.2420000000e+00,1.6060117520e+00,8.8182887659e-01,1.3456624081e-01
3.2430000000e+00,1.6068936481e+00,8.8196338881e-01,1.3445819706e-01
3.2440000000e+00,1.6077756787e+00,8.8209779299e-01,1.3435018081e-01
3.2450000000e+00,1.6086578437e+00,8.8223208918e-01,1.3424219213e-01
3.2460000000e+00,1.6095401428e+00,8.8236627739e-01,1.3413423108e-01
3.2470000000e+00,1.6104225762e+00,8.8250035765e-01,1.3402629772e-01
3.2480000000e+00,1.6113051435e+00,8.8263432999e-01,1.3391839212e-01
3.2490000000e+00,1.6121878448e+00,8.8276819444e-01,1.3381051435e-01
3.2500000000e+00,1.6130706799e+00,8.8290195103e-01,1.3370266446e-01
3.2510000000e+00,1.6139536487e+00,8.8303559978e-01,1.3359484252e-01
3.2520000000e+00,1.6148367510e+00,8.8316914073e-01,1.3348704859e-01
3.2530000000e+00,1.6157199869e+00,8.8330257389e-01,1.3337928275e-01
3.2540000000e+00,1.6166033562e+00,8.8343589930e-01,1.3327154504e-01
3.2550000000e+00,1.6174868587e+00,8.8356911699e-01,1.3316383554e-01
3.2560000000e+00,1.6183704943e+00,8.8370222698e-01,1.3305615431e-01
3.2570000000e+00,1.6192542631e+00,8.8383522931e-01,1.3294850141e-01
3.2580000000e+00,1.6201381648e+00,8.8396812399e-01,1.3284087690e-01
3.2590000000e+00,1.6210221993e+00,8.8410091107e-01,1.3273328086e-01
3.2600000000e+00,1.6219063666e+00,8.8423359056e-01,1.3262571333e-01
3.2610000000e+00,1.6227906664e+00,8.8436616251e-01,1.3251817439e-01
3.2620000000e+00,1.6236750988e+00,8.8449862692e-01,1.3241066409e-01
3.2630000000e+00,1.6245596637e+00,8.8463098384e-01,1.3230318251e-01
3.2640000000e+00,1.6254443608e+00,8.8476323330e-01,1.3219572970e-01
3.2650000000e+00,1.6263291901e+00,8.8489537531e-01,1.3208830573e-01
3.2660000000e+00,1.6272141515e+00,8.8502740992e-01,1.3198091066e-01
3.2670000000e+00,1.6280992449e+00,8.8515933714e-01,1.3187354454e-01
3.2680000000e+00,1.6289844701e+00,8.8529115702e-01,1.3176620746e-01
3.2690000000e+00,1.6298698272e+00,8.8542286957e-01,1.3165889946e-01
3.2700000000e+00,1.6307553158e+00,8.8555447483e-01,1.3155162061e-01
3.2710000000e+00,1.6316409361e+00,8.8568597282e-01,1.3144437098e-01
3.2720000000e+00,1.6325266877e+00,8.8581736358e-01,1.3133715062e-01
3.2730000000e+00,1.6334125708e+00,8.8594864713e-01,1.3122995959e-01
3.2740000000e+00,1.6342985850e+00,8.8607982351e-01,1.3112279797e-01
3.2750000000e+00,1.6351847304e+00,8.8621089274e-01,1.3101566581e-01
3.2760000000e+00,1.6360710068e+00,8.8634185485e-01,1.3090856318e-01
3.2770000000e+00,1.6369574140e+00,8.8647270987e-01,1.3080149013e-01
3.2780000000e+00,1.6378439521e+00,8.8660345784e-01,1.3069444673e-01
3.2790000000e+00,1.6387306209e+00,8.8673409878e-01,1.3058743304e-01
3.2800000000e+00,1.6396174203e+00,8.8686463271e-01,1.3048044912e-01
3.2810000000e+00,1.6405043502e+00,8.8699505968e-01,1.3037349504e-01
3.2820000000e+00,1.6413914104e+00,8.8712537971e-01,1.3026657086e-01
3.2830000000e+00,1.6422786009e+00,8.8725559284e-01,1.3015967663e-01
3.2840000000e+00,1.6431659215e+00,8.8738569908e-01,1.3005281243e-01
3.2850000000e+00,1.6440533722e+00,8.8751569847e-01,1.2994597830e-01
3.2860000000e+00,1.6449409529e+00,8.8764559104e-01,1.2983917432e-01
3.2870000000e+00,1.6458286634e+00,8.8777537683e-01,1.2973240055e-01
3.2880000000e+00,1.6467165036e+00,8.8790505586e-01,1.2962565704e-01
3.2890000000e+00,1.6476044735e+00,8.8803462815e-01,1.2951894386e-01
3.2900000000e+00,1.6484925728e+00,8.8816409375e-01,1.2941226107e-01
3.2910000000e+00,1.6493808016e+00,8.8829345269e-01,1.2930560873e-01
3.2920000000e+00,1.6502691597e+00,8.8842270498e-01,1.2919898690e-01
3.2930000000e+00,1.6511576470e+00,8.8855185067e-01,1.2909239565e-01
3.2940000000e+00,1.6520462634e+00,8.8868088978e-01,1.2898583502e-01
3.2950000000e+00,1.6529350087e+00,8.8880982235e-01,1.2887930510e-01
3.2960000000e+00,1.6538238830e+00,8.8893864840e-01,1.2877280593e-01
3.2970000000e+00,1.6547128860e+00,8.8906736797e-01,1.2866633758e-01
3.2980000000e+00,1.6556020177e+00,8.8919598109e-01,1.2855990010e-01
3.2990000000e+00,1.6564912779e+00,8.8932448778e-01,1.2845349357e-01
3.3000000000e+00,1.6573806666e+00,8.8945288809e-01,1.2834711803e-01
3.3010000000e+00,1.6582701837e+00,8.8958118203e-01,1.2824077356e-01
3.3020000000e+00,1.6591598289e+00,8.8970936964e-01,1.2813446020e-01
3.3030000000e+00,1.6600496024e+00,8.8983745096e-01,1.2802817803e-01
3.3040000000e+00,1.6609395038e+00,8.8996542601e-01,1.2792192710e-01
3.3050000000e+00,1.6618295332e+00,8.9009329482e-01,1.2781570747e-01
3.3060000000e+00,1.6627196904e+00,8.9022105743e-01,1.2770951920e-01
3.3070000000e+00,1.6636099753e+00,8.9034871387e-01,1.2760336235e-01
3.3080000000e+00,1.6645003878e+00,8.9047626417e-01,1.2749723699e-01
3.3090000000e+00,1.6653909278e+00,8.9060370836e-01,1.2739114317e-01
3.3100000000e+00,1.6662815951e+00,8.9073104647e-01,1.2728508096e-01
3.3110000000e+00,1.6671723898e+00,8.9085827853e-01,1.2717905040e-01
3.3120000000e+00,1.6680633117e+00,8.9098540458e-01,1.2707305158e-01
3.3130000000e+00,1.6689543606e+00,8.9111242464e-01,1.2696708453e-01
3.3140000000e+00,1.6698455365e+00,8.9123933876e-01,1.2686114933e-01
3.3150000000e+00,1.6707368392e+00,8.9136614695e-01,1.2675524603e-01
3.3160000000e+00,1.6716282687e+00,8.9149284926e-01,1.2664937469e-01
3.3170000000e+00,1.6725198249e+00,8.9161944571e-01,1.2654353537e-01
3.3180000000e+00,1.6734115076e+00,8.9174593634e-01,1.2643772814e-01
3.3190000000e+00,1.6743033167e+00,8.9187232118e-01,1.2633195304e-01
3.3200000000e+00,1.6751952522e+00,8.9199860026e-01,1.2622621015e-01
3.3210000000e+00,1.6760873139e+00,8.9212477361e-01,1.2612049951e-01
3.3220000000e+00,1.6769795017e+00,8.9225084127e-01,1.2601482120e-01
3.3230000000e+00,1.6778718155e+00,8.9237680326e-01,1.2590917526e-01
3.3240000000e+00,1.6787642553e+00,8.9250265963e-01,1.2580356176e-01
3.3250000000e+00,1.6796568208e+00,8.9262841040e-01,1.2569798076e-01
3.3260000000e+00,1.6805495121e+00,8.9275405560e-01,1.2559243231e-01
3.3270000000e+00,1.6814423289e+00,8.9287959527e-01,1.2548691648e-01
3.3280000000e+00,1.6823352712e+00,8.9300502945e-01,1.2538143332e-01
3.3290000000e+00,1.6832283389e+00,8.9313035815e-01,1.2527598289e-01
3.3300000000e+00,1.6841215319e+00,8.9325558142e-01,1.2517056525e-01
3.3310000000e+00,1.6850148501e+00,8.9338069929e-01,1.2506518046e-01
3.3320000000e+00,1.6859082933e+00,8.9350571179e-01,1.2495982858e-01
3.3330000000e+00,1.6868018614e+00,8.9363061896e-01,1.2485450967e-01
3.3340000000e+00,1.6876955545e+00,8.9375542083e-01,1.2474922378e-01
3.3350000000e+00,1.6885893722e+00,8.9388011742e-01,1.2464397098e-01
3.3360000000e+00,1.6894833147e+00,8.9400470878e-01,1.2453875132e-01
3.3370000000e+00,1.6903773816e+00,8.9412919493e-01,1.2443356486e-01
3.3380000000e+00,1.6912715730e+00,8.9425357592e-01,1.2432841166e-01
3.3390000000e+00,1.6921658887e+00,8.9437785177e-01,1.2422329177e-01
3.3400000000e+00,1.6930603287e+00,8.9450202251e-01,1.2411820526e-01
3.3410000000e+00,1.6939548928e+00,8.9462608819e-01,1.2401315218e-01
3.3420000000e+00,1.6948495808e+00,8.9475004883e-01,1.2390813259e-01
3.3430000000e+00,1.6957443928e+00,8.9487390447e-01,1.2380314655e-01
3.3440000000e+00,1.6966393286e+00,8.9499765513e-01,1.2369819412e-01
3.3450000000e+00,1.6975343881e+00,8.9512130087e-01,1.2359327535e-01
3.3460000000e+00,1.6984295712e+00,8.9524484170e-01,1.2348839030e-01
3.3470000000e+00,1.6993248777e+00,8.9536827766e-01,1.2338353904e-01
3.3480000000e+00,1.7002203077e+00,8.9549160878e-01,1.2327872160e-01
3.3490000000e+00,1.7011158609e+00,8.9561483511e-01,1.2317393807e-01
3.3500000000e+00,1.7020115373e+00,8.9573795667e-01,1.2306918848e-01
3.3510000000e+00,1.7029073368e+00,8.9586097350e-01,1.2296447291e-01
3.3520000000e+00,1.7038032592e+00,8.9598388563e-01,1.2285979140e-01
3.3530000000e+00,1.7046993045e+00,8.9610669309e-01,1.2275514401e-01
3.3540000000e+00,1.7055954726e+00,8.9622939593e-01,1.2265053081e-01
3.3550000000e+00,1.7064917633e+00,8.9635199417e-01,1.2254595184e-01
3.3560000000e+00,1.7073881765e+00,8.9647448784e-01,1.2244140717e-01
3.3570000000e+00,1.7082847122e+00,8.9659687699e-01,1.2233689685e-01
3.3580000000e+00,1.7091813703e+00,8.9671916165e-01,1.2223242094e-01
3.3590000000e+00,1.7100781505e+00,8.9684134185e-01,1.2212797949e-01
3.3600000000e+00,1.7109750529e+00,8.9696341762e-01,1.2202357257e-01
3.3610000000e+00,1.7118720773e+00,8.9708538900e-01,1.2191920022e-01
3.3620000000e+00,1.7127692237e+00,8.9720725603e-01,1.2181486251e-01
3.3630000000e+00,1.7136664918e+00,8.9732901874e-01,1.2171055950e-01
3.3640000000e+00,1.7145638817e+00,8.9745067716e-01,1.2160629123e-01
3.3650000000e+00,1.7154613931e+00,8.9757223133e-01,1.2150205776e-01
3.3660000000e+00,1.7163590261e+00,8.9769368129e-01,1.2139785915e-01
3.3670000000e+00,1.7172567805e+00,8.9781502706e-01,1.2129369547e-01
3.3680000000e+00,1.7181546561e+00,8.9793626869e-01,1.2118956675e-01
3.3690000000e+00,1.7190526530e+00,8.9805740621e-01,1.2108547307e-01
3.3700000000e+00,1.7199507709e+00,8.9817843965e-01,1.2098141447e-01
3.3710000000e+00,1.7208490098e+00,8.9829936905e-01,1.2087739101e-01
3.3720000000e+00,1.7217473696e+00,8.9842019444e-01,1.2077340275e-01
3.3730000000e+00,1.7226458502e+00,8.9854091587e-01,1.2066944974e-01
3.3740000000e+00,1.7235444514e+00,8.9866153335e-01,1.2056553204e-01
3.3750000000e+00,1.7244431732e+00,8.9878204694e-01,1.2046164970e-01
3.3760000000e+00,1.7253420154e+00,8.9890245667e-01,1.2035780279e-01
3.3770000000e+00,1.7262409781e+00,8.9902276256e-01,1.2025399135e-01
3.3780000000e+00,1.7271400609e+00,8.9914296466e-01,1.2015021544e-01
3.3790000000e+00,1.7280392640e+00,8.9926306300e-01,1.2004647512e-01
3.3800000000e+00,1.7289385870e+00,8.9938305762e-01,1.1994277044e-01
3.3810000000e+00,1.7298380300e+00,8.9950294856e-01,1.1983910145e-01
3.3820000000e+00,1.7307375929e+00,8.9962273584e-01,1.1973546822e-01
3.3830000000e+00,1.7316372755e+00,8.9974241950e-01,1.1963187079e-01
3.3840000000e+00,1.7325370777e+00,8.9986199959e-01,1.1952830923e-01
3.3850000000e+00,1.7334369994e+00,8.9998147613e-01,1.1942478358e-01
3.3860000000e+00,1.7343370406e+00,9.0010084917e-01,1.1932129391e-01
3.3870000000e+00,1.7352372011e+00,9.0022011873e-01,1.1921784026e-01
3.3880000000e+00,1.7361374808e+00,9.0033928486e-01,1.1911442270e-01
3.3890000000e+00,1.7370378796e+00,9.0045834759e-01,1.1901104127e-01
3.3900000000e+00,1.7379383975e+00,9.0057730696e-01,1.1890769603e-01
3.3910000000e+00,1.7388390342e+00,9.0069616300e-01,1.1880438703e-01
3.3920000000e+00,1.7397397898e+00,9.0081491574e-01,1.1870111434e-01
3.3930000000e+00,1.7406406640e+00,9.0093356524e-01,1.1859787800e-01
3.3940000000e+00,1.7415416569e+00,9.0105211151e-01,1.1849467807e-01
3.3950000000e+00,1.7424427682e+00,9.0117055460e-01,1.1839151460e-01
3.3960000000e+00,1.7433439979e+00,9.0128889455e-01,1.1828838765e-01
3.3970000000e+00,1.7442453460e+00,9.0140713139e-01,1.1818529727e-01
3.3980000000e+00,1.7451468122e+00,9.0152526516e-01,1.1808224351e-01
3.3990000000e+00,1.7460483965e+00,9.0164329589e-01,1.1797922644e-01
3.4000000000e+00,1.7469500987e+00,9.0176122362e-01,1.1787624609e-01
3.4010000000e+00,1.7478519189e+00,9.0187904840e-01,1.1777330253e-01
3.4020000000e+00,1.7487538568e+00,9.0199677024e-01,1.1767039582e-01
3.4030000000e+00,1.7496559124e+00,9.0211438920e-01,1.1756752599e-01
3.4040000000e+00,1.7505580855e+00,9.0223190531e-01,1.1746469312e-01
3.4050000000e+00,1.7514603762e+00,9.0234931860e-01,1.1736189724e-01
3.4060000000e+00,1.7523627841e+00,9.0246662911e-01,1.1725913842e-01
3.4070000000e+00,1.7532653094e+00,9.0258383689e-01,1.1715641671e-01
3.4080000000e+00,1.7541679518e+00,9.0270094196e-01,1.1705373216e-01
3.4090000000e+00,1.7550707112e+00,9.0281794436e-01,1.1695108482e-01
3.4100000000e+00,1.7559735876e+00,9.0293484414e-01,1.1684847475e-01
3.4110000000e+00,1.7568765809e+00,9.0305164133e-01,1.1674590200e-01
3.4120000000e+00,1.7577796909e+00,9.0316833596e-01,1.1664336663e-01
3.4130000000e+00,1.7586829175e+00,9.0328492807e-01,1.1654086868e-01
3.4140000000e+00,1.7595862607e+00,9.0340141771e-01,1.1643840821e-01
3.4150000000e+00,1.7604897203e+00,9.0351780490e-01,1.1633598528e-01
3.4160000000e+00,1.7613932963e+00,9.0363408969e-01,1.1623359992e-01
3.4170000000e+00,1.7622969885e+00,9.0375027211e-01,1.1613125221e-01
3.4180000000e+00,1.7632007968e+00,9.0386635221e-01,1.1602894218e-01
3.4190000000e+00,1.7641047211e+00,9.0398233001e-01,1.1592666990e-01
3.4200000000e+00,1.7650087614e+00,9.0409820556e-01,1.1582443542e-01
3.4210000000e+00,1.7659129175e+00,9.0421397889e-01,1.1572223878e-01
3.4220000000e+00,1.7668171893e+00,9.0432965005e-01,1.1562008004e-01
3.4230000000e+00,1.7677215768e+00,9.0444521907e-01,1.1551795925e-01
3.4240000000e+00,1.7686260797e+00,9.0456068598e-01,1.1541587647e-01
3.4250000000e+00,1.7695306981e+00,9.0467605083e-01,1.1531383174e-01
3.4260000000e+00,1.7704354318e+00,9.0479131366e-01,1.1521182512e-01
3.4270000000e+00,1.7713402807e+00,9.0490647450e-01,1.1510985666e-01
3.4280000000e+00,1.7722452447e+00,9.0502153338e-01,1.1500792641e-01
3.4290000000e+00,1.7731503237e+00,9.0513649036e-01,1.1490603442e-01
3.4300000000e+00,1.7740555177e+00,9.0525134547e-01,1.1480418075e-01
3.4310000000e+00,1.7749608264e+00,9.0536609874e-01,1.1470236545e-01
3.4320000000e+00,1.7758662498e+00,9.0548075021e-01,1.1460058857e-01
3.4330000000e+00,1.7767717879e+00,9.0559529993e-01,1.1449885015e-01
3.4340000000e+00,1.7776774404e+00,9.0570974792e-01,1.1439715026e-01
3.4350000000e+00,1.7785832073e+00,9.0582409424e-01,1.1429548893e-01
3.4360000000e+00,1.7794890886e+00,9.0593833891e-01,1.1419386624e-01
3.4370000000e+00,1.7803950840e+00,9.0605248198e-01,1.1409228221e-01
3.4380000000e+00,1.7813011935e+00,9.0616652349e-01,1.1399073692e-01
3.4390000000e+00,1.7822074170e+00,9.0628046347e-01,1.1388923039e-01
3.4400000000e+00,1.7831137544e+00,9.0639430196e-01,1.1378776270e-01
3.4410000000e+00,1.7840202056e+00,9.0650803901e-01,1.1368633389e-01
3.4420000000e+00,1.7849267704e+00,9.0662167464e-01,1.1358494400e-01
3.4430000000e+00,1.7858334489e+00,9.0673520891e-01,1.1348359310e-01
3.4440000000e+00,1.7867402408e+00,9.0684864184e-01,1.1338228122e-01
3.4450000000e+00,1.7876471461e+00,9.0696197349e-01,1.1328100843e-01
3.4460000000e+00,1.7885541647e+00,9.0707520387e-01,1.1317977477e-01
3.4470000000e+00,1.7894612965e+00,9.0718833305e-01,1.1307858029e-01
3.4480000000e+00,1.7903685414e+00,9.0730136105e-01,1.1297742504e-01
3.4490000000e+00,1.7912758992e+00,9.0741428791e-01,1.1287630908e-01
3.4500000000e+00,1.7921833699e+00,9.0752711368e-01,1.1277523245e-01
3.4510000000e+00,1.7930909534e+00,9.0763983839e-01,1.1267419520e-01
3.4520000000e+00,1.7939986495e+00,9.0775246208e-01,1.1257319738e-01
3.4530000000e+00,1.7949064583e+00,9.0786498480e-01,1.1247223905e-01
3.4540000000e+00,1.7958143795e+00,9.0797740657e-01,1.1237132025e-01
3.4550000000e+00,1.7967224130e+00,9.0808972745e-01,1.1227044103e-01
3.4560000000e+00,1.7976305589e+00,9.0820194747e-01,1.1216960145e-01
3.4570000000e+00,1.7985388169e+00,9.0831406667e-01,1.1206880155e-01
3.4580000000e+00,1.7994471870e+00,9.0842608509e-01,1.1196804138e-01
3.4590000000e+00,1.8003556690e+00,9.0853800276e-01,1.1186732099e-01
3.4600000000e+00,1.8012642630e+00,9.0864981974e-01,1.1176664043e-01
3.4610000000e+00,1.8021729687e+00,9.0876153606e-01,1.1166599975e-01
3.4620000000e+00,1.8030817860e+00,9.0887315175e-01,1.1156539900e-01
3.4630000000e+00,1.8039907149e+00,9.0898466687e-01,1.1146483823e-01
3.4640000000e+00,1.8048997553e+00,9.0909608144e-01,1.1136431748e-01
3.4650000000e+00,1.8058089071e+00,9.0920739552e-01,1.1126383681e-01
3.4660000000e+00,1.8067181701e+00,9.0931860913e-01,1.1116339627e-01
3.4670000000e+00,1.8076275442e+00,9.0942972232e-01,1.1106299590e-01
3.4680000000e+00,1.8085370295e+00,9.0954073514e-01,1.1096263575e-01
3.4690000000e+00,1.8094466257e+00,9.0965164761e-01,1.1086231588e-01
3.4700000000e+00,1.8103563327e+00,9.0976245978e-01,1.1076203633e-01
3.4710000000e+00,1.8112661506e+00,9.0987317169e-01,1.1066179714e-01
3.4720000000e+00,1.8121760790e+00,9.0998378339e-01,1.1056159838e-01
3.4730000000e+00,1.8130861181e+00,9.1009429490e-01,1.1046144008e-01
3.4740000000e+00,1.8139962676e+00,9.1020470628e-01,1.1036132229e-01
3.4750000000e+00,1.8149065275e+00,9.1031501756e-01,1.1026124507e-01
3.4760000000e+00,1.8158168976e+00,9.1042522879e-01,1.1016120845e-01
3.4770000000e+00,1.8167273779e+00,9.1053533999e-01,1.1006121250e-01
3.4780000000e+00,1.8176379682e+00,9.1064535122e-01,1.0996125725e-01
3.4790000000e+00,1.8185486686e+00,9.1075526252e-01,1.0986134276e-01
3.4800000000e+00,1.8194594787e+00,9.1086507392e-01,1.0976146907e-01
3.4810000000e+00,1.8203703987e+00,9.1097478547e-01,1.0966163623e-01
3.4820000000e+00,1.8212814283e+00,9.1108439721e-01,1.0956184429e-01
3.4830000000e+00,1.8221925674e+00,9.1119390917e-01,1.0946209329e-01
3.4840000000e+00,1.8231038161e+00,9.1130332141e-01,1.0936238329e-01
3.4850000000e+00,1.8240151740e+00,9.1141263395e-01,1.0926271433e-01
3.4860000000e+00,1.8249266413e+00,9.1152184685e-01,1.0916308646e-01
3.4870000000e+00,1.8258382177e+00,9.1163096014e-01,1.0906349972e-01
3.4880000000e+00,1.8267499032e+00,9.1173997386e-01,1.0896395417e-01
3.4890000000e+00,1.8276616976e+00,9.1184888806e-01,1.0886444984e-01
3.4900000000e+00,1.8285736009e+00,9.1195770278e-01,1.0876498680e-01
3.4910000000e+00,1.8294856130e+00,9.1206641805e-01,1.0866556507e-01
3.4920000000e+00,1.8303977337e+00,9.1217503392e-01,1.0856618472e-01
3.4930000000e+00,1.8313099630e+00,9.1228355043e-01,1.0846684579e-01
3.4940000000e+00,1.8322223008e+00,9.1239196763e-01,1.0836754832e-01
3.4950000000e+00,1.8331347469e+00,9.1250028554e-01,1.0826829237e-01
3.4960000000e+00,1.8340473013e+00,9.1260850423e-01,1.0816907797e-01
3.4970000000e+00,1.8349599639e+00,9.1271662371e-01,1.0806990518e-01
3.4980000000e+00,1.8358727346e+00,9.1282464405e-01,1.0797077404e-01
3.4990000000e+00,1.8367856132e+00,9.1293256528e-01,1.0787168459e-01
3.5000000000e+00,1.8376985996e+00,9.1304038743e-01,1.0777263689e-01
3.5010000000e+00,1.8386116939e+00,9.1314811056e-01,1.0767363099e-01
3.5020000000e+00,1.8395248958e+00,9.1325573471e-01,1.0757466691e-01
3.5030000000e+00,1.8404382053e+00,9.1336325991e-01,1.0747574472e-01
3.5040000000e+00,1.8413516223e+00,9.1347068621e-01,1.0737686446e-01
3.5050000000e+00,1.8422651467e+00,9.1357801365e-01,1.0727802617e-01
3.5060000000e+00,1.8431787783e+00,9.1368524228e-01,1.0717922991e-01
3.5070000000e+00,1.8440925171e+00,9.1379237213e-01,1.0708047571e-01
3.5080000000e+00,1.8450063630e+00,9.1389940324e-01,1.0698176362e-01
3.5090000000e+00,1.8459203159e+00,9.1400633567e-01,1.0688309369e-01
3.5100000000e+00,1.8468343757e+00,9.1411316945e-01,1.0678446596e-01
3.5110000000e+00,1.8477485422e+00,9.1421990462e-01,1.0668588048e-01
3.5120000000e+00,1.8486628154e+00,9.1432654122e-01,1.0658733730e-01
3.5130000000e+00,1.8495771953e+00,9.1443307930e-01,1.0648883645e-01
3.5140000000e+00,1.8504916816e+00,9.1453951891e-01,1.0639037799e-01
3.5150000000e+00,1.8514062743e+00,9.1464586007e-01,1.0629196195e-01
3.5160000000e+00,1.8523209733e+00,9.1475210285e-01,1.0619358840e-01
3.5170000000e+00,1.8532357784e+00,9.1485824727e-01,1.0609525736e-01
3.5180000000e+00,1.8541506897e+00,9.1496429338e-01,1.0599696889e-01
3.5190000000e+00,1.8550657070e+00,9.1507024122e-01,1.0589872302e-01
3.5200000000e+00,1.8559808302e+00,9.1517609084e-01,1.0580051981e-01
3.5210000000e+00,1.8568960591e+00,9.1528184227e-01,1.0570235930e-01
3.5220000000e+00,1.8578113938e+00,9.1538749557e-01,1.0560424153e-01
3.5230000000e+00,1.8587268341e+00,9.1549305077e-01,1.0550616655e-01
3.5240000000e+00,1.8596423799e+00,9.1559850792e-01,1.0540813440e-01
3.5250000000e+00,1.8605580311e+00,9.1570386705e-01,1.0531014513e-01
3.5260000000e+00,1.8614737876e+00,9.1580912822e-01,1.0521219878e-01
3.5270000000e+00,1.8623896493e+00,9.1591429146e-01,1.0511429540e-01
3.5280000000e+00,1.8633056161e+00,9.1601935683e-01,1.0501643502e-01
3.5290000000e+00,1.8642216880e+00,9.1612432435e-01,1.0491861770e-01
3.5300000000e+00,1.8651378648e+00,9.1622919408e-01,1.0482084347e-01
3.5310000000e+00,1.8660541463e+00,9.1633396605e-01,1.0472311239e-01
3.5320000000e+00,1.8669705327e+00,9.1643864031e-01,1.0462542449e-01
3.5330000000e+00,1.8678870236e+00,9.1654321691e-01,1.0452777982e-01
3.5340000000e+00,1.8688036191e+00,9.1664769589e-01,1.0443017842e-01
3.5350000000e+00,1.8697203190e+00,9.1675207728e-01,1.0433262034e-01
3.5360000000e+00,1.8706371232e+00,9.1685636114e-01,1.0423510561e-01
3.5370000000e+00,1.8715540316e+00,9.1696054751e-01,1.0413763429e-01
3.5380000000e+00,1.8724710442e+00,9.1706463643e-01,1.0404020642e-01
3.5390000000e+00,1.8733881609e+00,9.1716862794e-01,1.0394282203e-01
3.5400000000e+00,1.8743053815e+00,9.1727252209e-01,1.0384548118e-01
3.5410000000e+00,1.8752227059e+00,9.1737631891e-01,1.0374818390e-01
3.5420000000e+00,1.8761401341e+00,9.1748001847e-01,1.0365093025e-01
3.5430000000e+00,1.8770576659e+00,9.1758362079e-01,1.0355372025e-01
3.5440000000e+00,1.8779753013e+00,9.1768712592e-01,1.0345655396e-01
3.5450000000e+00,1.8788930401e+00,9.1779053391e-01,1.0335943141e-01
3.5460000000e+00,1.8798108823e+00,9.1789384480e-01,1.0326235265e-01
3.5470000000e+00,1.8807288278e+00,9.1799705863e-01,1.0316531773e-01
3.5480000000e+00,1.8816468764e+00,9.1810017545e-01,1.0306832668e-01
3.5490000000e+00,1.8825650281e+00,9.1820319530e-01,1.0297137955e-01
3.5500000000e+00,1.8834832828e+00,9.1830611822e-01,1.0287447638e-01
3.5510000000e+00,1.8844016403e+00,9.1840894427e-01,1.0277761721e-01
3.5520000000e+00,1.8853201006e+00,9.1851167347e-01,1.0268080208e-01
3.5530000000e+00,1.8862386636e+00,9.1861430589e-01,1.0258403104e-01
3.5540000000e+00,1.8871573292e+00,9.1871684155e-01,1.0248730413e-01
3.5550000000e+00,1.8880760973e+00,9.1881928051e-01,1.0239062139e-01
3.5560000000e+00,1.8889949677e+00,9.1892162281e-01,1.0229398286e-01
3.5570000000e+00,1.8899139405e+00,9.1902386849e-01,1.0219738858e-01
3.5580000000e+00,1.8908330154e+00,9.1912601760e-01,1.0210083860e-01
3.5590000000e+00,1.8917521925e+00,9.1922807018e-01,1.0200433296e-01
3.5600000000e+00,1.8926714715e+00,9.1933002628e-01,1.0190787170e-01
3.5610000000e+00,1.8935908525e+00,9.1943188594e-01,1.0181145485e-01
3.5620000000e+00,1.8945103353e+00,9.1953364920e-01,1.0171508247e-01
3.5630000000e+00,1.8954299198e+00,9.1963531612e-01,1.0161875459e-01
3.5640000000e+00,1.8963496059e+00,9.1973688673e-01,1.0152247126e-01
3.5650000000e+00,1.8972693935e+00,9.1983836108e-01,1.0142623251e-01
3.5660000000e+00,1.8981892826e+00,9.1993973921e-01,1.0133003838e-01
3.5670000000e+00,1.8991092730e+00,9.2004102117e-01,1.0123388893e-01
3.5680000000e+00,1.9000293646e+00,9.2014220700e-01,1.0113778418e-01
3.5690000000e+00,1.9009495573e+00,9.2024329675e-01,1.0104172418e-01
3.5700000000e+00,1.9018698511e+00,9.2034429046e-01,1.0094570897e-01
3.5710000000e+00,1.9027902459e+00,9.2044518818e-01,1.0084973859e-01
3.5720000000e+00,1.9037107415e+00,9.2054598996e-01,1.0075381309e-01
3.5730000000e+00,1.9046313378e+00,9.2064669583e-01,1.0065793249e-01
3.5740000000e+00,1.9055520348e+00,9.2074730584e-01,1.0056209685e-01
3.5750000000e+00,1.9064728324e+00,9.2084782003e-01,1.0046630620e-01
3.5760000000e+00,1.9073937305e+00,9.2094823846e-01,1.0037056058e-01
3.5770000000e+00,1.9083147289e+00,9.2104856117e-01,1.0027486003e-01
3.5780000000e+00,1.9092358275e+00,9.2114878820e-01,1.0017920460e-01
3.5790000000e+00,1.9101570264e+00,9.2124891959e-01,1.0008359432e-01
3.5800000000e+00,1.9110783253e+00,9.2134895540e-01,9.9988029231e-02
3.5810000000e+00,1.9119997243e+00,9.2144889567e-01,9.9892509376e-02
3.5820000000e+00,1.9129212231e+00,9.2154874044e-01,9.9797034793e-02
3.5830000000e+00,1.9138428217e+00,9.2164848975e-01,9.9701605523e-02
3.5840000000e+00,1.9147645201e+00,9.2174814366e-01,9.9606221605e-02
3.5850000000e+00,1.9156863180e+00,9.2184770221e-01,9.9510883077e-02
3.5860000000e+00,1.9166082154e+00,9.2194716544e-01,9.9415589980e-02
3.5870000000e+00,1.9175302123e+00,9.2204653341e-01,9.9320342354e-02
3.5880000000e+00,1.9184523085e+00,9.2214580614e-01,9.9225140236e-02
3.5890000000e+00,1.9193745039e+00,9.2224498370e-01,9.9129983667e-02
3.5900000000e+00,1.9202967984e+00,9.2234406613e-01,9.9034872686e-02
3.5910000000e+00,1.9212191920e+00,9.2244305346e-01,9.8939807332e-02
3.5920000000e+00,1.9221416845e+00,9.2254194576e-01,9.8844787642e-02
3.5930000000e+00,1.9230642758e+00,9.2264074305e-01,9.8749813658e-02
3.5940000000e+00,1.9239869659e+00,9.2273944540e-01,9.8654885416e-02
3.5950000000e+00,1.9249097547e+00,9.2283805284e-01,9.8560002957e-02
3.5960000000e+00,1.9258326420e+00,9.2293656542e-01,9.8465166318e-02
3.5970000000e+00,1.9267556278e+00,9.2303498319e-01,9.8370375538e-02
3.5980000000e+00,1.9276787119e+00,9.2313330619e-01,9.8275630656e-02
3.5990000000e+00,1.9286018944e+00,9.2323153446e-01,9.8180931710e-02
3.6000000000e+00,1.9295251750e+00,9.2332966807e-01,9.8086278738e-02
3.6010000000e+00,1.9304485537e+00,9.2342770704e-01,9.7991671779e-02
3.6020000000e+00,1.9313720304e+00,9.2352565142e-01,9.7897110870e-02
3.6030000000e+00,1.9322956049e+00,9.2362350127e-01,9.7802596050e-02
3.6040000000e+00,1.9332192773e+00,9.2372125663e-01,9.7708127356e-02
3.6050000000e+00,1.9341430474e+00,9.2381891754e-01,9.7613704827e-02
3.6060000000e+00,1.9350669151e+00,9.2391648406e-01,9.7519328500e-02
3.6070000000e+00,1.9359908804e+00,9.2401395622e-01,9.7424998413e-02
3.6080000000e+00,1.9369149430e+00,9.2411133407e-01,9.7330714604e-02
3.6090000000e+00,1.9378391030e+00,9.2420861766e-01,9.7236477110e-02
3.6100000000e+00,1.9387633602e+00,9.2430580704e-01,9.7142285969e-02
3.6110000000e+00,1.9396877146e+00,9.2440290225e-01,9.7048141218e-02
3.6120000000e+00,1.9406121660e+00,9.2449990334e-01,9.6954042894e-02
3.6130000000e+00,1.9415367144e+00,9.2459681035e-01,9.6859991035e-02
3.6140000000e+00,1.9424613596e+00,9.2469362333e-01,9.6765985678e-02
3.6150000000e+00,1.9433861016e+00,9.2479034234e-01,9.6672026859e-02
3.6160000000e+00,1.9443109402e+00,9.2488696740e-01,9.6578114617e-02
3.6170000000e+00,1.9452358755e+00,9.2498349858e-01,9.6484248987e-02
3.6180000000e+00,1.9461609072e+00,9.2507993592e-01,9.6390430006e-02
3.6190000000e+00,1.9470860353e+00,9.2517627946e-01,9.6296657712e-02
3.6200000000e+00,1.9480112597e+00,9.2527252925e-01,9.6202932141e-02
3.6210000000e+00,1.9489365803e+00,9.2536868534e-01,9.6109253330e-02
3.6220000000e+00,1.9498619971e+00,9.2546474777e-01,9.6015621314e-02
3.6230000000e+00,1.9507875098e+00,9.2556071659e-01,9.5922036131e-02
3.6240000000e+00,1.9517131185e+00,9.2565659186e-01,9.5828497816e-02
3.6250000000e+00,1.9526388230e+00,9.2575237361e-01,9.5735006406e-02
3.6260000000e+00,1.9535646232e+00,9.2584806189e-01,9.5641561938e-02
3.6270000000e+00,1.9544905191e+00,9.2594365675e-01,9.5548164446e-02
3.6280000000e+00,1.9554165105e+00,9.2603915823e-01,9.5454813968e-02
3.6290000000e+00,1.9563425973e+00,9.2613456639e-01,9.5361510539e-02
3.6300000000e+00,1.9572687796e+00,9.2622988127e-01,9.5268254195e-02
3.6310000000e+00,1.9581950571e+00,9.2632510291e-01,9.5175044971e-02
3.6320000000e+00,1.9591214297e+00,9.2642023137e-01,9.5081882904e-02
3.6330000000e+00,1.9600478975e+00,9.2651526669e-01,9.4988768029e-02
3.6340000000e+00,1.9609744602e+00,9.2661020893e-01,9.4895700381e-02
3.6350000000e+00,1.9619011179e+00,9.2670505811e-01,9.4802679996e-02
3.6360000000e+00,1.9628278703e+00,9.2679981430e-01,9.4709706909e-02
3.6370000000e+00,1.9637547175e+00,9.2689447754e-01,9.4616781155e-02
3.6380000000e+00,1.9646816593e+00,9.2698904788e-01,9.4523902770e-02
3.6390000000e+00,1.9656086955e+00,9.2708352536e-01,9.4431071789e-02
3.6400000000e+00,1.9665358263e+00,9.2717791004e-01,9.4338288246e-02
3.6410000000e+00,1.9674630513e+00,9.2727220195e-01,9.4245552177e-02
3.6420000000e+00,1.9683903706e+00,9.2736640116e-01,9.4152863616e-02
3.6430000000e+00,1.9693177841e+00,9.2746050770e-01,9.4060222598e-02
3.6440000000e+00,1.9702452916e+00,9.2755452162e-01,9.3967629158e-02
3.6450000000e+00,1.9711728931e+00,9.2764844297e-01,9.3875083331e-02
3.6460000000e+00,1.9721005885e+00,9.2774227180e-01,9.3782585150e-02
3.6470000000e+00,1.9730283776e+00,9.2783600816e-01,9.3690134651e-02
3.6480000000e+00,1.9739562605e+00,9.2792965209e-01,9.3597731867e-02
3.6490000000e+00,1.9748842369e+00,9.2802320364e-01,9.3505376834e-02
3.6500000000e+00,1.9758123068e+00,9.2811666286e-01,9.3413069584e-02
3.6510000000e+00,1.9767404702e+00,9.2821002979e-01,9.3320810152e-02
3.6520000000e+00,1.9776687269e+00,9.2830330449e-01,9.3228598573e-02
3.6530000000e+00,1.9785970768e+00,9.2839648701e-01,9.3136434880e-02
3.6540000000e+00,1.9795255198e+00,9.2848957738e-01,9.3044319107e-02
3.6550000000e+00,1.9804540559e+00,9.2858257566e-01,9.2952251287e-02
3.6560000000e+00,1.9813826849e+00,9.2867548190e-01,9.2860231455e-02
3.6570000000e+00,1.9823114068e+00,9.2876829614e-01,9.2768259643e-02
3.6580000000e+00,1.9832402215e+00,9.2886101843e-01,9.2676335887e-02
3.6590000000e+00,1.9841691288e+00,9.2895364883e-01,9.2584460218e-02
3.6600000000e+00,1.9850981288e+00,9.2904618737e-01,9.2492632670e-02
3.6610000000e+00,1.9860272212e+00,9.2913863411e-01,9.2400853277e-02
3.6620000000e+00,1.9869564060e+00,9.2923098909e-01,9.2309122071e-02
3.6630000000e+00,1.9878856831e+00,9.2932325237e-01,9.2217439086e-02
3.6640000000e+00,1.9888150525e+00,9.2941542399e-01,9.2125804355e-02
3.6650000000e+00,1.9897445140e+00,9.2950750399e-01,9.2034217911e-02
3.6660000000e+00,1.9906740675e+00,9.2959949244e-01,9.1942679786e-02
3.6670000000e+00,1.9916037129e+00,9.2969138937e-01,9.1851190013e-02
3.6680000000e+00,1.9925334502e+00,9.2978319483e-01,9.1759748626e-02
3.6690000000e+00,1.9934632793e+00,9.2987490888e-01,9.1668355656e-02
3.6700000000e+00,1.9943932000e+00,9.2996653156e-01,9.1577011136e-02
3.6710000000e+00,1.9953232123e+00,9.3005806292e-01,9.1485715098e-02
3.6720000000e+00,1.9962533161e+00,9.3014950301e-01,9.1394467575e-02
3.6730000000e+00,1.9971835113e+00,9.3024085187e-01,9.1303268600e-02
3.6740000000e+00,1.9981137978e+00,9.3033210956e-01,9.1212118204e-02
3.6750000000e+00,1.9990441755e+00,9.3042327612e-01,9.1121016419e-02
3.6760000000e+00,1.9999746443e+00,9.3051435161e-01,9.1029963277e-02
3.6770000000e+00,2.0009052041e+00,9.3060533607e-01,9.0938958811e-02
3.6780000000e+00,2.0018358549e+00,9.3069622954e-01,9.0848003052e-02
3.6790000000e+00,2.0027665966e+00,9.3078703209e-01,9.0757096032e-02
3.6800000000e+00,2.0036974290e+00,9.3087774375e-01,9.0666237782e-02
3.6810000000e+00,2.0046283520e+00,9.3096836458e-01,9.0575428335e-02
3.6820000000e+00,2.0055593657e+00,9.3105889463e-01,9.0484667721e-02
3.6830000000e+00,2.0064904698e+00,9.3114933393e-01,9.0393955972e-02
3.6840000000e+00,2.0074216643e+00,9.3123968255e-01,9.0303293120e-02
3.6850000000e+00,2.0083529491e+00,9.3132994054e-01,9.0212679196e-02
3.6860000000e+00,2.0092843241e+00,9.3142010793e-01,9.0122114230e-02
3.6870000000e+00,2.0102157893e+00,9.3151018478e-01,9.0031598255e-02
3.6880000000e+00,2.0111473445e+00,9.3160017114e-01,8.9941131300e-02
3.6890000000e+00,2.0120789896e+00,9.3169006706e-01,8.9850713398e-02
3.6900000000e+00,2.0130107246e+00,9.3177987258e-01,8.9760344578e-02
3.6910000000e+00,2.0139425493e+00,9.3186958777e-01,8.9670024872e-02
3.6920000000e+00,2.0148744637e+00,9.3195921265e-01,8.9579754310e-02
3.6930000000e+00,2.0158064677e+00,9.3204874729e-01,8.9489532922e-02
3.6940000000e+00,2.0167385612e+00,9.3213819173e-01,8.9399360740e-02
3.6950000000e+00,2.0176707441e+00,9.3222754603e-01,8.9309237794e-02
3.6960000000e+00,2.0186030163e+00,9.3231681023e-01,8.9219164114e-02
3.6970000000e+00,2.0195353777e+00,9.3240598437e-01,8.9129139731e-02
3.6980000000e+00,2.0204678282e+00,9.3249506852e-01,8.9039164673e-02
3.6990000000e+00,2.0214003678e+00,9.3258406272e-01,8.8949238973e-02
3.7000000000e+00,2.0223329963e+00,9.3267296702e-01,8.8859362659e-02
3.7010000000e+00,2.0232657137e+00,9.3276178146e-01,8.8769535762e-02
3.7020000000e+00,2.0241985198e+00,9.3285050610e-01,8.8679758311e-02
3.7030000000e+00,2.0251314147e+00,9.3293914099e-01,8.8590030336e-02
3.7040000000e+00,2.0260643981e+00,9.3302768618e-01,8.8500351867e-02
3.7050000000e+00,2.0269974700e+00,9.3311614171e-01,8.8410722934e-02
3.7060000000e+00,2.0279306303e+00,9.3320450764e-01,8.8321143565e-02
3.7070000000e+00,2.0288638790e+00,9.3329278402e-01,8.8231613791e-02
3.7080000000e+00,2.0297972159e+00,9.3338097089e-01,8.8142133641e-02
3.7090000000e+00,2.0307306409e+00,9.3346906830e-01,8.8052703144e-02
3.7100000000e+00,2.0316641540e+00,9.3355707631e-01,8.7963322328e-02
3.7110000000e+00,2.0325977550e+00,9.3364499496e-01,8.7873991224e-02
3.7120000000e+00,2.0335314439e+00,9.3373282431e-01,8.7784709861e-02
3.7130000000e+00,2.0344652206e+00,9.3382056440e-01,8.7695478266e-02
3.7140000000e+00,2.0353990850e+00,9.3390821528e-01,8.7606296470e-02
3.7150000000e+00,2.0363330370e+00,9.3399577701e-01,8.7517164500e-02
3.7160000000e+00,2.0372670766e+00,9.3408324963e-01,8.7428082386e-02
3.7170000000e+00,2.0382012035e+00,9.3417063319e-01,8.7339050156e-02
3.7180000000e+00,2.0391354178e+00,9.3425792774e-01,8.7250067838e-02
3.7190000000e+00,2.0400697193e+00,9.3434513334e-01,8.7161135462e-02
3.7200000000e+00,2.0410041080e+00,9.3443225003e-01,8.7072253055e-02
3.7210000000e+00,2.0419385838e+00,9.3451927786e-01,8.6983420645e-02
3.7220000000e+00,2.0428731466e+00,9.3460621689e-01,8.6894638261e-02
3.7230000000e+00,2.0438077962e+00,9.3469306716e-01,8.6805905931e-02
3.7240000000e+00,2.0447425327e+00,9.3477982872e-01,8.6717223683e-02
3.7250000000e+00,2.0456773558e+00,9.3486650162e-01,8.6628591545e-02
3.7260000000e+00,2.0466122656e+00,9.3495308592e-01,8.6540009544e-02
3.7270000000e+00,2.0475472620e+00,9.3503958166e-01,8.6451477709e-02
3.7280000000e+00,2.0484823448e+00,9.3512598889e-01,8.6362996067e-02
3.7290000000e+00,2.0494175139e+00,9.3521230767e-01,8.6274564646e-02
3.7300000000e+00,2.0503527694e+00,9.3529853804e-01,8.6186183472e-02
3.7310000000e+00,2.0512881110e+00,9.3538468005e-01,8.6097852575e-02
3.7320000000e+00,2.0522235387e+00,9.3547073376e-01,8.6009571980e-02
3.7330000000e+00,2.0531590524e+00,9.3555669921e-01,8.5921341716e-02
3.7340000000e+00,2.0540946521e+00,9.3564257646e-01,8.5833161809e-02
3.7350000000e+00,2.0550303375e+00,9.3572836555e-01,8.5745032286e-02
3.7360000000e+00,2.0559661088e+00,9.3581406654e-01,8.5656953175e-02
3.7370000000e+00,2.0569019656e+00,9.3589967947e-01,8.5568924502e-02
3.7380000000e+00,2.0578379081e+00,9.3598520441e-01,8.5480946295e-02
3.7390000000e+00,2.0587739360e+00,9.3607064138e-01,8.5393018580e-02
3.7400000000e+00,2.0597100493e+00,9.3615599046e-01,8.5305141383e-02
3.7410000000e+00,2.0606462480e+00,9.3624125168e-01,8.5217314731e-02
3.7420000000e+00,2.0615825318e+00,9.3632642511e-01,8.5129538652e-02
3.7430000000e+00,2.0625189008e+00,9.3641151078e-01,8.5041813170e-02
3.7440000000e+00,2.0634553548e+00,9.3649650875e-01,8.4954138314e-02
3.7450000000e+00,2.0643918938e+00,9.3658141907e-01,8.4866514108e-02
3.7460000000e+00,2.0653285176e+00,9.3666624179e-01,8.4778940579e-02
3.7470000000e+00,2.0662652262e+00,9.3675097697e-01,8.4691417753e-02
3.7480000000e+00,2.0672020195e+00,9.3683562465e-01,8.4603945656e-02
3.7490000000e+00,2.0681388975e+00,9.3692018488e-01,8.4516524314e-02
3.7500000000e+00,2.0690758599e+00,9.3700465771e-01,8.4429153753e-02
3.7510000000e+00,2.0700129067e+00,9.3708904320e-01,8.4341833999e-02
3.7520000000e+00,2.0709500379e+00,9.3717334140e-01,8.4254565077e-02
3.7530000000e+00,2.0718872534e+00,9.3725755235e-01,8.4167347012e-02
3.7540000000e+00,2.0728245530e+00,9.3734167611e-01,8.4080179832e-02
3.7550000000e+00,2.0737619367e+00,9.3742571273e-01,8.3993063560e-02
3.7560000000e+00,2.0746994044e+00,9.3750966225e-01,8.3905998222e-02
3.7570000000e+00,2.0756369560e+00,9.3759352474e-01,8.3818983844e-02
3.7580000000e+00,2.0765745914e+00,9.3767730024e-01,8.3732020450e-02
3.7590000000e+00,2.0775123106e+00,9.3776098880e-01,8.3645108066e-02
3.7600000000e+00,2.0784501134e+00,9.3784459047e-01,8.3558246716e-02
3.7610000000e+00,2.0793879997e+00,9.3792810531e-01,8.3471436427e-02
3.7620000000e+00,2.0803259696e+00,9.3801153336e-01,8.3384677221e-02
3.7630000000e+00,2.0812640228e+00,9.3809487468e-01,8.3297969125e-02
3.7640000000e+00,2.0822021593e+00,9.3817812932e-01,8.3211312163e-02
3.7650000000e+00,2.0831403790e+00,9.3826129732e-01,8.3124706360e-02
3.7660000000e+00,2.0840786819e+00,9.3834437875e-01,8.3038151739e-02
3.7670000000e+00,2.0850170677e+00,9.3842737364e-01,8.2951648326e-02
3.7680000000e+00,2.0859555366e+00,9.3851028206e-01,8.2865196145e-02
3.7690000000e+00,2.0868940883e+00,9.3859310405e-01,8.2778795219e-02
3.7700000000e+00,2.0878327228e+00,9.3867583967e-01,8.2692445574e-02
3.7710000000e+00,2.0887714399e+00,9.3875848896e-01,8.2606147234e-02
3.7720000000e+00,2.0897102397e+00,9.3884105198e-01,8.2519900221e-02
3.7730000000e+00,2.0906491220e+00,9.3892352878e-01,8.2433704561e-02
3.7740000000e+00,2.0915880867e+00,9.3900591940e-01,8.2347560277e-02
3.7750000000e+00,2.0925271338e+00,9.3908822391e-01,8.2261467393e-02
3.7760000000e+00,2.0934662632e+00,9.3917044236e-01,8.2175425932e-02
3.7770000000e+00,2.0944054747e+00,9.3925257478e-01,8.2089435919e-02
3.7780000000e+00,2.0953447683e+00,9.3933462125e-01,8.2003497376e-02
3.7790000000e+00,2.0962841439e+00,9.3941658180e-01,8.1917610328e-02
3.7800000000e+00,2.0972236014e+00,9.3949845648e-01,8.1831774796e-02
3.7810000000e+00,2.0981631408e+00,9.3958024536e-01,8.1745990806e-02
3.7820000000e+00,2.0991027619e+00,9.3966194848e-01,8.1660258379e-02
3.7830000000e+00,2.1000424646e+00,9.3974356590e-01,8.1574577540e-02
3.7840000000e+00,2.1009822490e+00,9.3982509765e-01,8.1488948310e-02
3.7850000000e+00,2.1019221148e+00,9.3990654381e-01,8.1403370713e-02
3.7860000000e+00,2.1028620620e+00,9.3998790441e-01,8.1317844773e-02
3.7870000000e+00,2.1038020906e+00,9.4006917952e-01,8.1232370510e-02
3.7880000000e+00,2.1047422004e+00,9.4015036917e-01,8.1146947949e-02
3.7890000000e+00,2.1056823913e+00,9.4023147343e-01,8.1061577112e-02
3.7900000000e+00,2.1066226633e+00,9.4031249234e-01,8.0976258021e-02
3.7910000000e+00,2.1075630162e+00,9.4039342596e-01,8.0890990699e-02
3.7920000000e+00,2.1085034501e+00,9.4047427434e-01,8.0805775168e-02
3.7930000000e+00,2.1094439648e+00,9.4055503753e-01,8.0720611451e-02
3.7940000000e+00,2.1103845602e+00,9.4063571558e-01,8.0635499569e-02
3.7950000000e+00,2.1113252362e+00,9.4071630855e-01,8.0550439545e-02
3.7960000000e+00,2.1122659927e+00,9.4079681648e-01,8.0465431400e-02
3.7970000000e+00,2.1132068298e+00,9.4087723943e-01,8.0380475158e-02
3.7980000000e+00,2.1141477472e+00,9.4095757745e-01,8.0295570839e-02
3.7990000000e+00,2.1150887449e+00,9.4103783059e-01,8.0210718465e-02
3.8000000000e+00,2.1160298228e+00,9.4111799890e-01,8.0125918058e-02
3.8010000000e+00,2.1169709809e+00,9.4119808244e-01,8.0041169640e-02
3.8020000000e+00,2.1179122190e+00,9.4127808126e-01,7.9956473232e-02
3.8030000000e+00,2.1188535370e+00,9.4135799540e-01,7.9871828855e-02
3.8040000000e+00,2.1197949349e+00,9.4143782493e-01,7.9787236532e-02
3.8050000000e+00,2.1207364126e+00,9.4151756989e-01,7.9702696283e-02
3.8060000000e+00,2.1216779700e+00,9.4159723034e-01,7.9618208129e-02
3.8070000000e+00,2.1226196071e+00,9.4167680633e-01,7.9533772091e-02
3.8080000000e+00,2.1235613236e+00,9.4175629790e-01,7.9449388192e-02
3.8090000000e+00,2.1245031196e+00,9.4183570512e-01,7.9365056450e-02
3.8100000000e+00,2.1254449950e+00,9.4191502803e-01,7.9280776889e-02
3.8110000000e+00,2.1263869497e+00,9.4199426669e-01,7.9196549527e-02
3.8120000000e+00,2.1273289835e+00,9.4207342115e-01,7.9112374386e-02
3.8130000000e+00,2.1282710965e+00,9.4215249146e-01,7.9028251487e-02
3.8140000000e+00,2.1292132885e+00,9.4223147767e-01,7.8944180849e-02
3.8150000000e+00,2.1301555594e+00,9.4231037984e-01,7.8860162495e-02
3.8160000000e+00,2.1310979092e+00,9.4238919801e-01,7.8776196443e-02
3.8170000000e+00,2.1320403378e+00,9.4246793225e-01,7.8692282714e-02
3.8180000000e+00,2.1329828450e+00,9.4254658260e-01,7.8608421328e-02
3.8190000000e+00,2.1339254309e+00,9.4262514911e-01,7.8524612306e-02
3.8200000000e+00,2.1348680953e+00,9.4270363184e-01,7.8440855668e-02
3.8210000000e+00,2.1358108381e+00,9.4278203084e-01,7.8357151433e-02
3.8220000000e+00,2.1367536593e+00,9.4286034616e-01,7.8273499621e-02
3.8230000000e+00,2.1376965588e+00,9.4293857785e-01,7.8189900253e-02
3.8240000000e+00,2.1386395365e+00,9.4301672598e-01,7.8106353347e-02
3.8250000000e+00,2.1395825922e+00,9.4309479058e-01,7.8022858924e-02
3.8260000000e+00,2.1405257260e+00,9.4317277171e-01,7.7939417003e-02
3.8270000000e+00,2.1414689377e+00,9.4325066943e-01,7.7856027603e-02
3.8280000000e+00,2.1424122273e+00,9.4332848378e-01,7.7772690745e-02
3.8290000000e+00,2.1433555947e+00,9.4340621483e-01,7.7689406446e-02
3.8300000000e+00,2.1442990397e+00,9.4348386261e-01,7.7606174727e-02
3.8310000000e+00,2.1452425624e+00,9.4356142720e-01,7.7522995606e-02
3.8320000000e+00,2.1461861626e+00,9.4363890862e-01,7.7439869104e-02
3.8330000000e+00,2.1471298402e+00,9.4371630695e-01,7.7356795237e-02
3.8340000000e+00,2.1480735951e+00,9.4379362223e-01,7.7273774026e-02
3.8350000000e+00,2.1490174274e+00,9.4387085452e-01,7.7190805490e-02
3.8360000000e+00,2.1499613368e+00,9.4394800386e-01,7.7107889646e-02
3.8370000000e+00,2.1509053234e+00,9.4402507031e-01,7.7025026515e-02
3.8380000000e+00,2.1518493869e+00,9.4410205393e-01,7.6942216113e-02
3.8390000000e+00,2.1527935274e+00,9.4417895476e-01,7.6859458460e-02
3.8400000000e+00,2.1537377448e+00,9.4425577286e-01,7.6776753575e-02
3.8410000000e+00,2.1546820390e+00,9.4433250829e-01,7.6694101474e-02
3.8420000000e+00,2.1556264098e+00,9.4440916109e-01,7.6611502178e-02
3.8430000000e+00,2.1565708573e+00,9.4448573131e-01,7.6528955703e-02
3.8440000000e+00,2.1575153812e+00,9.4456221901e-01,7.6446462068e-02
3.8450000000e+00,2.1584599817e+00,9.4463862425e-01,7.6364021291e-02
3.8460000000e+00,2.1594046585e+00,9.4471494707e-01,7.6281633390e-02
3.8470000000e+00,2.1603494115e+00,9.4479118754e-01,7.6199298383e-02
3.8480000000e+00,2.1612942408e+00,9.4486734569e-01,7.6117016286e-02
3.8490000000e+00,2.1622391462e+00,9.4494342159e-01,7.6034787119e-02
3.8500000000e+00,2.1631841276e+00,9.4501941528e-01,7.5952610899e-02
3.8510000000e+00,2.1641291850e+00,9.4509532683e-01,7.5870487643e-02
3.8520000000e+00,2.1650743183e+00,9.4517115627e-01,7.5788417368e-02
3.8530000000e+00,2.1660195273e+00,9.4524690368e-01,7.5706400093e-02
3.8540000000e+00,2.1669648120e+00,9.4532256909e-01,7.5624435833e-02
3.8550000000e+00,2.1679101724e+00,9.4539815257e-01,7.5542524607e-02
3.8560000000e+00,2.1688556083e+00,9.4547365416e-01,7.5460666431e-02
3.8570000000e+00,2.1698011197e+00,9.4554907392e-01,7.5378861323e-02
3.8580000000e+00,2.1707467064e+00,9.4562441190e-01,7.5297109299e-02
3.8590000000e+00,2.1716923685e+00,9.4569966815e-01,7.5215410377e-02
3.8600000000e+00,2.1726381057e+00,9.4577484274e-01,7.5133764572e-02
3.8610000000e+00,2.1735839181e+00,9.4584993570e-01,7.5052171902e-02
3.8620000000e+00,2.1745298056e+00,9.4592494710e-01,7.4970632384e-02
3.8630000000e+00,2.1754757680e+00,9.4599987698e-01,7.4889146033e-02
3.8640000000e+00,2.1764218053e+00,9.4607472541e-01,7.4807712867e-02
3.8650000000e+00,2.1773679174e+00,9.4614949243e-01,7.4726332901e-02
3.8660000000e+00,2.1783141043e+00,9.4622417809e-01,7.4645006152e-02
3.8670000000e+00,2.1792603658e+00,9.4629878246e-01,7.4563732637e-02
3.8680000000e+00,2.1802067018e+00,9.4637330558e-01,7.4482512370e-02
3.8690000000e+00,2.1811531123e+00,9.4644774750e-01,7.4401345369e-02
3.8700000000e+00,2.1820995973e+00,9.4652210828e-01,7.4320231650e-02
3.8710000000e+00,2.1830461565e+00,9.4659638798e-01,7.4239171227e-02
3.8720000000e+00,2.1839927900e+00,9.4667058664e-01,7.4158164118e-02
3.8730000000e+00,2.1849394977e+00,9.4674470433e-01,7.4077210337e-02
3.8740000000e+00,2.1858862794e+00,9.4681874108e-01,7.3996309900e-02
3.8750000000e+00,2.1868331351e+00,9.4689269696e-01,7.3915462823e-02
3.8760000000e+00,2.1877800648e+00,9.4696657203e-01,7.3834669122e-02
3.8770000000e+00,2.1887270682e+00,9.4704036632e-01,7.3753928811e-02
3.8780000000e+00,2.1896741455e+00,9.4711407990e-01,7.3673241907e-02
3.8790000000e+00,2.1906212964e+00,9.4718771282e-01,7.3592608423e-02
3.8800000000e+00,2.1915685209e+00,9.4726126514e-01,7.3512028376e-02
3.8810000000e+00,2.1925158189e+00,9.4733473690e-01,7.3431501781e-02
3.8820000000e+00,2.1934631903e+00,9.4740812816e-01,7.3351028652e-02
3.8830000000e+00,2.1944106351e+00,9.4748143897e-01,7.3270609005e-02
3.8840000000e+00,2.1953581532e+00,9.4755466939e-01,7.3190242853e-02
3.8850000000e+00,2.1963057444e+00,9.4762781948e-01,7.3109930213e-02
3.8860000000e+00,2.1972534088e+00,9.4770088927e-01,7.3029671099e-02
3.8870000000e+00,2.1982011462e+00,9.4777387884e-01,7.2949465524e-02
3.8880000000e+00,2.1991489565e+00,9.4784678822e-01,7.2869313505e-02
3.8890000000e+00,2.2000968397e+00,9.4791961748e-01,7.2789215054e-02
3.8900000000e+00,2.2010447957e+00,9.4799236667e-01,7.2709170187e-02
3.8910000000e+00,2.2019928244e+00,9.4806503584e-01,7.2629178918e-02
3.8920000000e+00,2.2029409258e+00,9.4813762504e-01,7.2549241261e-02
3.8930000000e+00,2.2038890997e+00,9.4821013434e-01,7.2469357230e-02
3.8940000000e+00,2.2048373460e+00,9.4828256378e-01,7.2389526839e-02
3.8950000000e+00,2.2057856648e+00,9.4835491341e-01,7.2309750103e-02
3.8960000000e+00,2.2067340558e+00,9.4842718329e-01,7.2230027034e-02
3.8970000000e+00,2.2076825191e+00,9.4849937348e-01,7.2150357647e-02
3.8980000000e+00,2.2086310545e+00,9.4857148403e-01,7.2070741955e-02
3.8990000000e+00,2.2095796620e+00,9.4864351498e-01,7.1991179973e-02
3.9000000000e+00,2.2105283415e+00,9.4871546641e-01,7.1911671713e-02
3.9010000000e+00,2.2114770929e+00,9.4878733835e-01,7.1832217189e-02
3.9020000000e+00,2.2124259162e+00,9.4885913086e-01,7.1752816414e-02
3.9030000000e+00,2.2133748112e+00,9.4893084400e-01,7.1673469402e-02
3.9040000000e+00,2.2143237778e+00,9.4900247781e-01,7.1594176167e-02
3.9050000000e+00,2.2152728161e+00,9.4907403237e-01,7.1514936720e-02
3.9060000000e+00,2.2162219259e+00,9.4914550771e-01,7.1435751076e-02
3.9070000000e+00,2.2171711071e+00,9.4921690389e-01,7.1356619247e-02
3.9080000000e+00,2.2181203597e+00,9.4928822096e-01,7.1277541246e-02
3.9090000000e+00,2.2190696835e+00,9.4935945899e-01,7.1198517085e-02
3.9100000000e+00,2.2200190786e+00,9.4943061801e-01,7.1119546779e-02
3.9110000000e+00,2.2209685447e+00,9.4950169810e-01,7.1040630339e-02
3.9120000000e+00,2.2219180819e+00,9.4957269929e-01,7.0961767778e-02
3.9130000000e+00,2.2228676901e+00,9.4964362165e-01,7.0882959108e-02
3.9140000000e+00,2.2238173691e+00,9.4971446523e-01,7.0804204342e-02
3.9150000000e+00,2.2247671190e+00,9.4978523008e-01,7.0725503493e-02
3.9160000000e+00,2.2257169396e+00,9.4985591625e-01,7.0646856572e-02
3.9170000000e+00,2.2266668308e+00,9.4992652381e-01,7.0568263592e-02
3.9180000000e+00,2.2276167926e+00,9.4999705280e-01,7.0489724564e-02
3.9190000000e+00,2.2285668249e+00,9.5006750328e-01,7.0411239501e-02
3.9200000000e+00,2.2295169276e+00,9.5013787530e-01,7.0332808416e-02
3.9210000000e+00,2.2304671006e+00,9.5020816891e-01,7.0254431318e-02
3.9220000000e+00,2.2314173439e+00,9.5027838418e-01,7.0176108222e-02
3.9230000000e+00,2.2323676574e+00,9.5034852115e-01,7.0097839137e-02
3.9240000000e+00,2.2333180409e+00,9.5041857987e-01,7.0019624077e-02
3.9250000000e+00,2.2342684945e+00,9.5048856041e-01,6.9941463051e-02
3.9260000000e+00,2.2352190180e+00,9.5055846282e-01,6.9863356073e-02
3.9270000000e+00,2.2361696114e+00,9.5062828714e-01,6.9785303153e-02
3.9280000000e+00,2.2371202746e+00,9.5069803344e-01,6.9707304303e-02
3.9290000000e+00,2.2380710074e+00,9.5076770177e-01,6.9629359533e-02
3.9300000000e+00,2.2390218099e+00,9.5083729218e-01,6.9551468856e-02
3.9310000000e+00,2.2399726820e+00,9.5090680472e-01,6.9473632281e-02
3.9320000000e+00,2.2409236235e+00,9.5097623946e-01,6.9395849821e-02
3.9330000000e+00,2.2418746344e+00,9.5104559644e-01,6.9318121485e-02
3.9340000000e+00,2.2428257147e+00,9.5111487572e-01,6.9240447286e-02
3.9350000000e+00,2.2437768642e+00,9.5118407736e-01,6.9162827233e-02
3.9360000000e+00,2.2447280828e+00,9.5125320140e-01,6.9085261338e-02
3.9370000000e+00,2.2456793705e+00,9.5132224790e-01,6.9007749611e-02
3.9380000000e+00,2.2466307273e+00,9.5139121691e-01,6.8930292062e-02
3.9390000000e+00,2.2475821529e+00,9.5146010850e-01,6.8852888702e-02
3.9400000000e+00,2.2485336475e+00,9.5152892271e-01,6.8775539541e-02
3.9410000000e+00,2.2494852108e+00,9.5159765960e-01,6.8698244591e-02
3.9420000000e+00,2.2504368428e+00,9.5166631922e-01,6.8621003860e-02
3.9430000000e+00,2.2513885434e+00,9.5173490162e-01,6.8543817359e-02
3.9440000000e+00,2.2523403125e+00,9.5180340687e-01,6.8466685098e-02
3.9450000000e+00,2.2532921502e+00,9.5187183501e-01,6.8389607087e-02
3.9460000000e+00,2.2542440562e+00,9.5194018610e-01,6.8312583336e-02
3.9470000000e+00,2.2551960305e+00,9.5200846019e-01,6.8235613855e-02
3.9480000000e+00,2.2561480731e+00,9.5207665735e-01,6.8158698654e-02
3.9490000000e+00,2.2571001838e+00,9.5214477761e-01,6.8081837742e-02
3.9500000000e+00,2.2580523626e+00,9.5221282104e-01,6.8005031129e-02
3.9510000000e+00,2.2590046094e+00,9.5228078769e-01,6.7928278824e-02
3.9520000000e+00,2.2599569242e+00,9.5234867762e-01,6.7851580837e-02
3.9530000000e+00,2.2609093068e+00,9.5241649087e-01,6.7774937177e-02
3.9540000000e+00,2.2618617571e+00,9.5248422751e-01,6.7698347854e-02
3.9550000000e+00,2.2628142752e+00,9.5255188758e-01,6.7621812876e-02
3.9560000000e+00,2.2637668609e+00,9.5261947115e-01,6.7545332253e-02
3.9570000000e+00,2.2647195141e+00,9.5268697827e-01,6.7468905994e-02
3.9580000000e+00,2.2656722348e+00,9.5275440898e-01,6.7392534108e-02
3.9590000000e+00,2.2666250229e+00,9.5282176335e-01,6.7316216604e-02
3.9600000000e+00,2.2675778783e+00,9.5288904143e-01,6.7239953490e-02
3.9610000000e+00,2.2685308009e+00,9.5295624328e-01,6.7163744776e-02
3.9620000000e+00,2.2694837908e+00,9.5302336894e-01,6.7087590469e-02
3.9630000000e+00,2.2704368477e+00,9.5309041848e-01,6.7011490580e-02
3.9640000000e+00,2.2713899716e+00,9.5315739194e-01,6.6935445115e-02
3.9650000000e+00,2.2723431624e+00,9.5322428939e-01,6.6859454084e-02
3.9660000000e+00,2.2732964201e+00,9.5329111087e-01,6.6783517494e-02
3.9670000000e+00,2.2742497446e+00,9.5335785644e-01,6.6707635355e-02
3.9680000000e+00,2.2752031358e+00,9.5342452616e-01,6.6631807674e-02
3.9690000000e+00,2.2761565936e+00,9.5349112007e-01,6.6556034460e-02
3.9700000000e+00,2.2771101180e+00,9.5355763824e-01,6.6480315720e-02
3.9710000000e+00,2.2780637089e+00,9.5362408072e-01,6.6404651463e-02
3.9720000000e+00,2.2790173662e+00,9.5369044756e-01,6.6329041696e-02
3.9730000000e+00,2.2799710898e+00,9.5375673882e-01,6.6253486428e-02
3.9740000000e+00,2.2809248796e+00,9.5382295455e-01,6.6177985665e-02
3.9750000000e+00,2.2818787356e+00,9.5388909481e-01,6.6102539416e-02
3.9760000000e+00,2.2828326578e+00,9.5395515965e-01,6.6027147689e-02
3.9770000000e+00,2.2837866459e+00,9.5402114913e-01,6.5951810490e-02
3.9780000000e+00,2.2847407001e+00,9.5408706329e-01,6.5876527827e-02
3.9790000000e+00,2.2856948200e+00,9.5415290220e-01,6.5801299708e-02
3.9800000000e+00,2.2866490058e+00,9.5421866591e-01,6.5726126140e-02
3.9810000000e+00,2.2876032573e+00,9.5428435447e-01,6.5651007129e-02
3.9820000000e+00,2.2885575745e+00,9.5434996794e-01,6.5575942684e-02
3.9830000000e+00,2.2895119573e+00,9.5441550637e-01,6.5500932811e-02
3.9840000000e+00,2.2904664055e+00,9.5448096982e-01,6.5425977518e-02
3.9850000000e+00,2.2914209192e+00,9.5454635835e-01,6.5351076810e-02
3.9860000000e+00,2.2923754982e+00,9.5461167200e-01,6.5276230695e-02
3.9870000000e+00,2.2933301425e+00,9.5467691083e-01,6.5201439180e-02
3.9880000000e+00,2.2942848520e+00,9.5474207489e-01,6.5126702272e-02
3.9890000000e+00,2.2952396266e+00,9.5480716425e-01,6.5052019976e-02
3.9900000000e+00,2.2961944663e+00,9.5487217895e-01,6.4977392300e-02
3.9910000000e+00,2.2971493710e+00,9.5493711905e-01,6.4902819250e-02
3.9920000000e+00,2.2981043405e+00,9.5500198461e-01,6.4828300832e-02
3.9930000000e+00,2.2990593749e+00,9.5506677567e-01,6.4753837052e-02
3.9940000000e+00,2.3000144740e+00,9.5513149230e-01,6.4679427918e-02
3.9950000000e+00,2.3009696379e+00,9.5519613455e-01,6.4605073434e-02
3.9960000000e+00,2.3019248663e+00,9.5526070247e-01,6.4530773607e-02
3.9970000000e+00,2.3028801592e+00,9.5532519611e-01,6.4456528443e-02
3.9980000000e+00,2.3038355166e+00,9.5538961554e-01,6.4382337949e-02
3.9990000000e+00,2.3047909384e+00,9.5545396081e-01,6.4308202129e-02
4.0000000000e+00,2.3057464245e+00,9.5551823196e-01,6.4234120989e-02
4.0010000000e+00,2.3067019749e+00,9.5558242907e-01,6.4160094536e-02
4.0020000000e+00,2.3076575894e+00,9.5564655217e-01,6.4086122774e-02
4.0030000000e+00,2.3086132680e+00,9.5571060133e-01,6.4012205710e-02
4.0040000000e+00,2.3095690106e+00,9.5577457660e-01,6.3938343348e-02
4.0050000000e+00,2.3105248171e+00,9.5583847803e-01,6.3864535695e-02
4.0060000000e+00,2.3114806875e+00,9.5590230569e-01,6.3790782756e-02
4.0070000000e+00,2.3124366217e+00,9.5596605962e-01,6.3717084535e-02
4.0080000000e+00,2.3133926196e+00,9.5602973988e-01,6.3643441038e-02
4.0090000000e+00,2.3143486811e+00,9.5609334652e-01,6.3569852269e-02
4.0100000000e+00,2.3153048063e+00,9.5615687960e-01,6.3496318235e-02
4.0110000000e+00,2.3162609949e+00,9.5622033917e-01,6.3422838940e-02
4.0120000000e+00,2.3172172469e+00,9.5628372530e-01,6.3349414389e-02
4.0130000000e+00,2.3181735623e+00,9.5634703802e-01,6.3276044586e-02
4.0140000000e+00,2.3191299410e+00,9.5641027740e-01,6.3202729537e-02
4.0150000000e+00,2.3200863828e+00,9.5647344350e-01,6.3129469245e-02
4.0160000000e+00,2.3210428878e+00,9.5653653636e-01,6.3056263716e-02
4.0170000000e+00,2.3219994559e+00,9.5659955604e-01,6.2983112954e-02
4.0180000000e+00,2.3229560869e+00,9.5666250260e-01,6.2910016964e-02
4.0190000000e+00,2.3239127809e+00,9.5672537610e-01,6.2836975749e-02
4.0200000000e+00,2.3248695376e+00,9.5678817657e-01,6.2763989314e-02
4.0210000000e+00,2.3258263572e+00,9.5685090409e-01,6.2691057664e-02
4.0220000000e+00,2.3267832394e+00,9.5691355871e-01,6.2618180801e-02
4.0230000000e+00,2.3277401843e+00,9.5697614047e-01,6.2545358731e-02
4.0240000000e+00,2.3286971917e+00,9.5703864944e-01,6.2472591458e-02
4.0250000000e+00,2.3296542615e+00,9.5710108567e-01,6.2399878984e-02
4.0260000000e+00,2.3306113938e+00,9.5716344922e-01,6.2327221315e-02
4.0270000000e+00,2.3315685884e+00,9.5722574013e-01,6.2254618453e-02
4.0280000000e+00,2.3325258453e+00,9.5728795847e-01,6.2182070403e-02
4.0290000000e+00,2.3334831643e+00,9.5735010429e-01,6.2109577168e-02
4.0300000000e+00,2.3344405455e+00,9.5741217765e-01,6.2037138752e-02
4.0310000000e+00,2.3353979886e+00,9.5747417859e-01,6.1964755157e-02
4.0320000000e+00,2.3363554938e+00,9.5753610718e-01,6.1892426388e-02
4.0330000000e+00,2.3373130608e+00,9.5759796346e-01,6.1820152448e-02
4.0340000000e+00,2.3382706897e+00,9.5765974750e-01,6.1747933340e-02
4.0350000000e+00,2.3392283803e+00,9.5772145935e-01,6.1675769066e-02
4.0360000000e+00,2.3401861326e+00,9.5778309906e-01,6.1603659631e-02
4.0370000000e+00,2.3411439465e+00,9.5784466668e-01,6.1531605037e-02
4.0380000000e+00,2.3421018219e+00,9.5790616228e-01,6.1459605288e-02
4.0390000000e+00,2.3430597588e+00,9.5796758591e-01,6.1387660385e-02
4.0400000000e+00,2.3440177571e+00,9.5802893762e-01,6.1315770332e-02
4.0410000000e+00,2.3449758166e+00,9.5809021747e-01,6.1243935131e-02
4.0420000000e+00,2.3459339375e+00,9.5815142551e-01,6.1172154786e-02
4.0430000000e+00,2.3468921195e+00,9.5821256180e-01,6.1100429298e-02
4.0440000000e+00,2.3478503626e+00,9.5827362639e-01,6.1028758671e-02
4.0450000000e+00,2.3488086667e+00,9.5833461933e-01,6.0957142906e-02
4.0460000000e+00,2.3497670318e+00,9.5839554069e-01,6.0885582006e-02
4.0470000000e+00,2.3507254577e+00,9.5845639052e-01,6.0814075973e-02
4.0480000000e+00,2.3516839445e+00,9.5851716886e-01,6.0742624810e-02
4.0490000000e+00,2.3526424921e+00,9.5857787578e-01,6.0671228519e-02
4.0500000000e+00,2.3536011003e+00,9.5863851134e-01,6.0599887101e-02
4.0510000000e+00,2.3545597691e+00,9.5869907558e-01,6.0528600558e-02
4.0520000000e+00,2.3555184984e+00,9.5875956856e-01,6.0457368893e-02
4.0530000000e+00,2.3564772882e+00,9.5881999033e-01,6.0386192108e-02
4.0540000000e+00,2.3574361383e+00,9.5888034096e-01,6.0315070204e-02
4.0550000000e+00,2.3583950488e+00,9.5894062049e-01,6.0244003182e-02
4.0560000000e+00,2.3593540196e+00,9.5900082898e-01,6.0172991045e-02
4.0570000000e+00,2.3603130505e+00,9.5906096649e-01,6.0102033795e-02
4.0580000000e+00,2.3612721415e+00,9.5912103307e-01,6.0031131431e-02
4.0590000000e+00,2.3622312925e+00,9.5918102877e-01,5.9960283957e-02
4.0600000000e+00,2.3631905035e+00,9.5924095366e-01,5.9889491373e-02
4.0610000000e+00,2.3641497744e+00,9.5930080777e-01,5.9818753680e-02
4.0620000000e+00,2.3651091051e+00,9.5936059118e-01,5.9748070880e-02
4.0630000000e+00,2.3660684956e+00,9.5942030393e-01,5.9677442974e-02
4.0640000000e+00,2.3670279457e+00,9.5947994609e-01,5.9606869963e-02
4.0650000000e+00,2.3679874554e+00,9.5953951769e-01,5.9536351847e-02
4.0660000000e+00,2.3689470247e+00,9.5959901881e-01,5.9465888629e-02
4.0670000000e+00,2.3699066534e+00,9.5965844949e-01,5.9395480308e-02
4.0680000000e+00,2.3708663416e+00,9.5971780979e-01,5.9325126885e-02
4.0690000000e+00,2.3718260890e+00,9.5977709976e-01,5.9254828361e-02
4.0700000000e+00,2.3727858957e+00,9.5983631946e-01,5.9184584737e-02
4.0710000000e+00,2.3737457616e+00,9.5989546895e-01,5.9114396013e-02
4.0720000000e+00,2.3747056867e+00,9.5995454827e-01,5.9044262190e-02
4.0730000000e+00,2.3756656707e+00,9.6001355749e-01,5.8974183268e-02
4.0740000000e+00,2.3766257138e+00,9.6007249666e-01,5.8904159248e-02
4.0750000000e+00,2.3775858157e+00,9.6013136583e-01,5.8834190129e-02
4.0760000000e+00,2.3785459765e+00,9.6019016506e-01,5.8764275912e-02
4.0770000000e+00,2.3795061960e+00,9.6024889440e-01,5.8694416597e-02
4.0780000000e+00,2.3804664742e+00,9.6030755391e-01,5.8624612184e-02
4.0790000000e+00,2.3814268111e+00,9.6036614364e-01,5.8554862673e-02
4.0800000000e+00,2.3823872065e+00,9.6042466365e-01,5.8485168064e-02
4.0810000000e+00,2.3833476604e+00,9.6048311399e-01,5.8415528357e-02
4.0820000000e+00,2.3843081727e+00,9.6054149473e-01,5.8345943551e-02
4.0830000000e+00,2.3852687434e+00,9.6059980590e-01,5.8276413647e-02
4.0840000000e+00,2.3862293723e+00,9.6065804757e-01,5.8206938643e-02
4.0850000000e+00,2.3871900594e+00,9.6071621980e-01,5.8137518540e-02
4.0860000000e+00,2.3881508047e+00,9.6077432263e-01,5.8068153337e-02
4.0870000000e+00,2.3891116080e+00,9.6083235612e-01,5.7998843033e-02
4.0880000000e+00,2.3900724694e+00,9.6089032033e-01,5.7929587627e-02
4.0890000000e+00,2.3910333887e+00,9.6094821531e-01,5.7860387120e-02
4.0900000000e+00,2.3919943658e+00,9.6100604112e-01,5.7791241509e-02
4.0910000000e+00,2.3929554007e+00,9.6106379782e-01,5.7722150795e-02
4.0920000000e+00,2.3939164934e+00,9.6112148544e-01,5.7653114977e-02
4.0930000000e+00,2.3948776437e+00,9.6117910406e-01,5.7584134052e-02
4.0940000000e+00,2.3958388516e+00,9.6123665373e-01,5.7515208021e-02
4.0950000000e+00,2.3968001170e+00,9.6129413450e-01,5.7446336882e-02
4.0960000000e+00,2.3977614398e+00,9.6135154642e-01,5.7377520634e-02
4.0970000000e+00,2.3987228200e+00,9.6140888956e-01,5.7308759275e-02
4.0980000000e+00,2.3996842576e+00,9.6146616396e-01,5.7240052804e-02
4.0990000000e+00,2.4006457523e+00,9.6152336968e-01,5.7171401221e-02
4.1000000000e+00,2.4016073043e+00,9.6158050678e-01,5.7102804522e-02
4.1010000000e+00,2.4025689133e+00,9.6163757531e-01,5.7034262708e-02
4.1020000000e+00,2.4035305794e+00,9.6169457532e-01,5.6965775775e-02
4.1030000000e+00,2.4044923024e+00,9.6175150688e-01,5.6897343723e-02
4.1040000000e+00,2.4054540824e+00,9.6180837003e-01,5.6828966550e-02
4.1050000000e+00,2.4064159192e+00,9.6186516483e-01,5.6760644253e-02
4.1060000000e+00,2.4073778127e+00,9.6192189134e-01,5.6692376831e-02
4.1070000000e+00,2.4083397629e+00,9.6197854960e-01,5.6624164282e-02
4.1080000000e+00,2.4093017698e+00,9.6203513968e-01,5.6556006604e-02
4.1090000000e+00,2.4102638332e+00,9.6209166163e-01,5.6487903795e-02
4.1100000000e+00,2.4112259531e+00,9.6214811551e-01,5.6419855852e-02
4.1110000000e+00,2.4121881294e+00,9.6220450136e-01,5.6351862773e-02
4.1120000000e+00,2.4131503621e+00,9.6226081925e-01,5.6283924557e-02
4.1130000000e+00,2.4141126510e+00,9.6231706923e-01,5.6216041199e-02
4.1140000000e+00,2.4150749962e+00,9.6237325135e-01,5.6148212699e-02
4.1150000000e+00,2.4160373975e+00,9.6242936567e-01,5.6080439054e-02
4.1160000000e+00,2.4169998549e+00,9.6248541225e-01,5.6012720261e-02
4.1170000000e+00,2.4179623683e+00,9.6254139113e-01,5.5945056316e-02
4.1180000000e+00,2.4189249376e+00,9.6259730238e-01,5.5877447219e-02
4.1190000000e+00,2.4198875629e+00,9.6265314605e-01,5.5809892965e-02
4.1200000000e+00,2.4208502439e+00,9.6270892218e-01,5.5742393552e-02
4.1210000000e+00,2.4218129807e+00,9.6276463085e-01,5.5674948977e-02
4.1220000000e+00,2.4227757731e+00,9.6282027210e-01,5.5607559237e-02
4.1230000000e+00,2.4237386212e+00,9.6287584599e-01,5.5540224329e-02
4.1240000000e+00,2.4247015248e+00,9.6293135257e-01,5.5472944249e-02
4.1250000000e+00,2.4256644839e+00,9.6298679190e-01,5.5405718995e-02
4.1260000000e+00,2.4266274984e+00,9.6304216402e-01,5.5338548563e-02
4.1270000000e+00,2.4275905682e+00,9.6309746901e-01,5.5271432950e-02
4.1280000000e+00,2.4285536933e+00,9.6315270691e-01,5.5204372153e-02
4.1290000000e+00,2.4295168736e+00,9.6320787777e-01,5.5137366167e-02
4.1300000000e+00,2.4304801090e+00,9.6326298166e-01,5.5070414990e-02
4.1310000000e+00,2.4314433995e+00,9.6331801862e-01,5.5003518618e-02
4.1320000000e+00,2.4324067450e+00,9.6337298871e-01,5.4936677046e-02
4.1330000000e+00,2.4333701455e+00,9.6342789199e-01,5.4869890273e-02
4.1340000000e+00,2.4343336008e+00,9.6348272851e-01,5.4803158292e-02
4.1350000000e+00,2.4352971109e+00,9.6353749833e-01,5.4736481102e-02
4.1360000000e+00,2.4362606758e+00,9.6359220149e-01,5.4669858697e-02
4.1370000000e+00,2.4372242953e+00,9.6364683806e-01,5.4603291073e-02
4.1380000000e+00,2.4381879694e+00,9.6370140809e-01,5.4536778228e-02
4.1390000000e+00,2.4391516981e+00,9.6375591164e-01,5.4470320155e-02
4.1400000000e+00,2.4401154812e+00,9.6381034875e-01,5.4403916852e-02
4.1410000000e+00,2.4410793188e+00,9.6386471949e-01,5.4337568314e-02
4.1420000000e+00,2.4420432107e+00,9.6391902391e-01,5.4271274537e-02
4.1430000000e+00,2.4430071568e+00,9.6397326206e-01,5.4205035515e-02
4.1440000000e+00,2.4439711572e+00,9.6402743400e-01,5.4138851245e-02
4.1450000000e+00,2.4449352116e+00,9.6408153978e-01,5.4072721723e-02
4.1460000000e+00,2.4458993202e+00,9.6413557946e-01,5.4006646943e-02
4.1470000000e+00,2.4468634828e+00,9.6418955309e-01,5.3940626900e-02
4.1480000000e+00,2.4478276993e+00,9.6424346073e-01,5.3874661591e-02
4.1490000000e+00,2.4487919697e+00,9.6429730243e-01,5.3808751010e-02
4.1500000000e+00,2.4497562939e+00,9.6435107825e-01,5.3742895152e-02
4.1510000000e+00,2.4507206718e+00,9.6440478824e-01,5.3677094012e-02
4.1520000000e+00,2.4516851034e+00,9.6445843246e-01,5.3611347586e-02
4.1530000000e+00,2.4526495887e+00,9.6451201095e-01,5.3545655868e-02
4.1540000000e+00,2.4536141274e+00,9.6456552379e-01,5.3480018854e-02
4.1550000000e+00,2.4545787197e+00,9.6461897101e-01,5.3414436537e-02
4.1560000000e+00,2.4555433654e+00,9.6467235268e-01,5.3348908913e-02
4.1570000000e+00,2.4565080644e+00,9.6472566885e-01,5.3283435976e-02
4.1580000000e+00,2.4574728167e+00,9.6477891957e-01,5.3218017721e-02
4.1590000000e+00,2.4584376222e+00,9.6483210490e-01,5.3152654142e-02
4.1600000000e+00,2.4594024809e+00,9.6488522490e-01,5.3087345234e-02
4.1610000000e+00,2.4603673926e+00,9.6493827961e-01,5.3022090991e-02
4.1620000000e+00,2.4613323574e+00,9.6499126910e-01,5.2956891408e-02
4.1630000000e+00,2.4622973751e+00,9.6504419341e-01,5.2891746479e-02
4.1640000000e+00,2.4632624458e+00,9.6509705261e-01,5.2826656198e-02
4.1650000000e+00,2.4642275692e+00,9.6514984674e-01,5.2761620559e-02
4.1660000000e+00,2.4651927454e+00,9.6520257587e-01,5.2696639556e-02
4.1670000000e+00,2.4661579743e+00,9.6525524004e-01,5.2631713183e-02
4.1680000000e+00,2.4671232559e+00,9.6530783931e-01,5.2566841435e-02
4.1690000000e+00,2.4680885900e+00,9.6536037374e-01,5.2502024304e-02
4.1700000000e+00,2.4690539766e+00,9.6541284338e-01,5.2437261786e-02
4.1710000000e+00,2.4700194157e+00,9.6546524828e-01,5.2372553872e-02
4.1720000000e+00,2.4709849071e+00,9.6551758850e-01,5.2307900559e-02
4.1730000000e+00,2.4719504508e+00,9.6556986410e-01,5.2243301838e-02
4.1740000000e+00,2.4729160468e+00,9.6562207513e-01,5.2178757703e-02
4.1750000000e+00,2.4738816950e+00,9.6567422163e-01,5.2114268148e-02
4.1760000000e+00,2.4748473952e+00,9.6572630368e-01,5.2049833167e-02
4.1770000000e+00,2.4758131475e+00,9.6577832132e-01,5.1985452752e-02
4.1780000000e+00,2.4767789518e+00,9.6583027460e-01,5.1921126897e-02
4.1790000000e+00,2.4777448081e+00,9.6588216359e-01,5.1856855595e-02
4.1800000000e+00,2.4787107161e+00,9.6593398833e-01,5.1792638840e-02
4.1810000000e+00,2.4796766760e+00,9.6598574889e-01,5.1728476624e-02
4.1820000000e+00,2.4806426876e+00,9.6603744530e-01,5.1664368941e-02
4.1830000000e+00,2.4816087509e+00,9.6608907764e-01,5.1600315783e-02
4.1840000000e+00,2.4825748658e+00,9.6614064595e-01,5.1536317143e-02
4.1850000000e+00,2.4835410322e+00,9.6619215029e-01,5.1472373015e-02
4.1860000000e+00,2.4845072500e+00,9.6624359072e-01,5.1408483390e-02
4.1870000000e+00,2.4854735193e+00,9.6629496728e-01,5.1344648263e-02
4.1880000000e+00,2.4864398399e+00,9.6634628003e-01,5.1280867624e-02
4.1890000000e+00,2.4874062119e+00,9.6639752903e-01,5.1217141468e-02
4.1900000000e+00,2.4883726350e+00,9.6644871433e-01,5.1153469786e-02
4.1910000000e+00,2.4893391093e+00,9.6649983599e-01,5.1089852571e-02
4.1920000000e+00,2.4903056346e+00,9.6655089406e-01,5.1026289815e-02
4.1930000000e+00,2.4912722110e+00,9.6660188859e-01,5.0962781511e-02
4.1940000000e+00,2.4922388384e+00,9.6665281964e-01,5.0899327651e-02
4.1950000000e+00,2.4932055167e+00,9.6670368726e-01,5.0835928227e-02
4.1960000000e+00,2.4941722457e+00,9.6675449151e-01,5.0772583232e-02
4.1970000000e+00,2.4951390256e+00,9.6680523245e-01,5.0709292657e-02
4.1980000000e+00,2.4961058562e+00,9.6685591012e-01,5.0646056494e-02
4.1990000000e+00,2.4970727374e+00,9.6690652458e-01,5.0582874736e-02
4.2000000000e+00,2.4980396692e+00,9.6695707588e-01,5.0519747374e-02
4.2010000000e+00,2.4990066515e+00,9.6700756409e-01,5.0456674400e-02
4.2020000000e+00,2.4999736843e+00,9.6705798925e-01,5.0393655806e-02
4.2030000000e+00,2.5009407675e+00,9.6710835142e-01,5.0330691584e-02
4.2040000000e+00,2.5019079010e+00,9.6715865065e-01,5.0267781725e-02
4.2050000000e+00,2.5028750848e+00,9.6720888700e-01,5.0204926221e-02
4.2060000000e+00,2.5038423188e+00,9.6725906052e-01,5.0142125063e-02
4.2070000000e+00,2.5048096029e+00,9.6730917127e-01,5.0079378243e-02
4.2080000000e+00,2.5057769371e+00,9.6735921930e-01,5.0016685753e-02
4.2090000000e+00,2.5067443213e+00,9.6740920466e-01,4.9954047583e-02
4.2100000000e+00,2.5077117555e+00,9.6745912741e-01,4.9891463725e-02
4.2110000000e+00,2.5086792395e+00,9.6750898760e-01,4.9828934170e-02
4.2120000000e+00,2.5096467734e+00,9.6755878530e-01,4.9766458909e-02
4.2130000000e+00,2.5106143571e+00,9.6760852054e-01,4.9704037934e-02
4.2140000000e+00,2.5115819904e+00,9.6765819339e-01,4.9641671235e-02
4.2150000000e+00,2.5125496734e+00,9.6770780390e-01,4.9579358803e-02
4.2160000000e+00,2.5135174060e+00,9.6775735213e-01,4.9517100630e-02
4.2170000000e+00,2.5144851881e+00,9.6780683812e-01,4.9454896706e-02
4.2180000000e+00,2.5154530197e+00,9.6785626194e-01,4.9392747022e-02
4.2190000000e+00,2.5164209006e+00,9.6790562363e-01,4.9330651568e-02
4.2200000000e+00,2.5173888309e+00,9.6795492326e-01,4.9268610336e-02
4.2210000000e+00,2.5183568105e+00,9.6800416087e-01,4.9206623316e-02
4.2220000000e+00,2.5193248392e+00,9.6805333652e-01,4.9144690498e-02
4.2230000000e+00,2.5202929171e+00,9.6810245027e-01,4.9082811873e-02
4.2240000000e+00,2.5212610441e+00,9.6815150217e-01,4.9020987432e-02
4.2250000000e+00,2.5222292201e+00,9.6820049226e-01,4.8959217164e-02
4.2260000000e+00,2.5231974451e+00,9.6824942062e-01,4.8897501060e-02
4.2270000000e+00,2.5241657189e+00,9.6829828728e-01,4.8835839111e-02
4.2280000000e+00,2.5251340416e+00,9.6834709231e-01,4.8774231306e-02
4.2290000000e+00,2.5261024131e+00,9.6839583576e-01,4.8712677636e-02
4.2300000000e+00,2.5270708333e+00,9.6844451769e-01,4.8651178090e-02
4.2310000000e+00,2.5280393021e+00,9.6849313814e-01,4.8589732659e-02
4.2320000000e+00,2.5290078195e+00,9.6854169717e-01,4.8528341333e-02
4.2330000000e+00,2.5299763855e+00,9.6859019484e-01,4.8467004101e-02
4.2340000000e+00,2.5309449999e+00,9.6863863120e-01,4.8405720954e-02
4.2350000000e+00,2.5319136627e+00,9.6868700630e-01,4.8344491880e-02
4.2360000000e+00,2.5328823739e+00,9.6873532020e-01,4.8283316871e-02
4.2370000000e+00,2.5338511333e+00,9.6878357295e-01,4.8222195915e-02
4.2380000000e+00,2.5348199410e+00,9.6883176461e-01,4.8161129002e-02
4.2390000000e+00,2.5357887968e+00,9.6887989523e-01,4.8100116121e-02
4.2400000000e+00,2.5367577008e+00,9.6892796486e-01,4.8039157262e-02
4.2410000000e+00,2.5377266528e+00,9.6897597356e-01,4.7978252415e-02
4.2420000000e+00,2.5386956527e+00,9.6902392138e-01,4.7917401569e-02
4.2430000000e+00,2.5396647006e+00,9.6907180838e-01,4.7856604713e-02
4.2440000000e+00,2.5406337963e+00,9.6911963461e-01,4.7795861836e-02
4.2450000000e+00,2.5416029398e+00,9.6916740012e-01,4.7735172927e-02
4.2460000000e+00,2.5425721311e+00,9.6921510497e-01,4.7674537976e-02
4.2470000000e+00,2.5435413700e+00,9.6926274922e-01,4.7613956972e-02
4.2480000000e+00,2.5445106566e+00,9.6931033291e-01,4.7553429903e-02
4.2490000000e+00,2.5454799907e+00,9.6935785609e-01,4.7492956759e-02
4.2500000000e+00,2.5464493723e+00,9.6940531884e-01,4.7432537528e-02
4.2510000000e+00,2.5474188013e+00,9.6945272119e-01,4.7372172200e-02
4.2520000000e+00,2.5483882777e+00,9.6950006320e-01,4.7311860762e-02
4.2530000000e+00,2.5493578014e+00,9.6954734493e-01,4.7251603205e-02
4.2540000000e+00,2.5503273723e+00,9.6959456642e-01,4.7191399515e-02
4.2550000000e+00,2.5512969905e+00,9.6964172774e-01,4.7131249683e-02
4.2560000000e+00,2.5522666558e+00,9.6968882894e-01,4.7071153696e-02
4.2570000000e+00,2.5532363681e+00,9.6973587007e-01,4.7011111543e-02
4.2580000000e+00,2.5542061275e+00,9.6978285118e-01,4.6951123213e-02
4.2590000000e+00,2.5551759338e+00,9.6982977233e-01,4.6891188693e-02
4.2600000000e+00,2.5561457870e+00,9.6987663358e-01,4.6831307972e-02
4.2610000000e+00,2.5571156871e+00,9.6992343497e-01,4.6771481038e-02
4.2620000000e+00,2.5580856339e+00,9.6997017656e-01,4.6711707880e-02
4.2630000000e+00,2.5590556274e+00,9.7001685840e-01,4.6651988485e-02
4.2640000000e+00,2.5600256676e+00,9.7006348055e-01,4.6592322842e-02
4.2650000000e+00,2.5609957543e+00,9.7011004306e-01,4.6532710939e-02
4.2660000000e+00,2.5619658876e+00,9.7015654599e-01,4.6473152763e-02
4.2670000000e+00,2.5629360674e+00,9.7020298939e-01,4.6413648303e-02
4.2680000000e+00,2.5639062936e+00,9.7024937331e-01,4.6354197546e-02
4.2690000000e+00,2.5648765661e+00,9.7029569780e-01,4.6294800480e-02
4.2700000000e+00,2.5658468850e+00,9.7034196293e-01,4.6235457093e-02
4.2710000000e+00,2.5668172500e+00,9.7038816873e-01,4.6176167372e-02
4.2720000000e+00,2.5677876613e+00,9.7043431528e-01,4.6116931306e-02
4.2730000000e+00,2.5687581187e+00,9.7048040261e-01,4.6057748881e-02
4.2740000000e+00,2.5697286221e+00,9.7052643079e-01,4.5998620085e-02
4.2750000000e+00,2.5706991715e+00,9.7057239987e-01,4.5939544906e-02
4.2760000000e+00,2.5716697669e+00,9.7061830990e-01,4.5880523331e-02
4.2770000000e+00,2.5726404081e+00,9.7066416094e-01,4.5821555347e-02
4.2780000000e+00,2.5736110952e+00,9.7070995303e-01,4.5762640942e-02
4.2790000000e+00,2.5745818280e+00,9.7075568624e-01,4.5703780102e-02
4.2800000000e+00,2.5755526065e+00,9.7080136061e-01,4.5644972816e-02
4.2810000000e+00,2.5765234307e+00,9.7084697620e-01,4.5586219069e-02
4.2820000000e+00,2.5774943004e+00,9.7089253306e-01,4.5527518850e-02
4.2830000000e+00,2.5784652157e+00,9.7093803125e-01,4.5468872145e-02
4.2840000000e+00,2.5794361765e+00,9.7098347083e-01,4.5410278940e-02
4.2850000000e+00,2.5804071827e+00,9.7102885183e-01,4.5351739224e-02
4.2860000000e+00,2.5813782342e+00,9.7107417432e-01,4.5293252982e-02
4.2870000000e+00,2.5823493310e+00,9.7111943835e-01,4.5234820202e-02
4.2880000000e+00,2.5833204730e+00,9.7116464398e-01,4.5176440870e-02
4.2890000000e+00,2.5842916602e+00,9.7120979125e-01,4.5118114973e-02
4.2900000000e+00,2.5852628926e+00,9.7125488023e-01,4.5059842497e-02
4.2910000000e+00,2.5862341700e+00,9.7129991096e-01,4.5001623430e-02
4.2920000000e+00,2.5872054924e+00,9.7134488349e-01,4.4943457757e-02
4.2930000000e+00,2.5881768597e+00,9.7138979789e-01,4.4885345465e-02
4.2940000000e+00,2.5891482720e+00,9.7143465420e-01,4.4827286540e-02
4.2950000000e+00,2.5901197290e+00,9.7147945248e-01,4.4769280969e-02
4.2960000000e+00,2.5910912309e+00,9.7152419278e-01,4.4711328737e-02
4.2970000000e+00,2.5920627774e+00,9.7156887516e-01,4.4653429832e-02
4.2980000000e+00,2.5930343686e+00,9.7161349966e-01,4.4595584239e-02
4.2990000000e+00,2.5940060044e+00,9.7165806634e-01,4.4537791945e-02
4.3000000000e+00,2.5949776847e+00,9.7170257526e-01,4.4480052935e-02
4.3010000000e+00,2.5959494095e+00,9.7174702647e-01,4.4422367195e-02
4.3020000000e+00,2.5969211787e+00,9.7179142001e-01,4.4364734712e-02
4.3030000000e+00,2.5978929923e+00,9.7183575595e-01,4.4307155472e-02
4.3040000000e+00,2.5988648502e+00,9.7188003434e-01,4.4249629459e-02
4.3050000000e+00,2.5998367524e+00,9.7192425523e-01,4.4192156660e-02
4.3060000000e+00,2.6008086987e+00,9.7196841867e-01,4.4134737061e-02
4.3070000000e+00,2.6017806892e+00,9.7201252472e-01,4.4077370647e-02
4.3080000000e+00,2.6027527237e+00,9.7205657343e-01,4.4020057404e-02
4.3090000000e+00,2.6037248023e+00,9.7210056485e-01,4.3962797318e-02
4.3100000000e+00,2.6046969249e+00,9.7214449904e-01,4.3905590374e-02
4.3110000000e+00,2.6056690913e+00,9.7218837605e-01,4.3848436557e-02
4.3120000000e+00,2.6066413016e+00,9.7223219593e-01,4.3791335853e-02
4.3130000000e+00,2.6076135557e+00,9.7227595874e-01,4.3734288248e-02
4.3140000000e+00,2.6085858535e+00,9.7231966453e-01,4.3677293725e-02
4.3150000000e+00,2.6095581950e+00,9.7236331335e-01,4.3620352272e-02
4.3160000000e+00,2.6105305801e+00,9.7240690525e-01,4.3563463873e-02
4.3170000000e+00,2.6115030088e+00,9.7245044029e-01,4.3506628512e-02
4.3180000000e+00,2.6124754810e+00,9.7249391853e-01,4.3449846176e-02
4.3190000000e+00,2.6134479966e+00,9.7253734000e-01,4.3393116850e-02
4.3200000000e+00,2.6144205556e+00,9.7258070478e-01,4.3336440517e-02
4.3210000000e+00,2.6153931580e+00,9.7262401290e-01,4.3279817164e-02
4.3220000000e+00,2.6163658036e+00,9.7266726443e-01,4.3223246774e-02
4.3230000000e+00,2.6173384925e+00,9.7271045941e-01,4.3166729334e-02
4.3240000000e+00,2.6183112245e+00,9.7275359791e-01,4.3110264827e-02
4.3250000000e+00,2.6192839997e+00,9.7279667996e-01,4.3053853239e-02
4.3260000000e+00,2.6202568179e+00,9.7283970563e-01,4.2997494553e-02
4.3270000000e+00,2.6212296791e+00,9.7288267497e-01,4.2941188755e-02
4.3280000000e+00,2.6222025832e+00,9.7292558802e-01,4.2884935829e-02
4.3290000000e+00,2.6231755302e+00,9.7296844486e-01,4.2828735760e-02
4.3300000000e+00,2.6241485201e+00,9.7301124551e-01,4.2772588533e-02
4.3310000000e+00,2.6251215527e+00,9.7305399005e-01,4.2716494130e-02
4.3320000000e+00,2.6260946280e+00,9.7309667852e-01,4.2660452538e-02
4.3330000000e+00,2.6270677460e+00,9.7313931097e-01,4.2604463740e-02
4.3340000000e+00,2.6280409066e+00,9.7318188746e-01,4.2548527720e-02
4.3350000000e+00,2.6290141098e+00,9.7322440805e-01,4.2492644463e-02
4.3360000000e+00,2.6299873554e+00,9.7326687277e-01,4.2436813953e-02
4.3370000000e+00,2.6309606435e+00,9.7330928169e-01,4.2381036174e-02
4.3380000000e+00,2.6319339740e+00,9.7335163486e-01,4.2325311110e-02
4.3390000000e+00,2.6329073468e+00,9.7339393233e-01,4.2269638744e-02
4.3400000000e+00,2.6338807618e+00,9.7343617416e-01,4.2214019062e-02
4.3410000000e+00,2.6348542191e+00,9.7347836039e-01,4.2158452046e-02
4.3420000000e+00,2.6358277185e+00,9.7352049108e-01,4.2102937681e-02
4.3430000000e+00,2.6368012601e+00,9.7356256628e-01,4.2047475951e-02
4.3440000000e+00,2.6377748436e+00,9.7360458605e-01,4.1992066838e-02
4.3450000000e+00,2.6387484692e+00,9.7364655043e-01,4.1936710328e-02
4.3460000000e+00,2.6397221367e+00,9.7368845949e-01,4.1881406402e-02
4.3470000000e+00,2.6406958461e+00,9.7373031326e-01,4.1826155046e-02
4.3480000000e+00,2.6416695973e+00,9.7377211181e-01,4.1770956243e-02
4.3490000000e+00,2.6426433903e+00,9.7381385519e-01,4.1715809976e-02
4.3500000000e+00,2.6436172250e+00,9.7385554345e-01,4.1660716228e-02
4.3510000000e+00,2.6445911014e+00,9.7389717664e-01,4.1605674983e-02
4.3520000000e+00,2.6455650194e+00,9.7393875482e-01,4.1550686225e-02
4.3530000000e+00,2.6465389789e+00,9.7398027803e-01,4.1495749936e-02
4.3540000000e+00,2.6475129799e+00,9.7402174634e-01,4.1440866099e-02
4.3550000000e+00,2.6484870224e+00,9.7406315978e-01,4.1386034699e-02
4.3560000000e+00,2.6494611062e+00,9.7410451842e-01,4.1331255718e-02
4.3570000000e+00,2.6504352314e+00,9.7414582231e-01,4.1276529139e-02
4.3580000000e+00,2.6514093978e+00,9.7418707150e-01,4.1221854945e-02
4.3590000000e+00,2.6523836055e+00,9.7422826604e-01,4.1167233120e-02
4.3600000000e+00,2.6533578543e+00,9.7426940598e-01,4.1112663645e-02
4.3610000000e+00,2.6543321443e+00,9.7431049138e-01,4.1058146505e-02
4.3620000000e+00,2.6553064753e+00,9.7435152229e-01,4.1003681682e-02
4.3630000000e+00,2.6562808473e+00,9.7439249876e-01,4.0949269158e-02
4.3640000000e+00,2.6572552603e+00,9.7443342085e-01,4.0894908916e-02
4.3650000000e+00,2.6582297141e+00,9.7447428860e-01,4.0840600940e-02
4.3660000000e+00,2.6592042088e+00,9.7451510207e-01,4.0786345212e-02
4.3670000000e+00,2.6601787443e+00,9.7455586131e-01,4.0732141714e-02
4.3680000000e+00,2.6611533205e+00,9.7459656637e-01,4.0677990428e-02
4.3690000000e+00,2.6621279374e+00,9.7463721730e-01,4.0623891338e-02
4.3700000000e+00,2.6631025950e+00,9.7467781417e-01,4.0569844426e-02
4.3710000000e+00,2.6640772930e+00,9.7471835701e-01,4.0515849675e-02
4.3720000000e+00,2.6650520317e+00,9.7475884588e-01,4.0461907065e-02
4.3730000000e+00,2.6660268107e+00,9.7479928084e-01,4.0408016581e-02
4.3740000000e+00,2.6670016302e+00,9.7483966193e-01,4.0354178204e-02
4.3750000000e+00,2.6679764900e+00,9.7487998922e-01,4.0300391916e-02
4.3760000000e+00,2.6689513902e+00,9.7492026274e-01,4.0246657700e-02
4.3770000000e+00,2.6699263305e+00,9.7496048255e-01,4.0192975537e-02
4.3780000000e+00,2.6709013111e+00,9.7500064870e-01,4.0139345410e-02
4.3790000000e+00,2.6718763318e+00,9.7504076126e-01,4.0085767301e-02
4.3800000000e+00,2.6728513926e+00,9.7508082026e-01,4.0032241191e-02
4.3810000000e+00,2.6738264934e+00,9.7512082576e-01,3.9978767063e-02
4.3820000000e+00,2.6748016342e+00,9.7516077781e-01,3.9925344899e-02
4.3830000000e+00,2.6757768150e+00,9.7520067646e-01,3.9871974679e-02
4.3840000000e+00,2.6767520356e+00,9.7524052177e-01,3.9818656387e-02
4.3850000000e+00,2.6777272960e+00,9.7528031379e-01,3.9765390004e-02
4.3860000000e+00,2.6787025962e+00,9.7532005257e-01,3.9712175511e-02
4.3870000000e+00,2.6796779361e+00,9.7535973816e-01,3.9659012890e-02
4.3880000000e+00,2.6806533156e+00,9.7539937062e-01,3.9605902123e-02
4.3890000000e+00,2.6816287348e+00,9.7543894998e-01,3.9552843191e-02
4.3900000000e+00,2.6826041935e+00,9.7547847632e-01,3.9499836076e-02
4.3910000000e+00,2.6835796917e+00,9.7551794967e-01,3.9446880759e-02
4.3920000000e+00,2.6845552294e+00,9.7555737010e-01,3.9393977221e-02
4.3930000000e+00,2.6855308065e+00,9.7559673764e-01,3.9341125445e-02
4.3940000000e+00,2.6865064229e+00,9.7563605237e-01,3.9288325411e-02
4.3950000000e+00,2.6874820786e+00,9.7567531431e-01,3.9235577100e-02
4.3960000000e+00,2.6884577735e+00,9.7571452354e-01,3.9182880494e-02
4.3970000000e+00,2.6894335076e+00,9.7575368009e-01,3.9130235574e-02
4.3980000000e+00,2.6904092808e+00,9.7579278403e-01,3.9077642321e-02
4.3990000000e+00,2.6913850931e+00,9.7583183539e-01,3.9025100716e-02
4.4000000000e+00,2.6923609445e+00,9.7587083424e-01,3.8972610741e-02
4.4010000000e+00,2.6933368348e+00,9.7590978063e-01,3.8920172375e-02
4.4020000000e+00,2.6943127640e+00,9.7594867461e-01,3.8867785600e-02
4.4030000000e+00,2.6952887321e+00,9.7598751622e-01,3.8815450398e-02
4.4040000000e+00,2.6962647390e+00,9.7602630552e-01,3.8763166748e-02
4.4050000000e+00,2.6972407847e+00,9.7606504257e-01,3.8710934632e-02
4.4060000000e+00,2.6982168691e+00,9.7610372741e-01,3.8658754030e-02
4.4070000000e+00,2.6991929922e+00,9.7614236010e-01,3.8606624923e-02
4.4080000000e+00,2.7001691538e+00,9.7618094068e-01,3.8554547292e-02
4.4090000000e+00,2.7011453540e+00,9.7621946921e-01,3.8502521117e-02
4.4100000000e+00,2.7021215927e+00,9.7625794574e-01,3.8450546379e-02
4.4110000000e+00,2.7030978699e+00,9.7629637032e-01,3.8398623059e-02
4.4120000000e+00,2.7040741855e+00,9.7633474300e-01,3.8346751137e-02
4.4130000000e+00,2.7050505394e+00,9.7637306384e-01,3.8294930593e-02
4.4140000000e+00,2.7060269316e+00,9.7641133288e-01,3.8243161407e-02
4.4150000000e+00,2.7070033620e+00,9.7644955018e-01,3.8191443561e-02
4.4160000000e+00,2.7079798306e+00,9.7648771578e-01,3.8139777035e-02
4.4170000000e+00,2.7089563374e+00,9.7652582975e-01,3.8088161808e-02
4.4180000000e+00,2.7099328823e+00,9.7656389212e-01,3.8036597861e-02
4.4190000000e+00,2.7109094652e+00,9.7660190296e-01,3.7985085174e-02
4.4200000000e+00,2.7118860861e+00,9.7663986231e-01,3.7933623727e-02
4.4210000000e+00,2.7128627449e+00,9.7667777023e-01,3.7882213501e-02
4.4220000000e+00,2.7138394416e+00,9.7671562675e-01,3.7830854475e-02
4.4230000000e+00,2.7148161761e+00,9.7675343195e-01,3.7779546629e-02
4.4240000000e+00,2.7157929484e+00,9.7679118587e-01,3.7728289944e-02
4.4250000000e+00,2.7167697585e+00,9.7682888855e-01,3.7677084399e-02
4.4260000000e+00,2.7177466062e+00,9.7686654005e-01,3.7625929974e-02
4.4270000000e+00,2.7187234916e+00,9.7690414042e-01,3.7574826648e-02
4.4280000000e+00,2.7197004145e+00,9.7694168972e-01,3.7523774403e-02
4.4290000000e+00,2.7206773749e+00,9.7697918799e-01,3.7472773217e-02
4.4300000000e+00,2.7216543728e+00,9.7701663528e-01,3.7421823070e-02
4.4310000000e+00,2.7226314082e+00,9.7705403165e-01,3.7370923942e-02
4.4320000000e+00,2.7236084809e+00,9.7709137715e-01,3.7320075812e-02
4.4330000000e+00,2.7245855909e+00,9.7712867182e-01,3.7269278660e-02
4.4340000000e+00,2.7255627382e+00,9.7716591572e-01,3.7218532465e-02
4.4350000000e+00,2.7265399227e+00,9.7720310890e-01,3.7167837208e-02
4.4360000000e+00,2.7275171444e+00,9.7724025142e-01,3.7117192867e-02
4.4370000000e+00,2.7284944032e+00,9.7727734331e-01,3.7066599421e-02
4.4380000000e+00,2.7294716991e+00,9.7731438463e-01,3.7016056851e-02
4.4390000000e+00,2.7304490320e+00,9.7735137544e-01,3.6965565135e-02
4.4400000000e+00,2.7314264018e+00,9.7738831578e-01,3.6915124252e-02
4.4410000000e+00,2.7324038086e+00,9.7742520570e-01,3.6864734183e-02
4.4420000000e+00,2.7333812522e+00,9.7746204526e-01,3.6814394905e-02
4.4430000000e+00,2.7343587326e+00,9.7749883451e-01,3.6764106399e-02
4.4440000000e+00,2.7353362499e+00,9.7753557349e-01,3.6713868643e-02
4.4450000000e+00,2.7363138038e+00,9.7757226226e-01,3.6663681616e-02
4.4460000000e+00,2.7372913944e+00,9.7760890087e-01,3.6613545298e-02
4.4470000000e+00,2.7382690216e+00,9.7764548937e-01,3.6563459667e-02
4.4480000000e+00,2.7392466853e+00,9.7768202781e-01,3.6513424702e-02
4.4490000000e+00,2.7402243856e+00,9.7771851624e-01,3.6463440382e-02
4.4500000000e+00,2.7412021223e+00,9.7775495471e-01,3.6413506686e-02
4.4510000000e+00,2.7421798955e+00,9.7779134327e-01,3.6363623593e-02
4.4520000000e+00,2.7431577050e+00,9.7782768197e-01,3.6313791081e-02
4.4530000000e+00,2.7441355508e+00,9.7786397087e-01,3.6264009130e-02
4.4540000000e+00,2.7451134329e+00,9.7790021001e-01,3.6214277718e-02
4.4550000000e+00,2.7460913512e+00,9.7793639944e-01,3.6164596823e-02
4.4560000000e+00,2.7470693057e+00,9.7797253922e-01,3.6114966424e-02
4.4570000000e+00,2.7480472963e+00,9.7800862939e-01,3.6065386500e-02
4.4580000000e+00,2.7490253230e+00,9.7804467001e-01,3.6015857029e-02
4.4590000000e+00,2.7500033856e+00,9.7808066112e-01,3.5966377990e-02
4.4600000000e+00,2.7509814843e+00,9.7811660278e-01,3.5916949361e-02
4.4610000000e+00,2.7519596188e+00,9.7815249504e-01,3.5867571120e-02
4.4620000000e+00,2.7529377892e+00,9.7818833794e-01,3.5818243246e-02
4.4630000000e+00,2.7539159955e+00,9.7822413154e-01,3.5768965717e-02
4.4640000000e+00,2.7548942375e+00,9.7825987589e-01,3.5719738512e-02
4.4650000000e+00,2.7558725152e+00,9.7829557103e-01,3.5670561608e-02
4.4660000000e+00,2.7568508286e+00,9.7833121703e-01,3.5621434984e-02
4.4670000000e+00,2.7578291776e+00,9.7836681392e-01,3.5572358618e-02
4.4680000000e+00,2.7588075622e+00,9.7840236176e-01,3.5523332488e-02
4.4690000000e+00,2.7597859823e+00,9.7843786060e-01,3.5474356573e-02
4.4700000000e+00,2.7607644379e+00,9.7847331049e-01,3.5425430849e-02
4.4710000000e+00,2.7617429289e+00,9.7850871148e-01,3.5376555296e-02
4.4720000000e+00,2.7627214553e+00,9.7854406362e-01,3.5327729890e-02
4.4730000000e+00,2.7637000171e+00,9.7857936696e-01,3.5278954611e-02
4.4740000000e+00,2.7646786141e+00,9.7861462154e-01,3.5230229435e-02
4.4750000000e+00,2.7656572463e+00,9.7864982743e-01,3.5181554342e-02
4.4760000000e+00,2.7666359137e+00,9.7868498467e-01,3.5132929307e-02
4.4770000000e+00,2.7676146162e+00,9.7872009331e-01,3.5084354310e-02
4.4780000000e+00,2.7685933539e+00,9.7875515339e-01,3.5035829328e-02
4.4790000000e+00,2.7695721265e+00,9.7879016498e-01,3.4987354339e-02
4.4800000000e+00,2.7705509342e+00,9.7882512812e-01,3.4938929319e-02
4.4810000000e+00,2.7715297768e+00,9.7886004286e-01,3.4890554248e-02
4.4820000000e+00,2.7725086542e+00,9.7889490924e-01,3.4842229102e-02
4.4830000000e+00,2.7734875666e+00,9.7892972733e-01,3.4793953859e-02
4.4840000000e+00,2.7744665137e+00,9.7896449717e-01,3.4745728496e-02
4.4850000000e+00,2.7754454955e+00,9.7899921881e-01,3.4697552991e-02
4.4860000000e+00,2.7764245121e+00,9.7903389229e-01,3.4649427321e-02
4.4870000000e+00,2.7774035633e+00,9.7906851768e-01,3.4601351464e-02
4.4880000000e+00,2.7783826491e+00,9.7910309501e-01,3.4553325397e-02
4.4890000000e+00,2.7793617695e+00,9.7913762434e-01,3.4505349097e-02
4.4900000000e+00,2.7803409244e+00,9.7917210573e-01,3.4457422541e-02
4.4910000000e+00,2.7813201137e+00,9.7920653921e-01,3.4409545707e-02
4.4920000000e+00,2.7822993374e+00,9.7924092483e-01,3.4361718572e-02
4.4930000000e+00,2.7832785955e+00,9.7927526266e-01,3.4313941113e-02
4.4940000000e+00,2.7842578879e+00,9.7930955273e-01,3.4266213306e-02
4.4950000000e+00,2.7852372146e+00,9.7934379510e-01,3.4218535130e-02
4.4960000000e+00,2.7862165755e+00,9.7937798982e-01,3.4170906561e-02
4.4970000000e+00,2.7871959706e+00,9.7941213693e-01,3.4123327576e-02
4.4980000000e+00,2.7881753998e+00,9.7944623649e-01,3.4075798152e-02
4.4990000000e+00,2.7891548630e+00,9.7948028855e-01,3.4028318266e-02
4.5000000000e+00,2.7901343603e+00,9.7951429314e-01,3.3980887895e-02
4.5010000000e+00,2.7911138916e+00,9.7954825034e-01,3.3933507016e-02
4.5020000000e+00,2.7920934568e+00,9.7958216017e-01,3.3886175605e-02
4.5030000000e+00,2.7930730559e+00,9.7961602271e-01,3.3838893639e-02
4.5040000000e+00,2.7940526888e+00,9.7964983798e-01,3.3791661095e-02
4.5050000000e+00,2.7950323556e+00,9.7968360604e-01,3.3744477950e-02
4.5060000000e+00,2.7960120560e+00,9.7971732695e-01,3.3697344179e-02
4.5070000000e+00,2.7969917902e+00,9.7975100075e-01,3.3650259761e-02
4.5080000000e+00,2.7979715580e+00,9.7978462749e-01,3.3603224671e-02
4.5090000000e+00,2.7989513594e+00,9.7981820721e-01,3.3556238886e-02
4.5100000000e+00,2.7999311944e+00,9.7985173998e-01,3.3509302383e-02
4.5110000000e+00,2.8009110629e+00,9.7988522584e-01,3.3462415138e-02
4.5120000000e+00,2.8018909649e+00,9.7991866483e-01,3.3415577126e-02
4.5130000000e+00,2.8028709002e+00,9.7995205701e-01,3.3368788326e-02
4.5140000000e+00,2.8038508690e+00,9.7998540242e-01,3.3322048713e-02
4.5150000000e+00,2.8048308710e+00,9.8001870112e-01,3.3275358263e-02
4.5160000000e+00,2.8058109063e+00,9.8005195315e-01,3.3228716953e-02
4.5170000000e+00,2.8067909749e+00,9.8008515857e-01,3.3182124759e-02
4.5180000000e+00,2.8077710766e+00,9.8011831742e-01,3.3135581657e-02
4.5190000000e+00,2.8087512115e+00,9.8015142975e-01,3.3089087623e-02
4.5200000000e+00,2.8097313795e+00,9.8018449561e-01,3.3042642634e-02
4.5210000000e+00,2.8107115805e+00,9.8021751505e-01,3.2996246665e-02
4.5220000000e+00,2.8116918145e+00,9.8025048812e-01,3.2949899693e-02
4.5230000000e+00,2.8126720815e+00,9.8028341487e-01,3.2903601694e-02
4.5240000000e+00,2.8136523813e+00,9.8031629534e-01,3.2857352643e-02
4.5250000000e+00,2.8146327140e+00,9.8034912959e-01,3.2811152517e-02
4.5260000000e+00,2.8156130796e+00,9.8038191766e-01,3.2765001292e-02
4.5270000000e+00,2.8165934778e+00,9.8041465961e-01,3.2718898943e-02
4.5280000000e+00,2.8175739089e+00,9.8044735548e-01,3.2672845446e-02
4.5290000000e+00,2.8185543725e+00,9.8048000532e-01,3.2626840778e-02
4.5300000000e+00,2.8195348689e+00,9.8051260917e-01,3.2580884914e-02
4.5310000000e+00,2.8205153977e+00,9.8054516710e-01,3.2534977829e-02
4.5320000000e+00,2.8214959592e+00,9.8057767915e-01,3.2489119500e-02
4.5330000000e+00,2.8224765531e+00,9.8061014536e-01,3.2443309901e-02
4.5340000000e+00,2.8234571795e+00,9.8064256578e-01,3.2397549010e-02
4.5350000000e+00,2.8244378382e+00,9.8067494047e-01,3.2351836801e-02
4.5360000000e+00,2.8254185293e+00,9.8070726947e-01,3.2306173250e-02
4.5370000000e+00,2.8263992527e+00,9.8073955283e-01,3.2260558332e-02
4.5380000000e+00,2.8273800084e+00,9.8077179060e-01,3.2214992024e-02
4.5390000000e+00,2.8283607963e+00,9.8080398283e-01,3.2169474300e-02
4.5400000000e+00,2.8293416164e+00,9.8083612957e-01,3.2124005136e-02
4.5410000000e+00,2.8303224685e+00,9.8086823086e-01,3.2078584507e-02
4.5420000000e+00,2.8313033528e+00,9.8090028675e-01,3.2033212389e-02
4.5430000000e+00,2.8322842691e+00,9.8093229730e-01,3.1987888757e-02
4.5440000000e+00,2.8332652174e+00,9.8096426255e-01,3.1942613587e-02
4.5450000000e+00,2.8342461976e+00,9.8099618254e-01,3.1897386853e-02
4.5460000000e+00,2.8352272097e+00,9.8102805734e-01,3.1852208531e-02
4.5470000000e+00,2.8362082537e+00,9.8105988698e-01,3.1807078596e-02
4.5480000000e+00,2.8371893295e+00,9.8109167151e-01,3.1761997024e-02
4.5490000000e+00,2.8381704370e+00,9.8112341099e-01,3.1716963789e-02
4.5500000000e+00,2.8391515763e+00,9.8115510546e-01,3.1671978866e-02
4.5510000000e+00,2.8401327472e+00,9.8118675496e-01,3.1627042232e-02
4.5520000000e+00,2.8411139498e+00,9.8121835956e-01,3.1582153860e-02
4.5530000000e+00,2.8420951839e+00,9.8124991929e-01,3.1537313726e-02
4.5540000000e+00,2.8430764496e+00,9.8128143420e-01,3.1492521804e-02
4.5550000000e+00,2.8440577468e+00,9.8131290435e-01,3.1447778070e-02
4.5560000000e+00,2.8450390754e+00,9.8134432977e-01,3.1403082499e-02
4.5570000000e+00,2.8460204354e+00,9.8137571053e-01,3.1358435065e-02
4.5580000000e+00,2.8470018268e+00,9.8140704666e-01,3.1313835743e-02
4.5590000000e+00,2.8479832495e+00,9.8143833821e-01,3.1269284509e-02
4.5600000000e+00,2.8489647035e+00,9.8146958524e-01,3.1224781336e-02
4.5610000000e+00,2.8499461887e+00,9.8150078779e-01,3.1180326201e-02
4.5620000000e+00,2.8509277050e+00,9.8153194591e-01,3.1135919076e-02
4.5630000000e+00,2.8519092525e+00,9.8156305965e-01,3.1091559938e-02
4.5640000000e+00,2.8528908311e+00,9.8159412905e-01,3.1047248760e-02
4.5650000000e+00,2.8538724408e+00,9.8162515416e-01,3.1002985518e-02
4.5660000000e+00,2.8548540814e+00,9.8165613503e-01,3.0958770186e-02
4.5670000000e+00,2.8558357530e+00,9.8168707172e-01,3.0914602738e-02
4.5680000000e+00,2.8568174556e+00,9.8171796426e-01,3.0870483150e-02
4.5690000000e+00,2.8577991890e+00,9.8174881270e-01,3.0826411395e-02
4.5700000000e+00,2.8587809532e+00,9.8177961709e-01,3.0782387448e-02
4.5710000000e+00,2.8597627482e+00,9.8181037749e-01,3.0738411283e-02
4.5720000000e+00,2.8607445739e+00,9.8184109393e-01,3.0694482876e-02
4.5730000000e+00,2.8617264304e+00,9.8187176647e-01,3.0650602199e-02
4.5740000000e+00,2.8627083174e+00,9.8190239515e-01,3.0606769229e-02
4.5750000000e+00,2.8636902351e+00,9.8193298003e-01,3.0562983938e-02
4.5760000000e+00,2.8646721834e+00,9.8196352114e-01,3.0519246301e-02
4.5770000000e+00,2.8656541622e+00,9.8199401853e-01,3.0475556293e-02
4.5780000000e+00,2.8666361714e+00,9.8202447227e-01,3.0431913888e-02
4.5790000000e+00,2.8676182111e+00,9.8205488238e-01,3.0388319060e-02
4.5800000000e+00,2.8686002812e+00,9.8208524892e-01,3.0344771782e-02
4.5810000000e+00,2.8695823816e+00,9.8211557194e-01,3.0301272030e-02
4.5820000000e+00,2.8705645123e+00,9.8214585148e-01,3.0257819777e-02
4.5830000000e+00,2.8715466733e+00,9.8217608759e-01,3.0214414998e-02
4.5840000000e+00,2.8725288644e+00,9.8220628032e-01,3.0171057666e-02
4.5850000000e+00,2.8735110858e+00,9.8223642972e-01,3.0127747755e-02
4.5860000000e+00,2.8744933373e+00,9.8226653584e-01,3.0084485240e-02
4.5870000000e+00,2.8754756189e+00,9.8229659871e-01,3.0041270094e-02
4.5880000000e+00,2.8764579305e+00,9.8232661839e-01,2.9998102291e-02
4.5890000000e+00,2.8774402721e+00,9.8235659493e-01,2.9954981806e-02
4.5900000000e+00,2.8784226436e+00,9.8238652837e-01,2.9911908612e-02
4.5910000000e+00,2.8794050451e+00,9.8241641876e-01,2.9868882682e-02
4.5920000000e+00,2.8803874765e+00,9.8244626615e-01,2.9825903992e-02
4.5930000000e+00,2.8813699376e+00,9.8247607059e-01,2.9782972513e-02
4.5940000000e+00,2.8823524286e+00,9.8250583211e-01,2.9740088221e-02
4.5950000000e+00,2.8833349493e+00,9.8253555078e-01,2.9697251089e-02
4.5960000000e+00,2.8843174997e+00,9.8256522663e-01,2.9654461090e-02
4.5970000000e+00,2.8853000797e+00,9.8259485972e-01,2.9611718199e-02
4.5980000000e+00,2.8862826894e+00,9.8262445008e-01,2.9569022389e-02
4.5990000000e+00,2.8872653286e+00,9.8265399778e-01,2.9526373633e-02
4.6000000000e+00,2.8882479974e+00,9.8268350285e-01,2.9483771905e-02
4.6010000000e+00,2.8892306956e+00,9.8271296534e-01,2.9441217179e-02
4.6020000000e+00,2.8902134233e+00,9.8274238530e-01,2.9398709428e-02
4.6030000000e+00,2.8911961804e+00,9.8277176277e-01,2.9356248625e-02
4.6040000000e+00,2.8921789668e+00,9.8280109781e-01,2.9313834745e-02
4.6050000000e+00,2.8931617825e+00,9.8283039046e-01,2.9271467760e-02
4.6060000000e+00,2.8941446276e+00,9.8285964076e-01,2.9229147644e-02
4.6070000000e+00,2.8951275018e+00,9.8288884877e-01,2.9186874371e-02
4.6080000000e+00,2.8961104052e+00,9.8291801452e-01,2.9144647913e-02
4.6090000000e+00,2.8970933378e+00,9.8294713808e-01,2.9102468244e-02
4.6100000000e+00,2.8980762995e+00,9.8297621948e-01,2.9060335337e-02
4.6110000000e+00,2.8990592903e+00,9.8300525877e-01,2.9018249166e-02
4.6120000000e+00,2.9000423100e+00,9.8303425599e-01,2.8976209703e-02
4.6130000000e+00,2.9010253588e+00,9.8306321120e-01,2.8934216923e-02
4.6140000000e+00,2.9020084364e+00,9.8309212444e-01,2.8892270797e-02
4.6150000000e+00,2.9029915430e+00,9.8312099576e-01,2.8850371300e-02
4.6160000000e+00,2.9039746784e+00,9.8314982520e-01,2.8808518404e-02
4.6170000000e+00,2.9049578426e+00,9.8317861281e-01,2.8766712083e-02
4.6180000000e+00,2.9059410356e+00,9.8320735864e-01,2.8724952310e-02
4.6190000000e+00,2.9069242573e+00,9.8323606273e-01,2.8683239057e-02
4.6200000000e+00,2.9079075077e+00,9.8326472513e-01,2.8641572297e-02
4.6210000000e+00,2.9088907868e+00,9.8329334589e-01,2.8599952004e-02
4.6220000000e+00,2.9098740944e+00,9.8332192505e-01,2.8558378151e-02
4.6230000000e+00,2.9108574306e+00,9.8335046266e-01,2.8516850711e-02
4.6240000000e+00,2.9118407953e+00,9.8337895877e-01,2.8475369655e-02
4.6250000000e+00,2.9128241885e+00,9.8340741342e-01,2.8433934959e-02
4.6260000000e+00,2.9138076101e+00,9.8343582665e-01,2.8392546593e-02
4.6270000000e+00,2.9147910601e+00,9.8346419852e-01,2.8351204531e-02
4.6280000000e+00,2.9157745385e+00,9.8349252908e-01,2.8309908746e-02
4.6290000000e+00,2.9167580452e+00,9.8352081836e-01,2.8268659211e-02
4.6300000000e+00,2.9177415801e+00,9.8354906641e-01,2.8227455898e-02
4.6310000000e+00,2.9187251433e+00,9.8357727328e-01,2.8186298780e-02
4.6320000000e+00,2.9197087347e+00,9.8360543902e-01,2.8145187830e-02
4.6330000000e+00,2.9206923542e+00,9.8363356368e-01,2.8104123020e-02
4.6340000000e+00,2.9216760018e+00,9.8366164729e-01,2.8063104324e-02
4.6350000000e+00,2.9226596775e+00,9.8368968990e-01,2.8022131713e-02
4.6360000000e+00,2.9236433811e+00,9.8371769156e-01,2.7981205160e-02
4.6370000000e+00,2.9246271128e+00,9.8374565233e-01,2.7940324638e-02
4.6380000000e+00,2.9256108724e+00,9.8377357223e-01,2.7899490120e-02
4.6390000000e+00,2.9265946600e+00,9.8380145132e-01,2.7858701577e-02
4.6400000000e+00,2.9275784753e+00,9.8382928965e-01,2.7817958983e-02
4.6410000000e+00,2.9285623185e+00,9.8385708725e-01,2.7777262310e-02
4.6420000000e+00,2.9295461895e+00,9.8388484419e-01,2.7736611531e-02
4.6430000000e+00,2.9305300882e+00,9.8391256049e-01,2.7696006617e-02
4.6440000000e+00,2.9315140146e+00,9.8394023622e-01,2.7655447541e-02
4.6450000000e+00,2.9324979687e+00,9.8396787140e-01,2.7614934275e-02
4.6460000000e+00,2.9334819503e+00,9.8399546610e-01,2.7574466793e-02
4.6470000000e+00,2.9344659596e+00,9.8402302035e-01,2.7534045065e-02
4.6480000000e+00,2.9354499964e+00,9.8405053421e-01,2.7493669066e-02
4.6490000000e+00,2.9364340606e+00,9.8407800771e-01,2.7453338765e-02
4.6500000000e+00,2.9374181524e+00,9.8410544090e-01,2.7413054137e-02
4.6510000000e+00,2.9384022715e+00,9.8413283383e-01,2.7372815153e-02
4.6520000000e+00,2.9393864180e+00,9.8416018654e-01,2.7332621786e-02
4.6530000000e+00,2.9403705919e+00,9.8418749909e-01,2.7292474007e-02
4.6540000000e+00,2.9413547930e+00,9.8421477151e-01,2.7252371789e-02
4.6550000000e+00,2.9423390214e+00,9.8424200385e-01,2.7212315103e-02
4.6560000000e+00,2.9433232770e+00,9.8426919615e-01,2.7172303923e-02
4.6570000000e+00,2.9443075598e+00,9.8429634847e-01,2.7132338219e-02
4.6580000000e+00,2.9452918697e+00,9.8432346084e-01,2.7092417965e-02
4.6590000000e+00,2.9462762067e+00,9.8435053332e-01,2.7052543131e-02
4.6600000000e+00,2.9472605707e+00,9.8437756595e-01,2.7012713691e-02
4.6610000000e+00,2.9482449618e+00,9.8440455876e-01,2.6972929616e-02
4.6620000000e+00,2.9492293798e+00,9.8443151182e-01,2.6933190878e-02
4.6630000000e+00,2.9502138248e+00,9.8445842516e-01,2.6893497449e-02
4.6640000000e+00,2.9511982967e+00,9.8448529883e-01,2.6853849301e-02
4.6650000000e+00,2.9521827954e+00,9.8451213287e-01,2.6814246405e-02
4.6660000000e+00,2.9531673209e+00,9.8453892734e-01,2.6774688734e-02
4.6670000000e+00,2.9541518732e+00,9.8456568227e-01,2.6735176260e-02
4.6680000000e+00,2.9551364523e+00,9.8459239770e-01,2.6695708954e-02
4.6690000000e+00,2.9561210580e+00,9.8461907370e-01,2.6656286788e-02
4.6700000000e+00,2.9571056904e+00,9.8464571029e-01,2.6616909734e-02
4.6710000000e+00,2.9580903494e+00,9.8467230753e-01,2.6577577763e-02
4.6720000000e+00,2.9590750350e+00,9.8469886546e-01,2.6538290848e-02
4.6730000000e+00,2.9600597471e+00,9.8472538413e-01,2.6499048960e-02
4.6740000000e+00,2.9610444858e+00,9.8475186358e-01,2.6459852071e-02
4.6750000000e+00,2.9620292508e+00,9.8477830385e-01,2.6420700152e-02
4.6760000000e+00,2.9630140424e+00,9.8480470499e-01,2.6381593174e-02
4.6770000000e+00,2.9639988602e+00,9.8483106705e-01,2.6342531111e-02
4.6780000000e+00,2.9649837045e+00,9.8485739007e-01,2.6303513933e-02
4.6790000000e+00,2.9659685750e+00,9.8488367409e-01,2.6264541611e-02
4.6800000000e+00,2.9669534718e+00,9.8490991917e-01,2.6225614118e-02
4.6810000000e+00,2.9679383948e+00,9.8493612534e-01,2.6186731425e-02
4.6820000000e+00,2.9689233440e+00,9.8496229265e-01,2.6147893503e-02
4.6830000000e+00,2.9699083194e+00,9.8498842114e-01,2.6109100324e-02
4.6840000000e+00,2.9708933209e+00,9.8501451086e-01,2.6070351859e-02
4.6850000000e+00,2.9718783484e+00,9.8504056186e-01,2.6031648080e-02
4.6860000000e+00,2.9728634020e+00,9.8506657417e-01,2.5992988958e-02
4.6870000000e+00,2.9738484816e+00,9.8509254785e-01,2.5954374465e-02
4.6880000000e+00,2.9748335871e+00,9.8511848294e-01,2.5915804572e-02
4.6890000000e+00,2.9758187185e+00,9.8514437947e-01,2.5877279250e-02
4.6900000000e+00,2.9768038758e+00,9.8517023751e-01,2.5838798470e-02
4.6910000000e+00,2.9777890590e+00,9.8519605709e-01,2.5800362205e-02
4.6920000000e+00,2.9787742679e+00,9.8522183825e-01,2.5761970424e-02
4.6930000000e+00,2.9797595026e+00,9.8524758104e-01,2.5723623101e-02
4.6940000000e+00,2.9807447631e+00,9.8527328551e-01,2.5685320204e-02
4.6950000000e+00,2.9817300492e+00,9.8529895170e-01,2.5647061707e-02
4.6960000000e+00,2.9827153610e+00,9.8532457965e-01,2.5608847580e-02
4.6970000000e+00,2.9837006983e+00,9.8535016941e-01,2.5570677795e-02
4.6980000000e+00,2.9846860613e+00,9.8537572102e-01,2.5532552322e-02
4.6990000000e+00,2.9856714498e+00,9.8540123453e-01,2.5494471132e-02
4.7000000000e+00,2.9866568637e+00,9.8542670997e-01,2.5456434197e-02
4.7010000000e+00,2.9876423032e+00,9.8545214741e-01,2.5418441488e-02
4.7020000000e+00,2.9886277680e+00,9.8547754687e-01,2.5380492977e-02
4.7030000000e+00,2.9896132583e+00,9.8550290841e-01,2.5342588633e-02
4.7040000000e+00,2.9905987738e+00,9.8552823206e-01,2.5304728428e-02
4.7050000000e+00,2.9915843147e+00,9.8555351788e-01,2.5266912333e-02
4.7060000000e+00,2.9925698809e+00,9.8557876590e-01,2.5229140320e-02
4.7070000000e+00,2.9935554722e+00,9.8560397618e-01,2.5191412358e-02
4.7080000000e+00,2.9945410888e+00,9.8562914874e-01,2.5153728420e-02
4.7090000000e+00,2.9955267305e+00,9.8565428365e-01,2.5116088475e-02
4.7100000000e+00,2.9965123973e+00,9.8567938093e-01,2.5078492496e-02
4.7110000000e+00,2.9974980893e+00,9.8570444065e-01,2.5040940452e-02
4.7120000000e+00,2.9984838062e+00,9.8572946283e-01,2.5003432315e-02
4.7130000000e+00,2.9994695482e+00,9.8575444753e-01,2.4965968055e-02
4.7140000000e+00,3.0004553151e+00,9.8577939478e-01,2.4928547644e-02
4.7150000000e+00,3.0014411069e+00,9.8580430464e-01,2.4891171052e-02
4.7160000000e+00,3.0024269237e+00,9.8582917714e-01,2.4853838250e-02
4.7170000000e+00,3.0034127653e+00,9.8585401233e-01,2.4816549209e-02
4.7180000000e+00,3.0043986317e+00,9.8587881025e-01,2.4779303900e-02
4.7190000000e+00,3.0053845229e+00,9.8590357095e-01,2.4742102293e-02
4.7200000000e+00,3.0063704388e+00,9.8592829447e-01,2.4704944359e-02
4.7210000000e+00,3.0073563795e+00,9.8595298085e-01,2.4667830069e-02
4.7220000000e+00,3.0083423448e+00,9.8597763014e-01,2.4630759393e-02
4.7230000000e+00,3.0093283347e+00,9.8600224239e-01,2.4593732302e-02
4.7240000000e+00,3.0103143493e+00,9.8602681762e-01,2.4556748768e-02
4.7250000000e+00,3.0113003883e+00,9.8605135590e-01,2.4519808759e-02
4.7260000000e+00,3.0122864520e+00,9.8607585726e-01,2.4482912248e-02
4.7270000000e+00,3.0132725400e+00,9.8610032174e-01,2.4446059205e-02
4.7280000000e+00,3.0142586526e+00,9.8612474939e-01,2.4409249600e-02
4.7290000000e+00,3.0152447895e+00,9.8614914025e-01,2.4372483403e-02
4.7300000000e+00,3.0162309509e+00,9.8617349437e-01,2.4335760586e-02
4.7310000000e+00,3.0172171365e+00,9.8619781179e-01,2.4299081119e-02
4.7320000000e+00,3.0182033465e+00,9.8622209255e-01,2.4262444972e-02
4.7330000000e+00,3.0191895807e+00,9.8624633669e-01,2.4225852117e-02
4.7340000000e+00,3.0201758391e+00,9.8627054427e-01,2.4189302522e-02
4.7350000000e+00,3.0211621218e+00,9.8629471531e-01,2.4152796160e-02
4.7360000000e+00,3.0221484285e+00,9.8631884987e-01,2.4116332999e-02
4.7370000000e+00,3.0231347594e+00,9.8634294799e-01,2.4079913012e-02
4.7380000000e+00,3.0241211144e+00,9.8636700971e-01,2.4043536168e-02
4.7390000000e+00,3.0251074935e+00,9.8639103508e-01,2.4007202437e-02
4.7400000000e+00,3.0260938965e+00,9.8641502413e-01,2.3970911790e-02
4.7410000000e+00,3.0270803235e+00,9.8643897692e-01,2.3934664197e-02
4.7420000000e+00,3.0280667744e+00,9.8646289347e-01,2.3898459629e-02
4.7430000000e+00,3.0290532493e+00,9.8648677385e-01,2.3862298055e-02
4.7440000000e+00,3.0300397480e+00,9.8651061808e-01,2.3826179447e-02
4.7450000000e+00,3.0310262705e+00,9.8653442622e-01,2.3790103775e-02
4.7460000000e+00,3.0320128168e+00,9.8655819831e-01,2.3754071008e-02
4.7470000000e+00,3.0329993869e+00,9.8658193438e-01,2.3718081117e-02
4.7480000000e+00,3.0339859807e+00,9.8660563448e-01,2.3682134073e-02
4.7490000000e+00,3.0349725981e+00,9.8662929866e-01,2.3646229844e-02
4.7500000000e+00,3.0359592392e+00,9.8665292696e-01,2.3610368403e-02
4.7510000000e+00,3.0369459040e+00,9.8667651941e-01,2.3574549718e-02
4.7520000000e+00,3.0379325923e+00,9.8670007607e-01,2.3538773761e-02
4.7530000000e+00,3.0389193041e+00,9.8672359697e-01,2.3503040500e-02
4.7540000000e+00,3.0399060395e+00,9.8674708217e-01,2.3467349907e-02
4.7550000000e+00,3.0408927983e+00,9.8677053169e-01,2.3431701952e-02
4.7560000000e+00,3.0418795805e+00,9.8679394558e-01,2.3396096604e-02
4.7570000000e+00,3.0428663861e+00,9.8681732390e-01,2.3360533833e-02
4.7580000000e+00,3.0438532151e+00,9.8684066667e-01,2.3325013611e-02
4.7590000000e+00,3.0448400675e+00,9.8686397394e-01,2.3289535906e-02
4.7600000000e+00,3.0458269431e+00,9.8688724575e-01,2.3254100689e-02
4.7610000000e+00,3.0468138419e+00,9.8691048215e-01,2.3218707929e-02
4.7620000000e+00,3.0478007640e+00,9.8693368318e-01,2.3183357598e-02
4.7630000000e+00,3.0487877093e+00,9.8695684888e-01,2.3148049664e-02
4.7640000000e+00,3.0497746777e+00,9.8697997930e-01,2.3112784098e-02
4.7650000000e+00,3.0507616693e+00,9.8700307446e-01,2.3077560871e-02
4.7660000000e+00,3.0517486839e+00,9.8702613443e-01,2.3042379950e-02
4.7670000000e+00,3.0527357215e+00,9.8704915924e-01,2.3007241308e-02
4.7680000000e+00,3.0537227822e+00,9.8707214893e-01,2.2972144913e-02
4.7690000000e+00,3.0547098658e+00,9.8709510354e-01,2.2937090736e-02
4.7700000000e+00,3.0556969724e+00,9.8711802312e-01,2.2902078746e-02
4.7710000000e+00,3.0566841018e+00,9.8714090771e-01,2.2867108913e-02
4.7720000000e+00,3.0576712542e+00,9.8716375736e-01,2.2832181207e-02
4.7730000000e+00,3.0586584293e+00,9.8718657209e-01,2.2797295599e-02
4.7740000000e+00,3.0596456273e+00,9.8720935196e-01,2.2762452057e-02
4.7750000000e+00,3.0606328480e+00,9.8723209701e-01,2.2727650552e-02
4.7760000000e+00,3.0616200915e+00,9.8725480728e-01,2.2692891053e-02
4.7770000000e+00,3.0626073576e+00,9.8727748280e-01,2.2658173530e-02
4.7780000000e+00,3.0635946464e+00,9.8730012364e-01,2.2623497954e-02
4.7790000000e+00,3.0645819579e+00,9.8732272981e-01,2.2588864293e-02
4.7800000000e+00,3.0655692919e+00,9.8734530138e-01,2.2554272518e-02
4.7810000000e+00,3.0665566485e+00,9.8736783837e-01,2.2519722598e-02
4.7820000000e+00,3.0675440275e+00,9.8739034084e-01,2.2485214503e-02
4.7830000000e+00,3.0685314291e+00,9.8741280882e-01,2.2450748202e-02
4.7840000000e+00,3.0695188532e+00,9.8743524235e-01,2.2416323666e-02
4.7850000000e+00,3.0705062996e+00,9.8745764148e-01,2.2381940864e-02
4.7860000000e+00,3.0714937684e+00,9.8748000624e-01,2.2347599766e-02
4.7870000000e+00,3.0724812596e+00,9.8750233669e-01,2.2313300340e-02
4.7880000000e+00,3.0734687731e+00,9.8752463286e-01,2.2279042558e-02
4.7890000000e+00,3.0744563089e+00,9.8754689479e-01,2.2244826389e-02
4.7900000000e+00,3.0754438669e+00,9.8756912253e-01,2.2210651801e-02
4.7910000000e+00,3.0764314471e+00,9.8759131611e-01,2.2176518766e-02
4.7920000000e+00,3.0774190495e+00,9.8761347558e-01,2.2142427251e-02
4.7930000000e+00,3.0784066740e+00,9.8763560098e-01,2.2108377228e-02
4.7940000000e+00,3.0793943207e+00,9.8765769235e-01,2.2074368665e-02
4.7950000000e+00,3.0803819894e+00,9.8767974973e-01,2.2040401532e-02
4.7960000000e+00,3.0813696802e+00,9.8770177316e-01,2.2006475799e-02
4.7970000000e+00,3.0823573929e+00,9.8772376269e-01,2.1972591435e-02
4.7980000000e+00,3.0833451277e+00,9.8774571836e-01,2.1938748409e-02
4.7990000000e+00,3.0843328844e+00,9.8776764020e-01,2.1904946692e-02
4.8000000000e+00,3.0853206629e+00,9.8778952827e-01,2.1871186252e-02
4.8010000000e+00,3.0863084634e+00,9.8781138259e-01,2.1837467059e-02
4.8020000000e+00,3.0872962857e+00,9.8783320321e-01,2.1803789082e-02
4.8030000000e+00,3.0882841298e+00,9.8785499018e-01,2.1770152292e-02
4.8040000000e+00,3.0892719957e+00,9.8787674353e-01,2.1736556656e-02
4.8050000000e+00,3.0902598833e+00,9.8789846331e-01,2.1703002146e-02
4.8060000000e+00,3.0912477926e+00,9.8792014955e-01,2.1669488729e-02
4.8070000000e+00,3.0922357236e+00,9.8794180230e-01,2.1636016376e-02
4.8080000000e+00,3.0932236762e+00,9.8796342160e-01,2.1602585056e-02
4.8090000000e+00,3.0942116504e+00,9.8798500748e-01,2.1569194738e-02
4.8100000000e+00,3.0951996462e+00,9.8800656000e-01,2.1535845392e-02
4.8110000000e+00,3.0961876635e+00,9.8802807919e-01,2.1502536987e-02
4.8120000000e+00,3.0971757023e+00,9.8804956509e-01,2.1469269492e-02
4.8130000000e+00,3.0981637626e+00,9.8807101774e-01,2.1436042877e-02
4.8140000000e+00,3.0991518444e+00,9.8809243719e-01,2.1402857111e-02
4.8150000000e+00,3.1001399475e+00,9.8811382347e-01,2.1369712163e-02
4.8160000000e+00,3.1011280720e+00,9.8813517662e-01,2.1336608002e-02
4.8170000000e+00,3.1021162178e+00,9.8815649670e-01,2.1303544599e-02
4.8180000000e+00,3.1031043850e+00,9.8817778373e-01,2.1270521921e-02
4.8190000000e+00,3.1040925734e+00,9.8819903775e-01,2.1237539938e-02
4.8200000000e+00,3.1050807830e+00,9.8822025882e-01,2.1204598621e-02
4.8210000000e+00,3.1060690139e+00,9.8824144697e-01,2.1171697936e-02
4.8220000000e+00,3.1070572659e+00,9.8826260223e-01,2.1138837855e-02
4.8230000000e+00,3.1080455391e+00,9.8828372465e-01,2.1106018346e-02
4.8240000000e+00,3.1090338334e+00,9.8830481428e-01,2.1073239379e-02
4.8250000000e+00,3.1100221487e+00,9.8832587115e-01,2.1040500922e-02
4.8260000000e+00,3.1110104851e+00,9.8834689530e-01,2.1007802945e-02
4.8270000000e+00,3.1119988425e+00,9.8836788677e-01,2.0975145416e-02
4.8280000000e+00,3.1129872209e+00,9.8838884560e-01,2.0942528306e-02
4.8290000000e+00,3.1139756202e+00,9.8840977184e-01,2.0909951583e-02
4.8300000000e+00,3.1149640404e+00,9.8843066552e-01,2.0877415216e-02
4.8310000000e+00,3.1159524815e+00,9.8845152668e-01,2.0844919175e-02
4.8320000000e+00,3.1169409434e+00,9.8847235537e-01,2.0812463429e-02
4.8330000000e+00,3.1179294262e+00,9.8849315162e-01,2.0780047946e-02
4.8340000000e+00,3.1189179297e+00,9.8851391548e-01,2.0747672695e-02
4.8350000000e+00,3.1199064540e+00,9.8853464698e-01,2.0715337647e-02
4.8360000000e+00,3.1208949990e+00,9.8855534617e-01,2.0683042769e-02
4.8370000000e+00,3.1218835647e+00,9.8857601308e-01,2.0650788032e-02
4.8380000000e+00,3.1228721510e+00,9.8859664776e-01,2.0618573403e-02
4.8390000000e+00,3.1238607580e+00,9.8861725024e-01,2.0586398853e-02
4.8400000000e+00,3.1248493855e+00,9.8863782057e-01,2.0554264349e-02
4.8410000000e+00,3.1258380336e+00,9.8865835878e-01,2.0522169862e-02
4.8420000000e+00,3.1268267022e+00,9.8867886492e-01,2.0490115360e-02
4.8430000000e+00,3.1278153913e+00,9.8869933902e-01,2.0458100812e-02
4.8440000000e+00,3.1288041009e+00,9.8871978113e-01,2.0426126187e-02
4.8450000000e+00,3.1297928309e+00,9.8874019129e-01,2.0394191454e-02
4.8460000000e+00,3.1307815813e+00,9.8876056953e-01,2.0362296583e-02
4.8470000000e+00,3.1317703520e+00,9.8878091590e-01,2.0330441541e-02
4.8480000000e+00,3.1327591431e+00,9.8880123043e-01,2.0298626298e-02
4.8490000000e+00,3.1337479545e+00,9.8882151316e-01,2.0266850823e-02
4.8500000000e+00,3.1347367861e+00,9.8884176414e-01,2.0235115085e-02
4.8510000000e+00,3.1357256380e+00,9.8886198341e-01,2.0203419053e-02
4.8520000000e+00,3.1367145100e+00,9.8888217099e-01,2.0171762696e-02
4.8530000000e+00,3.1377034023e+00,9.8890232694e-01,2.0140145982e-02
4.8540000000e+00,3.1386923147e+00,9.8892245130e-01,2.0108568881e-02
4.8550000000e+00,3.1396812472e+00,9.8894254410e-01,2.0077031361e-02
4.8560000000e+00,3.1406701998e+00,9.8896260537e-01,2.0045533392e-02
4.8570000000e+00,3.1416591724e+00,9.8898263518e-01,2.0014074942e-02
4.8580000000e+00,3.1426481650e+00,9.8900263354e-01,1.9982655979e-02
4.8590000000e+00,3.1436371776e+00,9.8902260050e-01,1.9951276474e-02
4.8600000000e+00,3.1446262102e+00,9.8904253610e-01,1.9919936394e-02
4.8610000000e+00,3.1456152627e+00,9.8906244039e-01,1.9888635710e-02
4.8620000000e+00,3.1466043351e+00,9.8908231339e-01,1.9857374388e-02
4.8630000000e+00,3.1475934273e+00,9.8910215515e-01,1.9826152399e-02
4.8640000000e+00,3.1485825394e+00,9.8912196571e-01,1.9794969711e-02
4.8650000000e+00,3.1495716712e+00,9.8914174510e-01,1.9763826292e-02
4.8660000000e+00,3.1505608229e+00,9.8916149337e-01,1.9732722113e-02
4.8670000000e+00,3.1515499942e+00,9.8918121056e-01,1.9701657141e-02
4.8680000000e+00,3.1525391853e+00,9.8920089670e-01,1.9670631345e-02
4.8690000000e+00,3.1535283960e+00,9.8922055183e-01,1.9639644694e-02
4.8700000000e+00,3.1545176264e+00,9.8924017600e-01,1.9608697157e-02
4.8710000000e+00,3.1555068763e+00,9.8925976924e-01,1.9577788703e-02
4.8720000000e+00,3.1564961459e+00,9.8927933159e-01,1.9546919300e-02
4.8730000000e+00,3.1574854350e+00,9.8929886309e-01,1.9516088917e-02
4.8740000000e+00,3.1584747436e+00,9.8931836378e-01,1.9485297523e-02
4.8750000000e+00,3.1594640717e+00,9.8933783370e-01,1.9454545087e-02
4.8760000000e+00,3.1604534193e+00,9.8935727289e-01,1.9423831576e-02
4.8770000000e+00,3.1614427863e+00,9.8937668138e-01,1.9393156961e-02
4.8780000000e+00,3.1624321726e+00,9.8939605921e-01,1.9362521210e-02
4.8790000000e+00,3.1634215784e+00,9.8941540643e-01,1.9331924291e-02
4.8800000000e+00,3.1644110034e+00,9.8943472307e-01,1.9301366173e-02
4.8810000000e+00,3.1654004478e+00,9.8945400918e-01,1.9270846825e-02
4.8820000000e+00,3.1663899114e+00,9.8947326478e-01,1.9240366215e-02
4.8830000000e+00,3.1673793943e+00,9.8949248992e-01,1.9209924313e-02
4.8840000000e+00,3.1683688964e+00,9.8951168464e-01,1.9179521086e-02
4.8850000000e+00,3.1693584177e+00,9.8953084898e-01,1.9149156504e-02
4.8860000000e+00,3.1703479581e+00,9.8954998297e-01,1.9118830536e-02
4.8870000000e+00,3.1713375176e+00,9.8956908665e-01,1.9088543149e-02
4.8880000000e+00,3.1723270963e+00,9.8958816007e-01,1.9058294312e-02
4.8890000000e+00,3.1733166939e+00,9.8960720325e-01,1.9028083995e-02
4.8900000000e+00,3.1743063107e+00,9.8962621625e-01,1.8997912165e-02
4.8910000000e+00,3.1752959464e+00,9.8964519909e-01,1.8967778792e-02
4.8920000000e+00,3.1762856010e+00,9.8966415182e-01,1.8937683844e-02
4.8930000000e+00,3.1772752747e+00,9.8968307447e-01,1.8907627289e-02
4.8940000000e+00,3.1782649672e+00,9.8970196709e-01,1.8877609096e-02
4.8950000000e+00,3.1792546786e+00,9.8972082970e-01,1.8847629235e-02
4.8960000000e+00,3.1802444088e+00,9.8973966236e-01,1.8817687673e-02
4.8970000000e+00,3.1812341579e+00,9.8975846509e-01,1.8787784378e-02
4.8980000000e+00,3.1822239258e+00,9.8977723794e-01,1.8757919321e-02
4.8990000000e+00,3.1832137124e+00,9.8979598094e-01,1.8728092468e-02
4.9000000000e+00,3.1842035177e+00,9.8981469414e-01,1.8698303789e-02
4.9010000000e+00,3.1851933417e+00,9.8983337756e-01,1.8668553253e-02
4.9020000000e+00,3.1861831844e+00,9.8985203126e-01,1.8638840827e-02
4.9030000000e+00,3.1871730458e+00,9.8987065526e-01,1.8609166481e-02
4.9040000000e+00,3.1881629257e+00,9.8988924960e-01,1.8579530183e-02
4.9050000000e+00,3.1891528243e+00,9.8990781433e-01,1.8549931901e-02
4.9060000000e+00,3.1901427414e+00,9.8992634948e-01,1.8520371605e-02
4.9070000000e+00,3.1911326770e+00,9.8994485509e-01,1.8490849262e-02
4.9080000000e+00,3.1921226311e+00,9.8996333119e-01,1.8461364841e-02
4.9090000000e+00,3.1931126036e+00,9.8998177783e-01,1.8431918311e-02
4.9100000000e+00,3.1941025946e+00,9.9000019504e-01,1.8402509640e-02
4.9110000000e+00,3.1950926040e+00,9.9001858286e-01,1.8373138797e-02
4.9120000000e+00,3.1960826318e+00,9.9003694133e-01,1.8343805750e-02
4.9130000000e+00,3.1970726779e+00,9.9005527048e-01,1.8314510467e-02
4.9140000000e+00,3.1980627423e+00,9.9007357036e-01,1.8285252918e-02
4.9150000000e+00,3.1990528250e+00,9.9009184100e-01,1.8256033071e-02
4.9160000000e+00,3.2000429260e+00,9.9011008244e-01,1.8226850893e-02
4.9170000000e+00,3.2010330452e+00,9.9012829472e-01,1.8197706355e-02
4.9180000000e+00,3.2020231826e+00,9.9014647787e-01,1.8168599423e-02
4.9190000000e+00,3.2030133381e+00,9.9016463193e-01,1.8139530068e-02
4.9200000000e+00,3.2040035118e+00,9.9018275694e-01,1.8110498256e-02
4.9210000000e+00,3.2049937036e+00,9.9020085294e-01,1.8081503957e-02
4.9220000000e+00,3.2059839135e+00,9.9021891996e-01,1.8052547139e-02
4.9230000000e+00,3.2069741414e+00,9.9023695804e-01,1.8023627771e-02
4.9240000000e+00,3.2079643874e+00,9.9025496723e-01,1.7994745821e-02
4.9250000000e+00,3.2089546514e+00,9.9027294755e-01,1.7965901257e-02
4.9260000000e+00,3.2099449333e+00,9.9029089904e-01,1.7937094048e-02
4.9270000000e+00,3.2109352332e+00,9.9030882175e-01,1.7908324162e-02
4.9280000000e+00,3.2119255509e+00,9.9032671570e-01,1.7879591568e-02
4.9290000000e+00,3.2129158866e+00,9.9034458094e-01,1.7850896235e-02
4.9300000000e+00,3.2139062401e+00,9.9036241751e-01,1.7822238130e-02
4.9310000000e+00,3.2148966114e+00,9.9038022543e-01,1.7793617222e-02
4.9320000000e+00,3.2158870005e+00,9.9039800475e-01,1.7765033479e-02
4.9330000000e+00,3.2168774074e+00,9.9041575551e-01,1.7736486871e-02
4.9340000000e+00,3.2178678320e+00,9.9043347774e-01,1.7707977365e-02
4.9350000000e+00,3.2188582744e+00,9.9045117148e-01,1.7679504930e-02
4.9360000000e+00,3.2198487344e+00,9.9046883676e-01,1.7651069534e-02
4.9370000000e+00,3.2208392120e+00,9.9048647363e-01,1.7622671145e-02
4.9380000000e+00,3.2218297073e+00,9.9050408212e-01,1.7594309733e-02
4.9390000000e+00,3.2228202202e+00,9.9052166226e-01,1.7565985265e-02
4.9400000000e+00,3.2238107506e+00,9.9053921410e-01,1.7537697710e-02
4.9410000000e+00,3.2248012986e+00,9.9055673767e-01,1.7509447036e-02
4.9420000000e+00,3.2257918641e+00,9.9057423301e-01,1.7481233212e-02
4.9430000000e+00,3.2267824470e+00,9.9059170015e-01,1.7453056206e-02
4.9440000000e+00,3.2277730475e+00,9.9060913913e-01,1.7424915986e-02
4.9450000000e+00,3.2287636653e+00,9.9062654999e-01,1.7396812521e-02
4.9460000000e+00,3.2297543006e+00,9.9064393277e-01,1.7368745779e-02
4.9470000000e+00,3.2307449532e+00,9.9066128750e-01,1.7340715729e-02
4.9480000000e+00,3.2317356231e+00,9.9067861421e-01,1.7312722339e-02
4.9490000000e+00,3.2327263104e+00,9.9069591295e-01,1.7284765577e-02
4.9500000000e+00,3.2337170149e+00,9.9071318376e-01,1.7256845412e-02
4.9510000000e+00,3.2347077367e+00,9.9073042666e-01,1.7228961812e-02
4.9520000000e+00,3.2356984758e+00,9.9074764169e-01,1.7201114745e-02
4.9530000000e+00,3.2366892320e+00,9.9076482890e-01,1.7173304180e-02
4.9540000000e+00,3.2376800054e+00,9.9078198831e-01,1.7145530086e-02
4.9550000000e+00,3.2386707960e+00,9.9079911997e-01,1.7117792430e-02
4.9560000000e+00,3.2396616037e+00,9.9081622391e-01,1.7090091181e-02
4.9570000000e+00,3.2406524284e+00,9.9083330016e-01,1.7062426307e-02
4.9580000000e+00,3.2416432703e+00,9.9085034877e-01,1.7034797777e-02
4.9590000000e+00,3.2426341291e+00,9.9086736977e-01,1.7007205559e-02
4.9600000000e+00,3.2436250050e+00,9.9088436320e-01,1.6979649621e-02
4.9610000000e+00,3.2446158978e+00,9.9090132908e-01,1.6952129932e-02
4.9620000000e+00,3.2456068076e+00,9.9091826747e-01,1.6924646461e-02
4.9630000000e+00,3.2465977344e+00,9.9093517839e-01,1.6897199174e-02
4.9640000000e+00,3.2475886780e+00,9.9095206188e-01,1.6869788041e-02
4.9650000000e+00,3.2485796385e+00,9.9096891798e-01,1.6842413031e-02
4.9660000000e+00,3.2495706158e+00,9.9098574672e-01,1.6815074111e-02
4.9670000000e+00,3.2505616100e+00,9.9100254814e-01,1.6787771250e-02
4.9680000000e+00,3.2515526209e+00,9.9101932227e-01,1.6760504416e-02
4.9690000000e+00,3.2525436486e+00,9.9103606916e-01,1.6733273577e-02
4.9700000000e+00,3.2535346930e+00,9.9105278883e-01,1.6706078702e-02
4.9710000000e+00,3.2545257542e+00,9.9106948133e-01,1.6678919760e-02
4.9720000000e+00,3.2555168320e+00,9.9108614668e-01,1.6651796718e-02
4.9730000000e+00,3.2565079264e+00,9.9110278493e-01,1.6624709545e-02
4.9740000000e+00,3.2574990375e+00,9.9111939611e-01,1.6597658209e-02
4.9750000000e+00,3.2584901652e+00,9.9113598026e-01,1.6570642679e-02
4.9760000000e+00,3.2594813095e+00,9.9115253741e-01,1.6543662922e-02
4.9770000000e+00,3.2604724703e+00,9.9116906760e-01,1.6516718908e-02
4.9780000000e+00,3.2614636476e+00,9.9118557086e-01,1.6489810604e-02
4.9790000000e+00,3.2624548414e+00,9.9120204723e-01,1.6462937980e-02
4.9800000000e+00,3.2634460517e+00,9.9121849675e-01,1.6436101002e-02
4.9810000000e+00,3.2644372784e+00,9.9123491945e-01,1.6409299640e-02
4.9820000000e+00,3.2654285215e+00,9.9125131536e-01,1.6382533862e-02
4.9830000000e+00,3.2664197810e+00,9.9126768453e-01,1.6355803636e-02
4.9840000000e+00,3.2674110569e+00,9.9128402698e-01,1.6329108931e-02
4.9850000000e+00,3.2684023491e+00,9.9130034275e-01,1.6302449715e-02
4.9860000000e+00,3.2693936576e+00,9.9131663189e-01,1.6275825955e-02
4.9870000000e+00,3.2703849823e+00,9.9133289442e-01,1.6249237622e-02
4.9880000000e+00,3.2713763234e+00,9.9134913038e-01,1.6222684682e-02
4.9890000000e+00,3.2723676806e+00,9.9136533980e-01,1.6196167105e-02
4.9900000000e+00,3.2733590540e+00,9.9138152272e-01,1.6169684858e-02
4.9910000000e+00,3.2743504436e+00,9.9139767918e-01,1.6143237910e-02
4.9920000000e+00,3.2753418494e+00,9.9141380921e-01,1.6116826229e-02
4.9930000000e+00,3.2763332712e+00,9.9142991285e-01,1.6090449784e-02
4.9940000000e+00,3.2773247092e+00,9.9144599012e-01,1.6064108543e-02
4.9950000000e+00,3.2783161632e+00,9.9146204107e-01,1.6037802473e-02
4.9960000000e+00,3.2793076333e+00,9.9147806574e-01,1.6011531545e-02
4.9970000000e+00,3.2802991193e+00,9.9149406415e-01,1.5985295725e-02
4.9980000000e+00,3.2812906214e+00,9.9151003634e-01,1.5959094983e-02
4.9990000000e+00,3.2822821394e+00,9.9152598235e-01,1.5932929286e-02
5.0000000000e+00,3.2832736733e+00,9.9154190221e-01,1.5906798603e-02
5.0010000000e+00,3.2842652232e+00,9.9155779596e-01,1.5880702902e-02
5.0020000000e+00,3.2852567889e+00,9.9157366363e-01,1.5854642152e-02
5.0030000000e+00,3.2862483705e+00,9.9158950526e-01,1.5828616321e-02
5.0040000000e+00,3.2872399679e+00,9.9160532087e-01,1.5802625377e-02
5.0050000000e+00,3.2882315811e+00,9.9162111052e-01,1.5776669289e-02
5.0060000000e+00,3.2892232101e+00,9.9163687422e-01,1.5750748024e-02
5.0070000000e+00,3.2902148549e+00,9.9165261203e-01,1.5724861552e-02
5.0080000000e+00,3.2912065153e+00,9.9166832396e-01,1.5699009841e-02
5.0090000000e+00,3.2921981915e+00,9.9168401006e-01,1.5673192858e-02
5.0100000000e+00,3.2931898834e+00,9.9169967036e-01,1.5647410573e-02
5.0110000000e+00,3.2941815909e+00,9.9171530489e-01,1.5621662953e-02
5.0120000000e+00,3.2951733140e+00,9.9173091369e-01,1.5595949968e-02
5.0130000000e+00,3.2961650527e+00,9.9174649680e-01,1.5570271585e-02
5.0140000000e+00,3.2971568069e+00,9.9176205425e-01,1.5544627772e-02
5.0150000000e+00,3.2981485768e+00,9.9177758607e-01,1.5519018499e-02
5.0160000000e+00,3.2991403621e+00,9.9179309230e-01,1.5493443733e-02
5.0170000000e+00,3.3001321629e+00,9.9180857297e-01,1.5467903443e-02
5.0180000000e+00,3.3011239792e+00,9.9182402811e-01,1.5442397597e-02
5.0190000000e+00,3.3021158110e+00,9.9183945777e-01,1.5416926163e-02
5.0200000000e+00,3.3031076582e+00,9.9185486198e-01,1.5391489111e-02
5.0210000000e+00,3.3040995207e+00,9.9187024076e-01,1.5366086407e-02
5.0220000000e+00,3.3050913986e+00,9.9188559416e-01,1.5340718021e-02
5.0230000000e+00,3.3060832919e+00,9.9190092221e-01,1.5315383921e-02
5.0240000000e+00,3.3070752005e+00,9.9191622494e-01,1.5290084076e-02
5.0250000000e+00,3.3080671243e+00,9.9193150239e-01,1.5264818453e-02
5.0260000000e+00,3.3090590635e+00,9.9194675459e-01,1.5239587021e-02
5.0270000000e+00,3.3100510178e+00,9.9196198158e-01,1.5214389749e-02
5.0280000000e+00,3.3110429874e+00,9.9197718338e-01,1.5189226604e-02
5.0290000000e+00,3.3120349722e+00,9.9199236004e-01,1.5164097556e-02
5.0300000000e+00,3.3130269721e+00,9.9200751159e-01,1.5139002573e-02
5.0310000000e+00,3.3140189872e+00,9.9202263806e-01,1.5113941622e-02
5.0320000000e+00,3.3150110174e+00,9.9203773948e-01,1.5088914672e-02
5.0330000000e+00,3.3160030627e+00,9.9205281590e-01,1.5063921693e-02
5.0340000000e+00,3.3169951230e+00,9.9206786734e-01,1.5038962651e-02
5.0350000000e+00,3.3179871984e+00,9.9208289383e-01,1.5014037517e-02
5.0360000000e+00,3.3189792888e+00,9.9209789542e-01,1.4989146257e-02
5.0370000000e+00,3.3199713942e+00,9.9211287214e-01,1.4964288840e-02
5.0380000000e+00,3.3209635145e+00,9.9212782401e-01,1.4939465235e-02
5.0390000000e+00,3.3219556498e+00,9.9214275108e-01,1.4914675411e-02
5.0400000000e+00,3.3229478000e+00,9.9215765337e-01,1.4889919334e-02
5.0410000000e+00,3.3239399651e+00,9.9217253093e-01,1.4865196975e-02
5.0420000000e+00,3.3249321451e+00,9.9218738378e-01,1.4840508302e-02
5.0430000000e+00,3.3259243399e+00,9.9220221196e-01,1.4815853282e-02
5.0440000000e+00,3.3269165495e+00,9.9221701550e-01,1.4791231884e-02
5.0450000000e+00,3.3279087739e+00,9.9223179443e-01,1.4766644077e-02
5.0460000000e+00,3.3289010131e+00,9.9224654880e-01,1.4742089829e-02
5.0470000000e+00,3.3298932670e+00,9.9226127862e-01,1.4717569109e-02
5.0480000000e+00,3.3308855356e+00,9.9227598395e-01,1.4693081884e-02
5.0490000000e+00,3.3318778190e+00,9.9229066480e-01,1.4668628124e-02
5.0500000000e+00,3.3328701169e+00,9.9230532121e-01,1.4644207797e-02
5.0510000000e+00,3.3338624296e+00,9.9231995322e-01,1.4619820871e-02
5.0520000000e+00,3.3348547568e+00,9.9233456087e-01,1.4595467315e-02
5.0530000000e+00,3.3358470987e+00,9.9234914417e-01,1.4571147097e-02
5.0540000000e+00,3.3368394551e+00,9.9236370317e-01,1.4546860186e-02
5.0550000000e+00,3.3378318261e+00,9.9237823790e-01,1.4522606550e-02
5.0560000000e+00,3.3388242116e+00,9.9239274840e-01,1.4498386157e-02
5.0570000000e+00,3.3398166116e+00,9.9240723469e-01,1.4474198976e-02
5.0580000000e+00,3.3408090261e+00,9.9242169680e-01,1.4450044976e-02
5.0590000000e+00,3.3418014550e+00,9.9243613479e-01,1.4425924125e-02
5.0600000000e+00,3.3427938983e+00,9.9245054866e-01,1.4401836392e-02
5.0610000000e+00,3.3437863561e+00,9.9246493847e-01,1.4377781744e-02
5.0620000000e+00,3.3447788282e+00,9.9247930424e-01,1.4353760151e-02
5.0630000000e+00,3.3457713147e+00,9.9249364600e-01,1.4329771580e-02
5.0640000000e+00,3.3467638155e+00,9.9250796379e-01,1.4305816001e-02
5.0650000000e+00,3.3477563306e+00,9.9252225764e-01,1.4281893382e-02
5.0660000000e+00,3.3487488600e+00,9.9253652759e-01,1.4258003692e-02
5.0670000000e+00,3.3497414036e+00,9.9255077366e-01,1.4234146898e-02
5.0680000000e+00,3.3507339615e+00,9.9256499590e-01,1.4210322970e-02
5.0690000000e+00,3.3517265336e+00,9.9257919432e-01,1.4186531876e-02
5.0700000000e+00,3.3527191199e+00,9.9259336897e-01,1.4162773584e-02
5.0710000000e+00,3.3537117203e+00,9.9260751988e-01,1.4139048064e-02
5.0720000000e+00,3.3547043349e+00,9.9262164708e-01,1.4115355283e-02
5.0730000000e+00,3.3556969636e+00,9.9263575060e-01,1.4091695210e-02
5.0740000000e+00,3.3566896064e+00,9.9264983048e-01,1.4068067813e-02
5.0750000000e+00,3.3576822633e+00,9.9266388675e-01,1.4044473062e-02
5.0760000000e+00,3.3586749342e+00,9.9267791944e-01,1.4020910925e-02
5.0770000000e+00,3.3596676191e+00,9.9269192858e-01,1.3997381370e-02
5.0780000000e+00,3.3606603180e+00,9.9270591421e-01,1.3973884365e-02
5.0790000000e+00,3.3616530309e+00,9.9271987636e-01,1.3950419881e-02
5.0800000000e+00,3.3626457578e+00,9.9273381506e-01,1.3926987884e-02
5.0810000000e+00,3.3636384986e+00,9.9274773034e-01,1.3903588343e-02
5.0820000000e+00,3.3646312532e+00,9.9276162225e-01,1.3880221228e-02
5.0830000000e+00,3.3656240218e+00,9.9277549080e-01,1.3856886507e-02
5.0840000000e+00,3.3666168042e+00,9.9278933603e-01,1.3833584148e-02
5.0850000000e+00,3.3676096005e+00,9.9280315798e-01,1.3810314119e-02
5.0860000000e+00,3.3686024105e+00,9.9281695667e-01,1.3787076391e-02
5.0870000000e+00,3.3695952344e+00,9.9283073214e-01,1.3763870930e-02
5.0880000000e+00,3.3705880720e+00,9.9284448442e-01,1.3740697706e-02
5.0890000000e+00,3.3715809233e+00,9.9285821355e-01,1.3717556688e-02
5.0900000000e+00,3.3725737884e+00,9.9287191955e-01,1.3694447843e-02
5.0910000000e+00,3.3735666672e+00,9.9288560245e-01,1.3671371142e-02
5.0920000000e+00,3.3745595596e+00,9.9289926230e-01,1.3648326551e-02
5.0930000000e+00,3.3755524657e+00,9.9291289912e-01,1.3625314040e-02
5.0940000000e+00,3.3765453854e+00,9.9292651294e-01,1.3602333578e-02
5.0950000000e+00,3.3775383187e+00,9.9294010379e-01,1.3579385133e-02
5.0960000000e+00,3.3785312656e+00,9.9295367172e-01,1.3556468674e-02
5.0970000000e+00,3.3795242260e+00,9.9296721674e-01,1.3533584170e-02
5.0980000000e+00,3.3805172000e+00,9.9298073890e-01,1.3510731588e-02
5.0990000000e+00,3.3815101875e+00,9.9299423822e-01,1.3487910899e-02
5.1000000000e+00,3.3825031885e+00,9.9300771473e-01,1.3465122070e-02
5.1010000000e+00,3.3834962029e+00,9.9302116847e-01,1.3442365070e-02
5.1020000000e+00,3.3844892308e+00,9.9303459947e-01,1.3419639868e-02
5.1030000000e+00,3.3854822721e+00,9.9304800776e-01,1.3396946433e-02
5.1040000000e+00,3.3864753268e+00,9.9306139337e-01,1.3374284733e-02
5.1050000000e+00,3.3874683949e+00,9.9307475634e-01,1.3351654737e-02
5.1060000000e+00,3.3884614763e+00,9.9308809669e-01,1.3329056414e-02
5.1070000000e+00,3.3894545711e+00,9.9310141447e-01,1.3306489732e-02
5.1080000000e+00,3.3904476791e+00,9.9311470968e-01,1.3283954661e-02
5.1090000000e+00,3.3914408005e+00,9.9312798238e-01,1.3261451169e-02
5.1100000000e+00,3.3924339351e+00,9.9314123260e-01,1.3238979224e-02
5.1110000000e+00,3.3934270829e+00,9.9315446035e-01,1.3216538796e-02
5.1120000000e+00,3.3944202440e+00,9.9316766569e-01,1.3194129853e-02
5.1130000000e+00,3.3954134183e+00,9.9318084862e-01,1.3171752364e-02
5.1140000000e+00,3.3964066057e+00,9.9319400920e-01,1.3149406298e-02
5.1150000000e+00,3.3973998063e+00,9.9320714745e-01,1.3127091623e-02
5.1160000000e+00,3.3983930200e+00,9.9322026339e-01,1.3104808309e-02
5.1170000000e+00,3.3993862468e+00,9.9323335707e-01,1.3082556324e-02
5.1180000000e+00,3.4003794867e+00,9.9324642852e-01,1.3060335637e-02
5.1190000000e+00,3.4013727396e+00,9.9325947776e-01,1.3038146216e-02
5.1200000000e+00,3.4023660056e+00,9.9327250482e-01,1.3015988031e-02
5.1210000000e+00,3.4033592847e+00,9.9328550974e-01,1.2993861050e-02
5.1220000000e+00,3.4043525767e+00,9.9329849255e-01,1.2971765243e-02
5.1230000000e+00,3.4053458816e+00,9.9331145328e-01,1.2949700578e-02
5.1240000000e+00,3.4063391996e+00,9.9332439196e-01,1.2927667023e-02
5.1250000000e+00,3.4073325304e+00,9.9333730863e-01,1.2905664548e-02
5.1260000000e+00,3.4083258742e+00,9.9335020330e-01,1.2883693122e-02
5.1270000000e+00,3.4093192308e+00,9.9336307602e-01,1.2861752713e-02
5.1280000000e+00,3.4103126003e+00,9.9337592682e-01,1.2839843291e-02
5.1290000000e+00,3.4113059827e+00,9.9338875572e-01,1.2817964824e-02
5.1300000000e+00,3.4122993778e+00,9.9340156276e-01,1.2796117280e-02
5.1310000000e+00,3.4132927858e+00,9.9341434797e-01,1.2774300630e-02
5.1320000000e+00,3.4142862065e+00,9.9342711137e-01,1.2752514842e-02
5.1330000000e+00,3.4152796400e+00,9.9343985301e-01,1.2730759884e-02
5.1340000000e+00,3.4162730862e+00,9.9345257290e-01,1.2709035726e-02
5.1350000000e+00,3.4172665451e+00,9.9346527109e-01,1.2687342337e-02
5.1360000000e+00,3.4182600167e+00,9.9347794760e-01,1.2665679686e-02
5.1370000000e+00,3.4192535010e+00,9.9349060246e-01,1.2644047740e-02
5.1380000000e+00,3.4202469979e+00,9.9350323570e-01,1.2622446471e-02
5.1390000000e+00,3.4212405075e+00,9.9351584736e-01,1.2600875845e-02
5.1400000000e+00,3.4222340296e+00,9.9352843746e-01,1.2579335833e-02
5.1410000000e+00,3.4232275643e+00,9.9354100604e-01,1.2557826404e-02
5.1420000000e+00,3.4242211116e+00,9.9355355313e-01,1.2536347526e-02
5.1430000000e+00,3.4252146714e+00,9.9356607875e-01,1.2514899168e-02
5.1440000000e+00,3.4262082438e+00,9.9357858294e-01,1.2493481299e-02
5.1450000000e+00,3.4272018286e+00,9.9359106572e-01,1.2472093889e-02
5.1460000000e+00,3.4281954259e+00,9.9360352713e-01,1.2450736906e-02
5.1470000000e+00,3.4291890356e+00,9.9361596720e-01,1.2429410319e-02
5.1480000000e+00,3.4301826578e+00,9.9362838596e-01,1.2408114098e-02
5.1490000000e+00,3.4311762924e+00,9.9364078344e-01,1.2386848211e-02
5.1500000000e+00,3.4321699394e+00,9.9365315967e-01,1.2365612628e-02
5.1510000000e+00,3.4331635987e+00,9.9366551468e-01,1.2344407317e-02
5.1520000000e+00,3.4341572704e+00,9.9367784850e-01,1.2323232247e-02
5.1530000000e+00,3.4351509544e+00,9.9369016115e-01,1.2302087389e-02
5.1540000000e+00,3.4361446507e+00,9.9370245268e-01,1.2280972710e-02
5.1550000000e+00,3.4371383593e+00,9.9371472311e-01,1.2259888180e-02
5.1560000000e+00,3.4381320802e+00,9.9372697247e-01,1.2238833768e-02
5.1570000000e+00,3.4391258133e+00,9.9373920079e-01,1.2217809443e-02
5.1580000000e+00,3.4401195586e+00,9.9375140810e-01,1.2196815174e-02
5.1590000000e+00,3.4411133161e+00,9.9376359443e-01,1.2175850930e-02
5.1600000000e+00,3.4421070857e+00,9.9377575981e-01,1.2154916680e-02
5.1610000000e+00,3.4431008676e+00,9.9378790427e-01,1.2134012395e-02
5.1620000000e+00,3.4440946615e+00,9.9380002784e-01,1.2113138042e-02
5.1630000000e+00,3.4450884676e+00,9.9381213056e-01,1.2092293590e-02
5.1640000000e+00,3.4460822858e+00,9.9382421244e-01,1.2071479010e-02
5.1650000000e+00,3.4470761160e+00,9.9383627352e-01,1.2050694270e-02
5.1660000000e+00,3.4480699583e+00,9.9384831384e-01,1.2029939339e-02
5.1670000000e+00,3.4490638127e+00,9.9386033341e-01,1.2009214187e-02
5.1680000000e+00,3.4500576790e+00,9.9387233228e-01,1.1988518783e-02
5.1690000000e+00,3.4510515573e+00,9.9388431046e-01,1.1967853096e-02
5.1700000000e+00,3.4520454476e+00,9.9389626799e-01,1.1947217095e-02
5.1710000000e+00,3.4530393498e+00,9.9390820490e-01,1.1926610749e-02
5.1720000000e+00,3.4540332640e+00,9.9392012122e-01,1.1906034028e-02
5.1730000000e+00,3.4550271901e+00,9.9393201698e-01,1.1885486901e-02
5.1740000000e+00,3.4560211280e+00,9.9394389221e-01,1.1864969338e-02
5.1750000000e+00,3.4570150779e+00,9.9395574693e-01,1.1844481306e-02
5.1760000000e+00,3.4580090395e+00,9.9396758118e-01,1.1824022777e-02
5.1770000000e+00,3.4590030130e+00,9.9397939499e-01,1.1803593719e-02
5.1780000000e+00,3.4599969983e+00,9.9399118838e-01,1.1783194100e-02
5.1790000000e+00,3.4609909954e+00,9.9400296138e-01,1.1762823892e-02
5.1800000000e+00,3.4619850042e+00,9.9401471403e-01,1.1742483063e-02
5.1810000000e+00,3.4629790248e+00,9.9402644636e-01,1.1722171582e-02
5.1820000000e+00,3.4639730571e+00,9.9403815839e-01,1.1701889418e-02
5.1830000000e+00,3.4649671011e+00,9.9404985015e-01,1.1681636542e-02
5.1840000000e+00,3.4659611568e+00,9.9406152167e-01,1.1661412922e-02
5.1850000000e+00,3.4669552242e+00,9.9407317298e-01,1.1641218527e-02
5.1860000000e+00,3.4679493031e+00,9.9408480412e-01,1.1621053328e-02
5.1870000000e+00,3.4689433938e+00,9.9409641510e-01,1.1600917293e-02
5.1880000000e+00,3.4699374960e+00,9.9410800596e-01,1.1580810392e-02
5.1890000000e+00,3.4709316098e+00,9.9411957673e-01,1.1560732595e-02
5.1900000000e+00,3.4719257351e+00,9.9413112744e-01,1.1540683870e-02
5.1910000000e+00,3.4729198720e+00,9.9414265811e-01,1.1520664187e-02
5.1920000000e+00,3.4739140204e+00,9.9415416877e-01,1.1500673516e-02
5.1930000000e+00,3.4749081803e+00,9.9416565946e-01,1.1480711826e-02
5.1940000000e+00,3.4759023517e+00,9.9417713021e-01,1.1460779087e-02
5.1950000000e+00,3.4768965346e+00,9.9418858103e-01,1.1440875267e-02
5.1960000000e+00,3.4778907289e+00,9.9420001197e-01,1.1421000337e-02
5.1970000000e+00,3.4788849346e+00,9.9421142304e-01,1.1401154266e-02
5.1980000000e+00,3.4798791517e+00,9.9422281429e-01,1.1381337023e-02
5.1990000000e+00,3.4808733802e+00,9.9423418573e-01,1.1361548578e-02
5.2000000000e+00,3.4818676201e+00,9.9424553739e-01,1.1341788901e-02
5.2010000000e+00,3.4828618713e+00,9.9425686931e-01,1.1322057960e-02
5.2020000000e+00,3.4838561338e+00,9.9426818152e-01,1.1302355727e-02
5.2030000000e+00,3.4848504077e+00,9.9427947403e-01,1.1282682169e-02
5.2040000000e+00,3.4858446928e+00,9.9429074689e-01,1.1263037257e-02
5.2050000000e+00,3.4868389891e+00,9.9430200012e-01,1.1243420960e-02
5.2060000000e+00,3.4878332968e+00,9.9431323374e-01,1.1223833248e-02
5.2070000000e+00,3.4888276156e+00,9.9432444779e-01,1.1204274091e-02
5.2080000000e+00,3.4898219457e+00,9.9433564230e-01,1.1184743457e-02
5.2090000000e+00,3.4908162869e+00,9.9434681729e-01,1.1165241317e-02
5.2100000000e+00,3.4918106393e+00,9.9435797279e-01,1.1145767641e-02
5.2110000000e+00,3.4928050028e+00,9.9436910884e-01,1.1126322397e-02
5.2120000000e+00,3.4937993775e+00,9.9438022545e-01,1.1106905556e-02
5.2130000000e+00,3.4947937633e+00,9.9439132266e-01,1.1087517087e-02
5.2140000000e+00,3.4957881601e+00,9.9440240049e-01,1.1068156961e-02
5.2150000000e+00,3.4967825681e+00,9.9441345898e-01,1.1048825145e-02
5.2160000000e+00,3.4977769870e+00,9.9442449815e-01,1.1029521611e-02
5.2170000000e+00,3.4987714171e+00,9.9443551803e-01,1.1010246328e-02
5.2180000000e+00,3.4997658581e+00,9.9444651865e-01,1.0990999266e-02
5.2190000000e+00,3.5007603101e+00,9.9445750004e-01,1.0971780394e-02
5.2200000000e+00,3.5017547731e+00,9.9446846222e-01,1.0952589683e-02
5.2210000000e+00,3.5027492470e+00,9.9447940523e-01,1.0933427101e-02
5.2220000000e+00,3.5037437319e+00,9.9449032909e-01,1.0914292619e-02
5.2230000000e+00,3.5047382277e+00,9.9450123382e-01,1.0895186207e-02
5.2240000000e+00,3.5057327343e+00,9.9451211947e-01,1.0876107833e-02
5.2250000000e+00,3.5067272519e+00,9.9452298605e-01,1.0857057469e-02
5.2260000000e+00,3.5077217803e+00,9.9453383359e-01,1.0838035084e-02
5.2270000000e+00,3.5087163195e+00,9.9454466213e-01,1.0819040647e-02
5.2280000000e+00,3.5097108696e+00,9.9455547168e-01,1.0800074129e-02
5.2290000000e+00,3.5107054305e+00,9.9456626229e-01,1.0781135500e-02
5.2300000000e+00,3.5117000021e+00,9.9457703396e-01,1.0762224728e-02
5.2310000000e+00,3.5126945845e+00,9.9458778674e-01,1.0743341785e-02
5.2320000000e+00,3.5136891777e+00,9.9459852066e-01,1.0724486640e-02
5.2330000000e+00,3.5146837816e+00,9.9460923573e-01,1.0705659263e-02
5.2340000000e+00,3.5156783962e+00,9.9461993198e-01,1.0686859623e-02
5.2350000000e+00,3.5166730214e+00,9.9463060946e-01,1.0668087691e-02
5.2360000000e+00,3.5176676574e+00,9.9464126817e-01,1.0649343437e-02
5.2370000000e+00,3.5186623040e+00,9.9465190815e-01,1.0630626830e-02
5.2380000000e+00,3.5196569612e+00,9.9466252943e-01,1.0611937841e-02
5.2390000000e+00,3.5206516290e+00,9.9467313204e-01,1.0593276439e-02
5.2400000000e+00,3.5216463074e+00,9.9468371599e-01,1.0574642595e-02
5.2410000000e+00,3.5226409964e+00,9.9469428133e-01,1.0556036278e-02
5.2420000000e+00,3.5236356960e+00,9.9470482808e-01,1.0537457459e-02
5.2430000000e+00,3.5246304061e+00,9.9471535625e-01,1.0518906107e-02
5.2440000000e+00,3.5256251267e+00,9.9472586590e-01,1.0500382192e-02
5.2450000000e+00,3.5266198578e+00,9.9473635703e-01,1.0481885686e-02
5.2460000000e+00,3.5276145994e+00,9.9474682968e-01,1.0463416556e-02
5.2470000000e+00,3.5286093515e+00,9.9475728387e-01,1.0444974775e-02
5.2480000000e+00,3.5296041140e+00,9.9476771964e-01,1.0426560311e-02
5.2490000000e+00,3.5305988869e+00,9.9477813700e-01,1.0408173134e-02
5.2500000000e+00,3.5315936702e+00,9.9478853599e-01,1.0389813216e-02
5.2510000000e+00,3.5325884640e+00,9.9479891664e-01,1.0371480526e-02
5.2520000000e+00,3.5335832681e+00,9.9480927896e-01,1.0353175034e-02
5.2530000000e+00,3.5345780825e+00,9.9481962299e-01,1.0334896710e-02
5.2540000000e+00,3.5355729073e+00,9.9482994876e-01,1.0316645524e-02
5.2550000000e+00,3.5365677424e+00,9.9484025629e-01,1.0298421447e-02
5.2560000000e+00,3.5375625878e+00,9.9485054562e-01,1.0280224449e-02
5.2570000000e+00,3.5385574435e+00,9.9486081675e-01,1.0262054500e-02
5.2580000000e+00,3.5395523094e+00,9.9487106973e-01,1.0243911570e-02
5.2590000000e+00,3.5405471856e+00,9.9488130458e-01,1.0225795629e-02
5.2600000000e+00,3.5415420721e+00,9.9489152133e-01,1.0207706648e-02
5.2610000000e+00,3.5425369687e+00,9.9490172001e-01,1.0189644597e-02
5.2620000000e+00,3.5435318755e+00,9.9491190063e-01,1.0171609446e-02
5.2630000000e+00,3.5445267925e+00,9.9492206323e-01,1.0153601165e-02
5.2640000000e+00,3.5455217196e+00,9.9493220784e-01,1.0135619724e-02
5.2650000000e+00,3.5465166569e+00,9.9494233448e-01,1.0117665095e-02
5.2660000000e+00,3.5475116043e+00,9.9495244318e-01,1.0099737247e-02
5.2670000000e+00,3.5485065618e+00,9.9496253397e-01,1.0081836150e-02
5.2680000000e+00,3.5495015293e+00,9.9497260686e-01,1.0063961775e-02
5.2690000000e+00,3.5504965070e+00,9.9498266190e-01,1.0046114092e-02
5.2700000000e+00,3.5514914946e+00,9.9499269910e-01,1.0028293072e-02
5.2710000000e+00,3.5524864924e+00,9.9500271849e-01,1.0010498685e-02
5.2720000000e+00,3.5534815001e+00,9.9501272011e-01,9.9927309009e-03
5.2730000000e+00,3.5544765178e+00,9.9502270396e-01,9.9749896907e-03
5.2740000000e+00,3.5554715455e+00,9.9503267010e-01,9.9572750245e-03
5.2750000000e+00,3.5564665831e+00,9.9504261852e-01,9.9395868728e-03
5.2760000000e+00,3.5574616307e+00,9.9505254928e-01,9.9219252060e-03
5.2770000000e+00,3.5584566882e+00,9.9506246238e-01,9.9042899947e-03
5.2780000000e+00,3.5594517556e+00,9.9507235787e-01,9.8866812092e-03
5.2790000000e+00,3.5604468329e+00,9.9508223575e-01,9.8690988201e-03
5.2800000000e+00,3.5614419201e+00,9.9509209607e-01,9.8515427978e-03
5.2810000000e+00,3.5624370171e+00,9.9510193885e-01,9.8340131128e-03
5.2820000000e+00,3.5634321240e+00,9.9511176411e-01,9.8165097356e-03
5.2830000000e+00,3.5644272406e+00,9.9512157188e-01,9.7990326368e-03
5.2840000000e+00,3.5654223671e+00,9.9513136218e-01,9.7815817869e-03
5.2850000000e+00,3.5664175034e+00,9.9514113505e-01,9.7641571565e-03
5.2860000000e+00,3.5674126494e+00,9.9515089050e-01,9.7467587161e-03
5.2870000000e+00,3.5684078051e+00,9.9516062858e-01,9.7293864364e-03
5.2880000000e+00,3.5694029706e+00,9.9517034929e-01,9.7120402878e-03
5.2890000000e+00,3.5703981458e+00,9.9518005266e-01,9.6947202411e-03
5.2900000000e+00,3.5713933307e+00,9.9518973874e-01,9.6774262669e-03
5.2910000000e+00,3.5723885253e+00,9.9519940753e-01,9.6601583357e-03
5.2920000000e+00,3.5733837295e+00,9.9520905906e-01,9.6429164183e-03
5.2930000000e+00,3.5743789434e+00,9.9521869337e-01,9.6257004853e-03
5.2940000000e+00,3.5753741669e+00,9.9522831047e-01,9.6085105074e-03
5.2950000000e+00,3.5763694000e+00,9.9523791040e-01,9.5913464553e-03
5.2960000000e+00,3.5773646427e+00,9.9524749317e-01,9.5742082997e-03
5.2970000000e+00,3.5783598950e+00,9.9525705882e-01,9.5570960113e-03
5.2980000000e+00,3.5793551568e+00,9.9526660737e-01,9.5400095608e-03
5.2990000000e+00,3.5803504282e+00,9.9527613885e-01,9.5229489191e-03
5.3000000000e+00,3.5813457091e+00,9.9528565328e-01,9.5059140568e-03
5.3010000000e+00,3.5823409995e+00,9.9529515069e-01,9.4889049448e-03
5.3020000000e+00,3.5833362994e+00,9.9530463110e-01,9.4719215539e-03
5.3030000000e+00,3.5843316088e+00,9.9531409454e-01,9.4549638548e-03
5.3040000000e+00,3.5853269276e+00,9.9532354103e-01,9.4380318184e-03
5.3050000000e+00,3.5863222558e+00,9.9533297061e-01,9.4211254154e-03
5.3060000000e+00,3.5873175935e+00,9.9534238329e-01,9.4042446169e-03
5.3070000000e+00,3.5883129406e+00,9.9535177911e-01,9.3873893936e-03
5.3080000000e+00,3.5893082971e+00,9.9536115808e-01,9.3705597163e-03
5.3090000000e+00,3.5903036629e+00,9.9537052024e-01,9.3537555561e-03
5.3100000000e+00,3.5912990381e+00,9.9537986560e-01,9.3369768838e-03
5.3110000000e+00,3.5922944226e+00,9.9538919420e-01,9.3202236703e-03
5.3120000000e+00,3.5932898165e+00,9.9539850606e-01,9.3034958866e-03
5.3130000000e+00,3.5942852197e+00,9.9540780120e-01,9.2867935036e-03
5.3140000000e+00,3.5952806321e+00,9.9541707965e-01,9.2701164923e-03
5.3150000000e+00,3.5962760538e+00,9.9542634144e-01,9.2534648237e-03
5.3160000000e+00,3.5972714848e+00,9.9543558659e-01,9.2368384687e-03
5.3170000000e+00,3.5982669250e+00,9.9544481513e-01,9.2202373984e-03
5.3180000000e+00,3.5992623744e+00,9.9545402707e-01,9.2036615838e-03
5.3190000000e+00,3.6002578330e+00,9.9546322246e-01,9.1871109959e-03
5.3200000000e+00,3.6012533008e+00,9.9547240130e-01,9.1705856058e-03
5.3210000000e+00,3.6022487778e+00,9.9548156364e-01,9.1540853846e-03
5.3220000000e+00,3.6032442640e+00,9.9549070948e-01,9.1376103033e-03
5.3230000000e+00,3.6042397592e+00,9.9549983887e-01,9.1211603330e-03
5.3240000000e+00,3.6052352636e+00,9.9550895181e-01,9.1047354449e-03
5.3250000000e+00,3.6062307771e+00,9.9551804834e-01,9.0883356101e-03
5.3260000000e+00,3.6072262997e+00,9.9552712849e-01,9.0719607997e-03
5.3270000000e+00,3.6082218314e+00,9.9553619227e-01,9.0556109849e-03
5.3280000000e+00,3.6092173721e+00,9.9554523972e-01,9.0392861369e-03
5.3290000000e+00,3.6102129219e+00,9.9555427086e-01,9.0229862267e-03
5.3300000000e+00,3.6112084806e+00,9.9556328570e-01,9.0067112258e-03
5.3310000000e+00,3.6122040484e+00,9.9557228429e-01,8.9904611052e-03
5.3320000000e+00,3.6131996252e+00,9.9558126663e-01,8.9742358362e-03
5.3330000000e+00,3.6141952109e+00,9.9559023277e-01,8.9580353901e-03
5.3340000000e+00,3.6151908057e+00,9.9559918271e-01,8.9418597380e-03
5.3350000000e+00,3.6161864093e+00,9.9560811649e-01,8.9257088514e-03
5.3360000000e+00,3.6171820219e+00,9.9561703414e-01,8.9095827014e-03
5.3370000000e+00,3.6181776434e+00,9.9562593567e-01,8.8934812594e-03
5.3380000000e+00,3.6191732738e+00,9.9563482111e-01,8.8774044968e-03
5.3390000000e+00,3.6201689130e+00,9.9564369048e-01,8.8613523848e-03
5.3400000000e+00,3.6211645611e+00,9.9565254382e-01,8.8453248948e-03
5.3410000000e+00,3.6221602181e+00,9.9566138114e-01,8.8293219982e-03
5.3420000000e+00,3.6231558839e+00,9.9567020247e-01,8.8133436664e-03
5.3430000000e+00,3.6241515585e+00,9.9567900784e-01,8.7973898707e-03
5.3440000000e+00,3.6251472419e+00,9.9568779726e-01,8.7814605826e-03
5.3450000000e+00,3.6261429341e+00,9.9569657077e-01,8.7655557736e-03
5.3460000000e+00,3.6271386350e+00,9.9570532838e-01,8.7496754150e-03
5.3470000000e+00,3.6281343447e+00,9.9571407013e-01,8.7338194783e-03
5.3480000000e+00,3.6291300632e+00,9.9572279603e-01,8.7179879351e-03
5.3490000000e+00,3.6301257903e+00,9.9573150611e-01,8.7021807567e-03
5.3500000000e+00,3.6311215262e+00,9.9574020040e-01,8.6863979148e-03
5.3510000000e+00,3.6321172707e+00,9.9574887891e-01,8.6706393808e-03
5.3520000000e+00,3.6331130239e+00,9.9575754168e-01,8.6549051263e-03
5.3530000000e+00,3.6341087858e+00,9.9576618873e-01,8.6391951228e-03
5.3540000000e+00,3.6351045563e+00,9.9577482008e-01,8.6235093419e-03
5.3550000000e+00,3.6361003354e+00,9.9578343576e-01,8.6078477552e-03
5.3560000000e+00,3.6370961232e+00,9.9579203579e-01,8.5922103343e-03
5.3570000000e+00,3.6380919195e+00,9.9580062019e-01,8.5765970509e-03
5.3580000000e+00,3.6390877244e+00,9.9580918899e-01,8.5610078764e-03
5.3590000000e+00,3.6400835379e+00,9.9581774221e-01,8.5454427827e-03
5.3600000000e+00,3.6410793599e+00,9.9582627988e-01,8.5299017414e-03
5.3610000000e+00,3.6420751904e+00,9.9583480202e-01,8.5143847241e-03
5.3620000000e+00,3.6430710295e+00,9.9584330866e-01,8.4988917026e-03
5.3630000000e+00,3.6440668770e+00,9.9585179981e-01,8.4834226486e-03
5.3640000000e+00,3.6450627331e+00,9.9586027551e-01,8.4679775337e-03
5.3650000000e+00,3.6460585976e+00,9.9586873578e-01,8.4525563298e-03
5.3660000000e+00,3.6470544705e+00,9.9587718063e-01,8.4371590086e-03
5.3670000000e+00,3.6480503519e+00,9.9588561010e-01,8.4217855419e-03
5.3680000000e+00,3.6490462418e+00,9.9589402421e-01,8.4064359015e-03
5.3690000000e+00,3.6500421400e+00,9.9590242298e-01,8.3911100592e-03
5.3700000000e+00,3.6510380466e+00,9.9591080644e-01,8.3758079868e-03
5.3710000000e+00,3.6520339616e+00,9.9591917461e-01,8.3605296562e-03
5.3720000000e+00,3.6530298849e+00,9.9592752751e-01,8.3452750392e-03
5.3730000000e+00,3.6540258166e+00,9.9593586517e-01,8.3300441077e-03
5.3740000000e+00,3.6550217567e+00,9.9594418760e-01,8.3148368336e-03
5.3750000000e+00,3.6560177050e+00,9.9595249485e-01,8.2996531888e-03
5.3760000000e+00,3.6570136616e+00,9.9596078692e-01,8.2844931452e-03
5.3770000000e+00,3.6580096266e+00,9.9596906384e-01,8.2693566748e-03
5.3780000000e+00,3.6590055998e+00,9.9597732564e-01,8.2542437496e-03
5.3790000000e+00,3.6600015812e+00,9.9598557234e-01,8.2391543414e-03
5.3800000000e+00,3.6609975709e+00,9.9599380396e-01,8.2240884223e-03
5.3810000000e+00,3.6619935688e+00,9.9600202052e-01,8.2090459643e-03
5.3820000000e+00,3.6629895749e+00,9.9601022206e-01,8.1940269395e-03
5.3830000000e+00,3.6639855893e+00,9.9601840858e-01,8.1790313198e-03
5.3840000000e+00,3.6649816118e+00,9.9602658013e-01,8.1640590773e-03
5.3850000000e+00,3.6659776424e+00,9.9603473671e-01,8.1491101841e-03
5.3860000000e+00,3.6669736812e+00,9.9604287835e-01,8.1341846122e-03
5.3870000000e+00,3.6679697282e+00,9.9605100509e-01,8.1192823339e-03
5.3880000000e+00,3.6689657832e+00,9.9605911693e-01,8.1044033211e-03
5.3890000000e+00,3.6699618464e+00,9.9606721390e-01,8.0895475461e-03
5.3900000000e+00,3.6709579177e+00,9.9607529603e-01,8.0747149810e-03
5.3910000000e+00,3.6719539970e+00,9.9608336334e-01,8.0599055979e-03
5.3920000000e+00,3.6729500844e+00,9.9609141585e-01,8.0451193692e-03
5.3930000000e+00,3.6739461798e+00,9.9609945358e-01,8.0303562668e-03
5.3940000000e+00,3.6749422833e+00,9.9610747657e-01,8.0156162632e-03
5.3950000000e+00,3.6759383948e+00,9.9611548482e-01,8.0008993304e-03
5.3960000000e+00,3.6769345142e+00,9.9612347837e-01,7.9862054409e-03
5.3970000000e+00,3.6779306417e+00,9.9613145724e-01,7.9715345668e-03
5.3980000000e+00,3.6789267772e+00,9.9613942145e-01,7.9568866804e-03
5.3990000000e+00,3.6799229206e+00,9.9614737102e-01,7.9422617541e-03
5.4000000000e+00,3.6809190719e+00,9.9615530598e-01,7.9276597601e-03
5.4010000000e+00,3.6819152312e+00,9.9616322635e-01,7.9130806708e-03
5.4020000000e+00,3.6829113983e+00,9.9617113215e-01,7.8985244586e-03
5.4030000000e+00,3.6839075734e+00,9.9617902341e-01,7.8839910959e-03
5.4040000000e+00,3.6849037564e+00,9.9618690014e-01,7.8694805549e-03
5.4050000000e+00,3.6858999472e+00,9.9619476238e-01,7.8549928082e-03
5.4060000000e+00,3.6868961459e+00,9.9620261013e-01,7.8405278282e-03
5.4070000000e+00,3.6878923524e+00,9.9621044344e-01,7.8260855872e-03
5.4080000000e+00,3.6888885668e+00,9.9621826231e-01,7.8116660578e-03
5.4090000000e+00,3.6898847889e+00,9.9622606678e-01,7.7972692124e-03
5.4100000000e+00,3.6908810189e+00,9.9623385686e-01,7.7828950236e-03
5.4110000000e+00,3.6918772567e+00,9.9624163258e-01,7.7685434638e-03
5.4120000000e+00,3.6928735022e+00,9.9624939395e-01,7.7542145055e-03
5.4130000000e+00,3.6938697554e+00,9.9625714101e-01,7.7399081213e-03
5.4140000000e+00,3.6948660164e+00,9.9626487378e-01,7.7256242838e-03
5.4150000000e+00,3.6958622852e+00,9.9627259227e-01,7.7113629656e-03
5.4160000000e+00,3.6968585616e+00,9.9628029651e-01,7.6971241391e-03
5.4170000000e+00,3.6978548458e+00,9.9628798653e-01,7.6829077772e-03
5.4180000000e+00,3.6988511376e+00,9.9629566233e-01,7.6687138523e-03
5.4190000000e+00,3.6998474371e+00,9.9630332396e-01,7.6545423371e-03
5.4200000000e+00,3.7008437442e+00,9.9631097143e-01,7.6403932043e-03
5.4210000000e+00,3.7018400590e+00,9.9631860475e-01,7.6262664266e-03
5.4220000000e+00,3.7028363814e+00,9.9632622397e-01,7.6121619767e-03
5.4230000000e+00,3.7038327115e+00,9.9633382909e-01,7.5980798272e-03
5.4240000000e+00,3.7048290491e+00,9.9634142013e-01,7.5840199510e-03
5.4250000000e+00,3.7058253943e+00,9.9634899713e-01,7.5699823207e-03
5.4260000000e+00,3.7068217471e+00,9.9635656011e-01,7.5559669092e-03
5.4270000000e+00,3.7078181074e+00,9.9636410907e-01,7.5419736892e-03
5.4280000000e+00,3.7088144753e+00,9.9637164406e-01,7.5280026335e-03
5.4290000000e+00,3.7098108507e+00,9.9637916509e-01,7.5140537150e-03
5.4300000000e+00,3.7108072336e+00,9.9638667218e-01,7.5001269064e-03
5.4310000000e+00,3.7118036240e+00,9.9639416535e-01,7.4862221808e-03
5.4320000000e+00,3.7128000220e+00,9.9640164463e-01,7.4723395108e-03
5.4330000000e+00,3.7137964273e+00,9.9640911003e-01,7.4584788694e-03
5.4340000000e+00,3.7147928402e+00,9.9641656159e-01,7.4446402296e-03
5.4350000000e+00,3.7157892605e+00,9.9642399932e-01,7.4308235642e-03
5.4360000000e+00,3.7167856882e+00,9.9643142325e-01,7.4170288462e-03
5.4370000000e+00,3.7177821233e+00,9.9643883339e-01,7.4032560485e-03
5.4380000000e+00,3.7187785658e+00,9.9644622977e-01,7.3895051442e-03
5.4390000000e+00,3.7197750157e+00,9.9645361240e-01,7.3757761062e-03
5.4400000000e+00,3.7207714730e+00,9.9646098133e-01,7.3620689075e-03
5.4410000000e+00,3.7217679377e+00,9.9646833655e-01,7.3483835212e-03
5.4420000000e+00,3.7227644097e+00,9.9647567810e-01,7.3347199203e-03
5.4430000000e+00,3.7237608891e+00,9.9648300600e-01,7.3210780780e-03
5.4440000000e+00,3.7247573757e+00,9.9649032026e-01,7.3074579672e-03
5.4450000000e+00,3.7257538697e+00,9.9649762092e-01,7.2938595610e-03
5.4460000000e+00,3.7267503710e+00,9.9650490799e-01,7.2802828327e-03
5.4470000000e+00,3.7277468795e+00,9.9651218149e-01,7.2667277553e-03
5.4480000000e+00,3.7287433953e+00,9.9651944145e-01,7.2531943021e-03
5.4490000000e+00,3.7297399184e+00,9.9652668789e-01,7.2396824460e-03
5.4500000000e+00,3.7307364487e+00,9.9653392082e-01,7.2261921605e-03
5.4510000000e+00,3.7317329862e+00,9.9654114028e-01,7.2127234186e-03
5.4520000000e+00,3.7327295310e+00,9.9654834628e-01,7.1992761937e-03
5.4530000000e+00,3.7337260829e+00,9.9655553884e-01,7.1858504589e-03
5.4540000000e+00,3.7347226420e+00,9.9656271799e-01,7.1724461875e-03
5.4550000000e+00,3.7357192083e+00,9.9656988374e-01,7.1590633528e-03
5.4560000000e+00,3.7367157818e+00,9.9657703612e-01,7.1457019281e-03
5.4570000000e+00,3.7377123624e+00,9.9658417515e-01,7.1323618867e-03
5.4580000000e+00,3.7387089501e+00,9.9659130085e-01,7.1190432020e-03
5.4590000000e+00,3.7397055450e+00,9.9659841324e-01,7.1057458473e-03
5.4600000000e+00,3.7407021470e+00,9.9660551235e-01,7.0924697960e-03
5.4610000000e+00,3.7416987560e+00,9.9661259819e-01,7.0792150215e-03
5.4620000000e+00,3.7426953722e+00,9.9661967079e-01,7.0659814971e-03
5.4630000000e+00,3.7436919954e+00,9.9662673016e-01,7.0527691964e-03
5.4640000000e+00,3.7446886256e+00,9.9663377633e-01,7.0395780927e-03
5.4650000000e+00,3.7456852629e+00,9.9664080932e-01,7.0264081595e-03
5.4660000000e+00,3.7466819072e+00,9.9664782916e-01,7.0132593703e-03
5.4670000000e+00,3.7476785586e+00,9.9665483585e-01,7.0001316987e-03
5.4680000000e+00,3.7486752169e+00,9.9666182943e-01,6.9870251180e-03
5.4690000000e+00,3.7496718822e+00,9.9666880991e-01,6.9739396020e-03
5.4700000000e+00,3.7506685545e+00,9.9667577731e-01,6.9608751240e-03
5.4710000000e+00,3.7516652338e+00,9.9668273166e-01,6.9478316577e-03
5.4720000000e+00,3.7526619200e+00,9.9668967298e-01,6.9348091767e-03
5.4730000000e+00,3.7536586131e+00,9.9669660129e-01,6.9218076546e-03
5.4740000000e+00,3.7546553132e+00,9.9670351661e-01,6.9088270650e-03
5.4750000000e+00,3.7556520201e+00,9.9671041895e-01,6.8958673816e-03
5.4760000000e+00,3.7566487340e+00,9.9671730835e-01,6.8829285780e-03
5.4770000000e+00,3.7576454548e+00,9.9672418481e-01,6.8700106279e-03
5.4780000000e+00,3.7586421824e+00,9.9673104838e-01,6.8571135050e-03
5.4790000000e+00,3.7596389168e+00,9.9673789905e-01,6.8442371831e-03
5.4800000000e+00,3.7606356582e+00,9.9674473686e-01,6.8313816358e-03
5.4810000000e+00,3.7616324063e+00,9.9675156182e-01,6.8185468369e-03
5.4820000000e+00,3.7626291613e+00,9.9675837396e-01,6.8057327603e-03
5.4830000000e+00,3.7636259231e+00,9.9676517329e-01,6.7929393797e-03
5.4840000000e+00,3.7646226916e+00,9.9677195984e-01,6.7801666688e-03
5.4850000000e+00,3.7656194670e+00,9.9677873363e-01,6.7674146016e-03
5.4860000000e+00,3.7666162491e+00,9.9678549468e-01,6.7546831520e-03
5.4870000000e+00,3.7676130380e+00,9.9679224300e-01,6.7419722936e-03
5.4880000000e+00,3.7686098336e+00,9.9679897863e-01,6.7292820005e-03
5.4890000000e+00,3.7696066359e+00,9.9680570158e-01,6.7166122466e-03
5.4900000000e+00,3.7706034450e+00,9.9681241186e-01,6.7039630057e-03
5.4910000000e+00,3.7716002607e+00,9.9681910951e-01,6.6913342519e-03
5.4920000000e+00,3.7725970832e+00,9.9682579454e-01,6.6787259591e-03
5.4930000000e+00,3.7735939123e+00,9.9683246697e-01,6.6661381012e-03
5.4940000000e+00,3.7745907481e+00,9.9683912682e-01,6.6535706522e-03
5.4950000000e+00,3.7755875906e+00,9.9684577412e-01,6.6410235863e-03
5.4960000000e+00,3.7765844397e+00,9.9685240887e-01,6.6284968773e-03
5.4970000000e+00,3.7775812954e+00,9.9685903112e-01,6.6159904995e-03
5.4980000000e+00,3.7785781577e+00,9.9686564086e-01,6.6035044267e-03
5.4990000000e+00,3.7795750267e+00,9.9687223813e-01,6.5910386333e-03
5.5000000000e+00,3.7805719022e+00,9.9687882295e-01,6.5785930931e-03
5.5010000000e+00,3.7815687843e+00,9.9688539532e-01,6.5661677804e-03
5.5020000000e+00,3.7825656730e+00,9.9689195529e-01,6.5537626694e-03
5.5030000000e+00,3.7835625682e+00,9.9689850286e-01,6.5413777341e-03
5.5040000000e+00,3.7845594700e+00,9.9690503805e-01,6.5290129488e-03
5.5050000000e+00,3.7855563783e+00,9.9691156089e-01,6.5166682877e-03
5.5060000000e+00,3.7865532931e+00,9.9691807139e-01,6.5043437250e-03
5.5070000000e+00,3.7875502144e+00,9.9692456958e-01,6.4920392350e-03
5.5080000000e+00,3.7885471422e+00,9.9693105548e-01,6.4797547919e-03
5.5090000000e+00,3.7895440765e+00,9.9693752910e-01,6.4674903699e-03
5.5100000000e+00,3.7905410173e+00,9.9694399047e-01,6.4552459435e-03
5.5110000000e+00,3.7915379645e+00,9.9695043960e-01,6.4430214869e-03
5.5120000000e+00,3.7925349182e+00,9.9695687652e-01,6.4308169744e-03
5.5130000000e+00,3.7935318782e+00,9.9696330124e-01,6.4186323804e-03
5.5140000000e+00,3.7945288448e+00,9.9696971379e-01,6.4064676793e-03
5.5150000000e+00,3.7955258177e+00,9.9697611418e-01,6.3943228454e-03
5.5160000000e+00,3.7965227970e+00,9.9698250244e-01,6.3821978533e-03
5.5170000000e+00,3.7975197827e+00,9.9698887858e-01,6.3700926773e-03
5.5180000000e+00,3.7985167747e+00,9.9699524263e-01,6.3580072918e-03
5.5190000000e+00,3.7995137732e+00,9.9700159460e-01,6.3459416714e-03
5.5200000000e+00,3.8005107779e+00,9.9700793452e-01,6.3338957905e-03
5.5210000000e+00,3.8015077890e+00,9.9701426240e-01,6.3218696237e-03
5.5220000000e+00,3.8025048064e+00,9.9702057827e-01,6.3098631454e-03
5.5230000000e+00,3.8035018302e+00,9.9702688213e-01,6.2978763303e-03
5.5240000000e+00,3.8044988602e+00,9.9703317403e-01,6.2859091528e-03
5.5250000000e+00,3.8054958965e+00,9.9703945396e-01,6.2739615876e-03
5.5260000000e+00,3.8064929391e+00,9.9704572196e-01,6.2620336093e-03
5.5270000000e+00,3.8074899880e+00,9.9705197803e-01,6.2501251924e-03
5.5280000000e+00,3.8084870431e+00,9.9705822221e-01,6.2382363117e-03
5.5290000000e+00,3.8094841044e+00,9.9706445451e-01,6.2263669418e-03
5.5300000000e+00,3.8104811720e+00,9.9707067495e-01,6.2145170574e-03
5.5310000000e+00,3.8114782457e+00,9.9707688355e-01,6.2026866332e-03
5.5320000000e+00,3.8124753257e+00,9.9708308033e-01,6.1908756438e-03
5.5330000000e+00,3.8134724119e+00,9.9708926531e-01,6.1790840641e-03
5.5340000000e+00,3.8144695043e+00,9.9709543851e-01,6.1673118688e-03
5.5350000000e+00,3.8154666028e+00,9.9710159994e-01,6.1555590327e-03
5.5360000000e+00,3.8164637074e+00,9.9710774963e-01,6.1438255305e-03
5.5370000000e+00,3.8174608183e+00,9.9711388760e-01,6.1321113371e-03
5.5380000000e+00,3.8184579352e+00,9.9712001386e-01,6.1204164273e-03
5.5390000000e+00,3.8194550583e+00,9.9712612844e-01,6.1087407761e-03
5.5400000000e+00,3.8204521875e+00,9.9713223135e-01,6.0970843581e-03
5.5410000000e+00,3.8214493227e+00,9.9713832261e-01,6.0854471484e-03
5.5420000000e+00,3.8224464641e+00,9.9714440225e-01,6.0738291219e-03
5.5430000000e+00,3.8234436115e+00,9.9715047028e-01,6.0622302534e-03
5.5440000000e+00,3.8244407650e+00,9.9715652672e-01,6.0506505180e-03
5.5450000000e+00,3.8254379246e+00,9.9716257159e-01,6.0390898906e-03
5.5460000000e+00,3.8264350902e+00,9.9716860490e-01,6.0275483462e-03
5.5470000000e+00,3.8274322618e+00,9.9717462669e-01,6.0160258598e-03
5.5480000000e+00,3.8284294394e+00,9.9718063696e-01,6.0045224064e-03
5.5490000000e+00,3.8294266231e+00,9.9718663574e-01,5.9930379611e-03
5.5500000000e+00,3.8304238127e+00,9.9719262304e-01,5.9815724989e-03
5.5510000000e+00,3.8314210083e+00,9.9719859889e-01,5.9701259950e-03
5.5520000000e+00,3.8324182099e+00,9.9720456330e-01,5.9586984245e-03
5.5530000000e+00,3.8334154174e+00,9.9721051629e-01,5.9472897624e-03
5.5540000000e+00,3.8344126309e+00,9.9721645789e-01,5.9358999839e-03
5.5550000000e+00,3.8354098504e+00,9.9722238810e-01,5.9245290643e-03
5.5560000000e+00,3.8364070757e+00,9.9722830695e-01,5.9131769785e-03
5.5570000000e+00,3.8374043070e+00,9.9723421446e-01,5.9018437020e-03
5.5580000000e+00,3.8384015441e+00,9.9724011065e-01,5.8905292098e-03
5.5590000000e+00,3.8393987872e+00,9.9724599552e-01,5.8792334773e-03
5.5600000000e+00,3.8403960361e+00,9.9725186912e-01,5.8679564797e-03
5.5610000000e+00,3.8413932909e+00,9.9725773144e-01,5.8566981923e-03
5.5620000000e+00,3.8423905516e+00,9.9726358252e-01,5.8454585904e-03
5.5630000000e+00,3.8433878181e+00,9.9726942237e-01,5.8342376492e-03
5.5640000000e+00,3.8443850904e+00,9.9727525100e-01,5.8230353442e-03
5.5650000000e+00,3.8453823686e+00,9.9728106844e-01,5.8118516507e-03
5.5660000000e+00,3.8463796525e+00,9.9728687471e-01,5.8006865442e-03
5.5670000000e+00,3.8473769423e+00,9.9729266982e-01,5.7895399999e-03
5.5680000000e+00,3.8483742379e+00,9.9729845380e-01,5.7784119933e-03
5.5690000000e+00,3.8493715392e+00,9.9730422665e-01,5.7673024998e-03
5.5700000000e+00,3.8503688463e+00,9.9730998841e-01,5.7562114950e-03
5.5710000000e+00,3.8513661592e+00,9.9731573908e-01,5.7451389542e-03
5.5720000000e+00,3.8523634778e+00,9.9732147869e-01,5.7340848531e-03
5.5730000000e+00,3.8533608022e+00,9.9732720726e-01,5.7230491670e-03
5.5740000000e+00,3.8543581322e+00,9.9733292480e-01,5.7120318716e-03
5.5750000000e+00,3.8553554680e+00,9.9733863133e-01,5.7010329424e-03
5.5760000000e+00,3.8563528095e+00,9.9734432687e-01,5.6900523549e-03
5.5770000000e+00,3.8573501566e+00,9.9735001144e-01,5.6790900849e-03
5.5780000000e+00,3.8583475095e+00,9.9735568506e-01,5.6681461078e-03
5.5790000000e+00,3.8593448680e+00,9.9736134774e-01,5.6572203993e-03
5.5800000000e+00,3.8603422322e+00,9.9736699950e-01,5.6463129351e-03
5.5810000000e+00,3.8613396020e+00,9.9737264037e-01,5.6354236909e-03
5.5820000000e+00,3.8623369775e+00,9.9737827036e-01,5.6245526424e-03
5.5830000000e+00,3.8633343585e+00,9.9738388948e-01,5.6136997652e-03
5.5840000000e+00,3.8643317452e+00,9.9738949776e-01,5.6028650351e-03
5.5850000000e+00,3.8653291375e+00,9.9739509522e-01,5.5920484279e-03
5.5860000000e+00,3.8663265354e+00,9.9740068186e-01,5.5812499193e-03
5.5870000000e+00,3.8673239389e+00,9.9740625772e-01,5.5704694852e-03
5.5880000000e+00,3.8683213479e+00,9.9741182281e-01,5.5597071013e-03
5.5890000000e+00,3.8693187625e+00,9.9741737714e-01,5.5489627434e-03
5.5900000000e+00,3.8703161827e+00,9.9742292074e-01,5.5382363876e-03
5.5910000000e+00,3.8713136084e+00,9.9742845362e-01,5.5275280095e-03
5.5920000000e+00,3.8723110396e+00,9.9743397580e-01,5.5168375851e-03
5.5930000000e+00,3.8733084763e+00,9.9743948730e-01,5.5061650904e-03
5.5940000000e+00,3.8743059186e+00,9.9744498814e-01,5.4955105012e-03
5.5950000000e+00,3.8753033663e+00,9.9745047833e-01,5.4848737935e-03
5.5960000000e+00,3.8763008195e+00,9.9745595789e-01,5.4742549433e-03
5.5970000000e+00,3.8772982782e+00,9.9746142685e-01,5.4636539266e-03
5.5980000000e+00,3.8782957424e+00,9.9746688521e-01,5.4530707194e-03
5.5990000000e+00,3.8792932120e+00,9.9747233299e-01,5.4425052977e-03
5.6000000000e+00,3.8802906870e+00,9.9747777022e-01,5.4319576375e-03
5.6010000000e+00,3.8812881675e+00,9.9748319691e-01,5.4214277150e-03
5.6020000000e+00,3.8822856534e+00,9.9748861308e-01,5.4109155063e-03
5.6030000000e+00,3.8832831447e+00,9.9749401875e-01,5.4004209874e-03
5.6040000000e+00,3.8842806415e+00,9.9749941393e-01,5.3899441346e-03
5.6050000000e+00,3.8852781436e+00,9.9750479865e-01,5.3794849238e-03
5.6060000000e+00,3.8862756510e+00,9.9751017291e-01,5.3690433314e-03
5.6070000000e+00,3.8872731639e+00,9.9751553674e-01,5.3586193335e-03
5.6080000000e+00,3.8882706821e+00,9.9752089015e-01,5.3482129064e-03
5.6090000000e+00,3.8892682057e+00,9.9752623317e-01,5.3378240262e-03
5.6100000000e+00,3.8902657346e+00,9.9753156581e-01,5.3274526692e-03
5.6110000000e+00,3.8912632688e+00,9.9753688808e-01,5.3170988117e-03
5.6120000000e+00,3.8922608084e+00,9.9754220001e-01,5.3067624300e-03
5.6130000000e+00,3.8932583532e+00,9.9754750161e-01,5.2964435004e-03
5.6140000000e+00,3.8942559034e+00,9.9755279290e-01,5.2861419992e-03
5.6150000000e+00,3.8952534588e+00,9.9755807390e-01,5.2758579028e-03
5.6160000000e+00,3.8962510195e+00,9.9756334462e-01,5.2655911876e-03
5.6170000000e+00,3.8972485855e+00,9.9756860509e-01,5.2553418299e-03
5.6180000000e+00,3.8982461567e+00,9.9757385531e-01,5.2451098062e-03
5.6190000000e+00,3.8992437332e+00,9.9757909531e-01,5.2348950929e-03
5.6200000000e+00,3.9002413149e+00,9.9758432511e-01,5.2246976665e-03
5.6210000000e+00,3.9012389018e+00,9.9758954472e-01,5.2145175034e-03
5.6220000000e+00,3.9022364940e+00,9.9759475415e-01,5.2043545801e-03
5.6230000000e+00,3.9032340913e+00,9.9759995343e-01,5.1942088732e-03
5.6240000000e+00,3.9042316939e+00,9.9760514257e-01,5.1840803591e-03
5.6250000000e+00,3.9052293016e+00,9.9761032160e-01,5.1739690145e-03
5.6260000000e+00,3.9062269145e+00,9.9761549052e-01,5.1638748159e-03
5.6270000000e+00,3.9072245326e+00,9.9762064935e-01,5.1537977400e-03
5.6280000000e+00,3.9082221558e+00,9.9762579812e-01,5.1437377632e-03
5.6290000000e+00,3.9092197842e+00,9.9763093683e-01,5.1336948623e-03
5.6300000000e+00,3.9102174177e+00,9.9763606551e-01,5.1236690139e-03
5.6310000000e+00,3.9112150563e+00,9.9764118418e-01,5.1136601947e-03
5.6320000000e+00,3.9122127001e+00,9.9764629284e-01,5.1036683814e-03
5.6330000000e+00,3.9132103489e+00,9.9765139152e-01,5.0936935507e-03
5.6340000000e+00,3.9142080028e+00,9.9765648023e-01,5.0837356793e-03
5.6350000000e+00,3.9152056619e+00,9.9766155900e-01,5.0737947440e-03
5.6360000000e+00,3.9162033259e+00,9.9766662783e-01,5.0638707217e-03
5.6370000000e+00,3.9172009951e+00,9.9767168674e-01,5.0539635890e-03
5.6380000000e+00,3.9181986693e+00,9.9767673576e-01,5.0440733227e-03
5.6390000000e+00,3.9191963486e+00,9.9768177490e-01,5.0341998999e-03
5.6400000000e+00,3.9201940329e+00,9.9768680417e-01,5.0243432972e-03
5.6410000000e+00,3.9211917222e+00,9.9769182359e-01,5.0145034915e-03
5.6420000000e+00,3.9221894165e+00,9.9769683318e-01,5.0046804599e-03
5.6430000000e+00,3.9231871158e+00,9.9770183296e-01,4.9948741791e-03
5.6440000000e+00,3.9241848202e+00,9.9770682293e-01,4.9850846262e-03
5.6450000000e+00,3.9251825295e+00,9.9771180313e-01,4.9753117780e-03
5.6460000000e+00,3.9261802438e+00,9.9771677356e-01,4.9655556116e-03
5.6470000000e+00,3.9271779630e+00,9.9772173425e-01,4.9558161040e-03
5.6480000000e+00,3.9281756872e+00,9.9772668520e-01,4.9460932322e-03
5.6490000000e+00,3.9291734164e+00,9.9773162644e-01,4.9363869732e-03
5.6500000000e+00,3.9301711505e+00,9.9773655798e-01,4.9266973041e-03
5.6510000000e+00,3.9311688895e+00,9.9774147984e-01,4.9170242019e-03
5.6520000000e+00,3.9321666334e+00,9.9774639203e-01,4.9073676439e-03
5.6530000000e+00,3.9331643823e+00,9.9775129458e-01,4.8977276070e-03
5.6540000000e+00,3.9341621360e+00,9.9775618749e-01,4.8881040685e-03
5.6550000000e+00,3.9351598947e+00,9.9776107079e-01,4.8784970055e-03
5.6560000000e+00,3.9361576582e+00,9.9776594449e-01,4.8689063951e-03
5.6570000000e+00,3.9371554265e+00,9.9777080861e-01,4.8593322147e-03
5.6580000000e+00,3.9381531998e+00,9.9777566316e-01,4.8497744413e-03
5.6590000000e+00,3.9391509779e+00,9.9778050817e-01,4.8402330523e-03
5.6600000000e+00,3.9401487608e+00,9.9778534364e-01,4.8307080250e-03
5.6610000000e+00,3.9411465486e+00,9.9779016959e-01,4.8211993365e-03
5.6620000000e+00,3.9421443411e+00,9.9779498604e-01,4.8117069643e-03
5.6630000000e+00,3.9431421385e+00,9.9779979301e-01,4.8022308856e-03
5.6640000000e+00,3.9441399407e+00,9.9780459051e-01,4.7927710778e-03
5.6650000000e+00,3.9451377477e+00,9.9780937855e-01,4.7833275182e-03
5.6660000000e+00,3.9461355595e+00,9.9781415717e-01,4.7739001843e-03
5.6670000000e+00,3.9471333760e+00,9.9781892636e-01,4.7644890534e-03
5.6680000000e+00,3.9481311973e+00,9.9782368615e-01,4.7550941030e-03
5.6690000000e+00,3.9491290234e+00,9.9782843655e-01,4.7457153105e-03
5.6700000000e+00,3.9501268542e+00,9.9783317759e-01,4.7363526534e-03
5.6710000000e+00,3.9511246897e+00,9.9783790926e-01,4.7270061092e-03
5.6720000000e+00,3.9521225300e+00,9.9784263160e-01,4.7176756554e-03
5.6730000000e+00,3.9531203750e+00,9.9784734462e-01,4.7083612695e-03
5.6740000000e+00,3.9541182247e+00,9.9785204833e-01,4.6990629291e-03
5.6750000000e+00,3.9551160791e+00,9.9785674275e-01,4.6897806117e-03
5.6760000000e+00,3.9561139382e+00,9.9786142790e-01,4.6805142949e-03
5.6770000000e+00,3.9571118019e+00,9.9786610379e-01,4.6712639564e-03
5.6780000000e+00,3.9581096704e+00,9.9787077043e-01,4.6620295737e-03
5.6790000000e+00,3.9591075435e+00,9.9787542785e-01,4.6528111246e-03
5.6800000000e+00,3.9601054212e+00,9.9788007606e-01,4.6436085866e-03
5.6810000000e+00,3.9611033036e+00,9.9788471507e-01,4.6344219376e-03
5.6820000000e+00,3.9621011907e+00,9.9788934491e-01,4.6252511552e-03
5.6830000000e+00,3.9630990823e+00,9.9789396558e-01,4.6160962171e-03
5.6840000000e+00,3.9640969786e+00,9.9789857711e-01,4.6069571011e-03
5.6850000000e+00,3.9650948795e+00,9.9790317950e-01,4.5978337849e-03
5.6860000000e+00,3.9660927849e+00,9.9790777278e-01,4.5887262465e-03
5.6870000000e+00,3.9670906950e+00,9.9791235696e-01,4.5796344635e-03
5.6880000000e+00,3.9680886097e+00,9.9791693205e-01,4.5705584138e-03
5.6890000000e+00,3.9690865289e+00,9.9792149808e-01,4.5614980753e-03
5.6900000000e+00,3.9700844526e+00,9.9792605505e-01,4.5524534259e-03
5.6910000000e+00,3.9710823810e+00,9.9793060299e-01,4.5434244434e-03
5.6920000000e+00,3.9720803138e+00,9.9793514191e-01,4.5344111058e-03
5.6930000000e+00,3.9730782513e+00,9.9793967182e-01,4.5254133910e-03
5.6940000000e+00,3.9740761932e+00,9.9794419274e-01,4.5164312769e-03
5.6950000000e+00,3.9750741396e+00,9.9794870469e-01,4.5074647416e-03
5.6960000000e+00,3.9760720906e+00,9.9795320768e-01,4.4985137631e-03
5.6970000000e+00,3.9770700460e+00,9.9795770172e-01,4.4895783193e-03
5.6980000000e+00,3.9780680060e+00,9.9796218684e-01,4.4806583883e-03
5.6990000000e+00,3.9790659704e+00,9.9796666304e-01,4.4717539482e-03
5.7000000000e+00,3.9800639393e+00,9.9797113035e-01,4.4628649770e-03
5.7010000000e+00,3.9810619127e+00,9.9797558878e-01,4.4539914529e-03
5.7020000000e+00,3.9820598905e+00,9.9798003834e-01,4.4451333540e-03
5.7030000000e+00,3.9830578728e+00,9.9798447905e-01,4.4362906584e-03
5.7040000000e+00,3.9840558594e+00,9.9798891092e-01,4.4274633443e-03
5.7050000000e+00,3.9850538506e+00,9.9799333398e-01,4.4186513899e-03
5.7060000000e+00,3.9860518461e+00,9.9799774823e-01,4.4098547733e-03
5.7070000000e+00,3.9870498461e+00,9.9800215370e-01,4.4010734728e-03
5.7080000000e+00,3.9880478504e+00,9.9800655038e-01,4.3923074667e-03
5.7090000000e+00,3.9890458592e+00,9.9801093832e-01,4.3835567333e-03
5.7100000000e+00,3.9900438723e+00,9.9801531750e-01,4.3748212507e-03
5.7110000000e+00,3.9910418898e+00,9.9801968796e-01,4.3661009973e-03
5.7120000000e+00,3.9920399117e+00,9.9802404971e-01,4.3573959515e-03
5.7130000000e+00,3.9930379379e+00,9.9802840276e-01,4.3487060915e-03
5.7140000000e+00,3.9940359685e+00,9.9803274713e-01,4.3400313959e-03
5.7150000000e+00,3.9950340034e+00,9.9803708283e-01,4.3313718428e-03
5.7160000000e+00,3.9960320426e+00,9.9804140988e-01,4.3227274109e-03
5.7170000000e+00,3.9970300862e+00,9.9804572829e-01,4.3140980784e-03
5.7180000000e+00,3.9980281341e+00,9.9805003808e-01,4.3054838239e-03
5.7190000000e+00,3.9990261863e+00,9.9805433926e-01,4.2968846258e-03
5.7200000000e+00,4.0000242428e+00,9.9805863185e-01,4.2883004626e-03
5.7210000000e+00,4.0010223035e+00,9.9806291587e-01,4.2797313128e-03
5.7220000000e+00,4.0020203686e+00,9.9806719132e-01,4.2711771550e-03
5.7230000000e+00,4.0030184379e+00,9.9807145823e-01,4.2626379677e-03
5.7240000000e+00,4.0040165115e+00,9.9807571660e-01,4.2541137295e-03
5.7250000000e+00,4.0050145893e+00,9.9807996646e-01,4.2456044189e-03
5.7260000000e+00,4.0060126714e+00,9.9808420781e-01,4.2371100147e-03
5.7270000000e+00,4.0070107578e+00,9.9808844068e-01,4.2286304954e-03
5.7280000000e+00,4.0080088483e+00,9.9809266508e-01,4.2201658397e-03
5.7290000000e+00,4.0090069431e+00,9.9809688102e-01,4.2117160263e-03
5.7300000000e+00,4.0100050421e+00,9.9810108852e-01,4.2032810338e-03
5.7310000000e+00,4.0110031453e+00,9.9810528759e-01,4.1948608411e-03
5.7320000000e+00,4.0120012526e+00,9.9810947824e-01,4.1864554267e-03
5.7330000000e+00,4.0129993642e+00,9.9811366050e-01,4.1780647696e-03
5.7340000000e+00,4.0139974800e+00,9.9811783438e-01,4.1696888484e-03
5.7350000000e+00,4.0149955999e+00,9.9812199988e-01,4.1613276420e-03
5.7360000000e+00,4.0159937240e+00,9.9812615704e-01,4.1529811292e-03
5.7370000000e+00,4.0169918522e+00,9.9813030585e-01,4.1446492888e-03
5.7380000000e+00,4.0179899846e+00,9.9813444634e-01,4.1363320997e-03
5.7390000000e+00,4.0189881211e+00,9.9813857852e-01,4.1280295408e-03
5.7400000000e+00,4.0199862617e+00,9.9814270241e-01,4.1197415910e-03
5.7410000000e+00,4.0209844065e+00,9.9814681801e-01,4.1114682292e-03
5.7420000000e+00,4.0219825554e+00,9.9815092535e-01,4.1032094343e-03
5.7430000000e+00,4.0229807083e+00,9.9815502443e-01,4.0949651854e-03
5.7440000000e+00,4.0239788654e+00,9.9815911528e-01,4.0867354614e-03
5.7450000000e+00,4.0249770266e+00,9.9816319791e-01,4.0785202413e-03
5.7460000000e+00,4.0259751918e+00,9.9816727233e-01,4.0703195041e-03
5.7470000000e+00,4.0269733611e+00,9.9817133855e-01,4.0621332289e-03
5.7480000000e+00,4.0279715345e+00,9.9817539660e-01,4.0539613948e-03
5.7490000000e+00,4.0289697119e+00,9.9817944648e-01,4.0458039809e-03
5.7500000000e+00,4.0299678934e+00,9.9818348821e-01,4.0376609662e-03
5.7510000000e+00,4.0309660789e+00,9.9818752181e-01,4.0295323299e-03
5.7520000000e+00,4.0319642684e+00,9.9819154728e-01,4.0214180511e-03
5.7530000000e+00,4.0329624620e+00,9.9819556465e-01,4.0133181090e-03
5.7540000000e+00,4.0339606595e+00,9.9819957392e-01,4.0052324829e-03
5.7550000000e+00,4.0349588611e+00,9.9820357512e-01,3.9971611518e-03
5.7560000000e+00,4.0359570667e+00,9.9820756825e-01,3.9891040952e-03
5.7570000000e+00,4.0369552762e+00,9.9821155333e-01,3.9810612921e-03
5.7580000000e+00,4.0379534898e+00,9.9821553038e-01,3.9730327219e-03
5.7590000000e+00,4.0389517073e+00,9.9821949940e-01,3.9650183638e-03
5.7600000000e+00,4.0399499288e+00,9.9822346042e-01,3.9570181973e-03
5.7610000000e+00,4.0409481542e+00,9.9822741344e-01,3.9490322016e-03
5.7620000000e+00,4.0419463836e+00,9.9823135849e-01,3.9410603560e-03
5.7630000000e+00,4.0429446169e+00,9.9823529557e-01,3.9331026400e-03
5.7640000000e+00,4.0439428542e+00,9.9823922470e-01,3.9251590330e-03
5.7650000000e+00,4.0449410954e+00,9.9824314589e-01,3.9172295144e-03
5.7660000000e+00,4.0459393405e+00,9.9824705916e-01,3.9093140635e-03
5.7670000000e+00,4.0469375895e+00,9.9825096452e-01,3.9014126599e-03
5.7680000000e+00,4.0479358424e+00,9.9825486199e-01,3.8935252831e-03
5.7690000000e+00,4.0489340992e+00,9.9825875158e-01,3.8856519126e-03
5.7700000000e+00,4.0499323599e+00,9.9826263330e-01,3.8777925278e-03
5.7710000000e+00,4.0509306245e+00,9.9826650717e-01,3.8699471083e-03
5.7720000000e+00,4.0519288929e+00,9.9827037320e-01,3.8621156337e-03
5.7730000000e+00,4.0529271652e+00,9.9827423140e-01,3.8542980836e-03
5.7740000000e+00,4.0539254414e+00,9.9827808180e-01,3.8464944375e-03
5.7750000000e+00,4.0549237214e+00,9.9828192440e-01,3.8387046751e-03
5.7760000000e+00,4.0559220052e+00,9.9828575921e-01,3.8309287761e-03
5.7770000000e+00,4.0569202929e+00,9.9828958626e-01,3.8231667200e-03
5.7780000000e+00,4.0579185844e+00,9.9829340555e-01,3.8154184867e-03
5.7790000000e+00,4.0589168797e+00,9.9829721710e-01,3.8076840557e-03
5.7800000000e+00,4.0599151788e+00,9.9830102092e-01,3.7999634068e-03
5.7810000000e+00,4.0609134817e+00,9.9830481703e-01,3.7922565198e-03
5.7820000000e+00,4.0619117885e+00,9.9830860544e-01,3.7845633745e-03
5.7830000000e+00,4.0629100989e+00,9.9831238616e-01,3.7768839505e-03
5.7840000000e+00,4.0639084132e+00,9.9831615921e-01,3.7692182278e-03
5.7850000000e+00,4.0649067313e+00,9.9831992460e-01,3.7615661861e-03
5.7860000000e+00,4.0659050531e+00,9.9832368235e-01,3.7539278054e-03
5.7870000000e+00,4.0669033786e+00,9.9832743246e-01,3.7463030654e-03
5.7880000000e+00,4.0679017079e+00,9.9833117496e-01,3.7386919461e-03
5.7890000000e+00,4.0689000410e+00,9.9833490985e-01,3.7310944273e-03
5.7900000000e+00,4.0698983777e+00,9.9833863715e-01,3.7235104891e-03
5.7910000000e+00,4.0708967182e+00,9.9834235688e-01,3.7159401114e-03
5.7920000000e+00,4.0718950625e+00,9.9834606904e-01,3.7083832740e-03
5.7930000000e+00,4.0728934104e+00,9.9834977365e-01,3.7008399572e-03
5.7940000000e+00,4.0738917620e+00,9.9835347072e-01,3.6933101407e-03
5.7950000000e+00,4.0748901173e+00,9.9835716027e-01,3.6857938047e-03
5.7960000000e+00,4.0758884763e+00,9.9836084232e-01,3.6782909293e-03
5.7970000000e+00,4.0768868390e+00,9.9836451686e-01,3.6708014945e-03
5.7980000000e+00,4.0778852054e+00,9.9836818392e-01,3.6633254804e-03
5.7990000000e+00,4.0788835754e+00,9.9837184352e-01,3.6558628671e-03
5.8000000000e+00,4.0798819490e+00,9.9837549565e-01,3.6484136348e-03
5.8010000000e+00,4.0808803264e+00,9.9837914035e-01,3.6409777636e-03
5.8020000000e+00,4.0818787073e+00,9.9838277761e-01,3.6335552336e-03
5.8030000000e+00,4.0828770919e+00,9.9838640746e-01,3.6261460252e-03
5.8040000000e+00,4.0838754801e+00,9.9839002991e-01,3.6187501185e-03
5.8050000000e+00,4.0848738720e+00,9.9839364497e-01,3.6113674938e-03
5.8060000000e+00,4.0858722674e+00,9.9839725265e-01,3.6039981312e-03
5.8070000000e+00,4.0868706665e+00,9.9840085297e-01,3.5966420112e-03
5.8080000000e+00,4.0878690691e+00,9.9840444594e-01,3.5892991139e-03
5.8090000000e+00,4.0888674754e+00,9.9840803157e-01,3.5819694198e-03
5.8100000000e+00,4.0898658852e+00,9.9841160988e-01,3.5746529091e-03
5.8110000000e+00,4.0908642986e+00,9.9841518088e-01,3.5673495623e-03
5.8120000000e+00,4.0918627155e+00,9.9841874458e-01,3.5600593596e-03
5.8130000000e+00,4.0928611361e+00,9.9842230100e-01,3.5527822816e-03
5.8140000000e+00,4.0938595601e+00,9.9842585015e-01,3.5455183086e-03
5.8150000000e+00,4.0948579878e+00,9.9842939204e-01,3.5382674210e-03
5.8160000000e+00,4.0958564189e+00,9.9843292669e-01,3.5310295994e-03
5.8170000000e+00,4.0968548536e+00,9.9843645411e-01,3.5238048243e-03
5.8180000000e+00,4.0978532918e+00,9.9843997431e-01,3.5165930761e-03
5.8190000000e+00,4.0988517336e+00,9.9844348730e-01,3.5093943353e-03
5.8200000000e+00,4.0998501788e+00,9.9844699310e-01,3.5022085825e-03
5.8210000000e+00,4.1008486275e+00,9.9845049172e-01,3.4950357983e-03
5.8220000000e+00,4.1018470798e+00,9.9845398318e-01,3.4878759633e-03
5.8230000000e+00,4.1028455355e+00,9.9845746748e-01,3.4807290580e-03
5.8240000000e+00,4.1038439947e+00,9.9846094464e-01,3.4735950632e-03
5.8250000000e+00,4.1048424574e+00,9.9846441467e-01,3.4664739593e-03
5.8260000000e+00,4.1058409235e+00,9.9846787759e-01,3.4593657272e-03
5.8270000000e+00,4.1068393931e+00,9.9847133341e-01,3.4522703475e-03
5.8280000000e+00,4.1078378662e+00,9.9847478213e-01,3.4451878009e-03
5.8290000000e+00,4.1088363427e+00,9.9847822379e-01,3.4381180682e-03
5.8300000000e+00,4.1098348226e+00,9.9848165838e-01,3.4310611301e-03
5.8310000000e+00,4.1108333060e+00,9.9848508591e-01,3.4240169673e-03
5.8320000000e+00,4.1118317928e+00,9.9848850641e-01,3.4169855607e-03
5.8330000000e+00,4.1128302830e+00,9.9849191989e-01,3.4099668910e-03
5.8340000000e+00,4.1138287767e+00,9.9849532635e-01,3.4029609392e-03
5.8350000000e+00,4.1148272737e+00,9.9849872581e-01,3.3959676860e-03
5.8360000000e+00,4.1158257741e+00,9.9850211829e-01,3.3889871124e-03
5.8370000000e+00,4.1168242779e+00,9.9850550379e-01,3.3820191991e-03
5.8380000000e+00,4.1178227851e+00,9.9850888233e-01,3.3750639273e-03
5.8390000000e+00,4.1188212957e+00,9.9851225393e-01,3.3681212777e-03
5.8400000000e+00,4.1198198096e+00,9.9851561858e-01,3.3611912313e-03
5.8410000000e+00,4.1208183269e+00,9.9851897631e-01,3.3542737691e-03
5.8420000000e+00,4.1218168476e+00,9.9852232713e-01,3.3473688721e-03
5.8430000000e+00,4.1228153716e+00,9.9852567105e-01,3.3404765214e-03
5.8440000000e+00,4.1238138989e+00,9.9852900809e-01,3.3335966979e-03
5.8450000000e+00,4.1248124296e+00,9.9853233825e-01,3.3267293827e-03
5.8460000000e+00,4.1258109636e+00,9.9853566155e-01,3.3198745568e-03
5.8470000000e+00,4.1268095009e+00,9.9853897800e-01,3.3130322015e-03
5.8480000000e+00,4.1278080415e+00,9.9854228762e-01,3.3062022978e-03
5.8490000000e+00,4.1288065855e+00,9.9854559041e-01,3.2993848268e-03
5.8500000000e+00,4.1298051327e+00,9.9854888639e-01,3.2925797697e-03
5.8510000000e+00,4.1308036832e+00,9.9855217558e-01,3.2857871077e-03
5.8520000000e+00,4.1318022371e+00,9.9855545797e-01,3.2790068220e-03
5.8530000000e+00,4.1328007942e+00,9.9855873359e-01,3.2722388937e-03
5.8540000000e+00,4.1337993545e+00,9.9856200245e-01,3.2654833042e-03
5.8550000000e+00,4.1347979182e+00,9.9856526457e-01,3.2587400347e-03
5.8560000000e+00,4.1357964851e+00,9.9856851994e-01,3.2520090665e-03
5.8570000000e+00,4.1367950552e+00,9.9857176859e-01,3.2452903808e-03
5.8580000000e+00,4.1377936286e+00,9.9857501052e-01,3.2385839590e-03
5.8590000000e+00,4.1387922052e+00,9.9857824576e-01,3.2318897825e-03
5.8600000000e+00,4.1397907851e+00,9.9858147431e-01,3.2252078326e-03
5.8610000000e+00,4.1407893682e+00,9.9858469618e-01,3.2185380906e-03
5.8620000000e+00,4.1417879545e+00,9.9858791139e-01,3.2118805381e-03
5.8630000000e+00,4.1427865440e+00,9.9859111994e-01,3.2052351563e-03
5.8640000000e+00,4.1437851367e+00,9.9859432186e-01,3.1986019268e-03
5.8650000000e+00,4.1447837326e+00,9.9859751715e-01,3.1919808310e-03
5.8660000000e+00,4.1457823317e+00,9.9860070583e-01,3.1853718504e-03
5.8670000000e+00,4.1467809340e+00,9.9860388790e-01,3.1787749665e-03
5.8680000000e+00,4.1477795395e+00,9.9860706338e-01,3.1721901609e-03
5.8690000000e+00,4.1487781482e+00,9.9861023228e-01,3.1656174149e-03
5.8700000000e+00,4.1497767600e+00,9.9861339462e-01,3.1590567104e-03
5.8710000000e+00,4.1507753749e+00,9.9861655040e-01,3.1525080287e-03
5.8720000000e+00,4.1517739931e+00,9.9861969964e-01,3.1459713515e-03
5.8730000000e+00,4.1527726143e+00,9.9862284235e-01,3.1394466605e-03
5.8740000000e+00,4.1537712388e+00,9.9862597854e-01,3.1329339373e-03
5.8750000000e+00,4.1547698663e+00,9.9862910822e-01,3.1264331635e-03
5.8760000000e+00,4.1557684970e+00,9.9863223141e-01,3.1199443209e-03
5.8770000000e+00,4.1567671308e+00,9.9863534811e-01,3.1134673911e-03
5.8780000000e+00,4.1577657677e+00,9.9863845835e-01,3.1070023559e-03
5.8790000000e+00,4.1587644077e+00,9.9864156212e-01,3.1005491970e-03
5.8800000000e+00,4.1597630508e+00,9.9864465945e-01,3.0941078962e-03
5.8810000000e+00,4.1607616970e+00,9.9864775034e-01,3.0876784352e-03
5.8820000000e+00,4.1617603463e+00,9.9865083481e-01,3.0812607960e-03
5.8830000000e+00,4.1627589987e+00,9.9865391287e-01,3.0748549602e-03
5.8840000000e+00,4.1637576541e+00,9.9865698452e-01,3.0684609098e-03
5.8850000000e+00,4.1647563126e+00,9.9866004979e-01,3.0620786265e-03
5.8860000000e+00,4.1657549742e+00,9.9866310869e-01,3.0557080924e-03
5.8870000000e+00,4.1667536388e+00,9.9866616121e-01,3.0493492893e-03
5.8880000000e+00,4.1677523065e+00,9.9866920739e-01,3.0430021992e-03
5.8890000000e+00,4.1687509773e+00,9.9867224722e-01,3.0366668039e-03
5.8900000000e+00,4.1697496510e+00,9.9867528073e-01,3.0303430854e-03
5.8910000000e+00,4.1707483278e+00,9.9867830791e-01,3.0240310259e-03
5.8920000000e+00,4.1717470076e+00,9.9868132879e-01,3.0177306071e-03
5.8930000000e+00,4.1727456905e+00,9.9868434338e-01,3.0114418112e-03
5.8940000000e+00,4.1737443763e+00,9.9868735168e-01,3.0051646203e-03
5.8950000000e+00,4.1747430652e+00,9.9869035371e-01,2.9988990163e-03
5.8960000000e+00,4.1757417570e+00,9.9869334948e-01,2.9926449814e-03
5.8970000000e+00,4.1767404519e+00,9.9869633900e-01,2.9864024978e-03
5.8980000000e+00,4.1777391497e+00,9.9869932229e-01,2.9801715474e-03
5.8990000000e+00,4.1787378505e+00,9.9870229935e-01,2.9739521125e-03
5.9000000000e+00,4.1797365543e+00,9.9870527020e-01,2.9677441752e-03
5.9010000000e+00,4.1807352610e+00,9.9870823484e-01,2.9615477177e-03
5.9020000000e+00,4.1817339708e+00,9.9871119330e-01,2.9553627223e-03
5.9030000000e+00,4.1827326834e+00,9.9871414557e-01,2.9491891711e-03
5.9040000000e+00,4.1837313990e+00,9.9871709168e-01,2.9430270464e-03
5.9050000000e+00,4.1847301176e+00,9.9872003163e-01,2.9368763305e-03
5.9060000000e+00,4.1857288391e+00,9.9872296544e-01,2.9307370057e-03
5.9070000000e+00,4.1867275635e+00,9.9872589311e-01,2.9246090542e-03
5.9080000000e+00,4.1877262909e+00,9.9872881466e-01,2.9184924585e-03
5.9090000000e+00,4.1887250212e+00,9.9873173010e-01,2.9123872008e-03
5.9100000000e+00,4.1897237544e+00,9.9873463944e-01,2.9062932635e-03
5.9110000000e+00,4.1907224904e+00,9.9873754269e-01,2.9002106290e-03
5.9120000000e+00,4.1917212294e+00,9.9874043986e-01,2.8941392797e-03
5.9130000000e+00,4.1927199713e+00,9.9874333097e-01,2.8880791981e-03
5.9140000000e+00,4.1937187161e+00,9.9874621602e-01,2.8820303665e-03
5.9150000000e+00,4.1947174638e+00,9.9874909503e-01,2.8759927675e-03
5.9160000000e+00,4.1957162143e+00,9.9875196801e-01,2.8699663836e-03
5.9170000000e+00,4.1967149677e+00,9.9875483497e-01,2.8639511972e-03
5.9180000000e+00,4.1977137240e+00,9.9875769592e-01,2.8579471909e-03
5.9190000000e+00,4.1987124831e+00,9.9876055087e-01,2.8519543472e-03
5.9200000000e+00,4.1997112451e+00,9.9876339983e-01,2.8459726488e-03
5.9210000000e+00,4.2007100099e+00,9.9876624282e-01,2.8400020781e-03
5.9220000000e+00,4.2017087775e+00,9.9876907984e-01,2.8340426178e-03
5.9230000000e+00,4.2027075480e+00,9.9877191091e-01,2.8280942506e-03
5.9240000000e+00,4.2037063214e+00,9.9877473603e-01,2.8221569590e-03
5.9250000000e+00,4.2047050975e+00,9.9877755522e-01,2.8162307258e-03
5.9260000000e+00,4.2057038765e+00,9.9878036850e-01,2.8103155335e-03
5.9270000000e+00,4.2067026582e+00,9.9878317586e-01,2.8044113651e-03
5.9280000000e+00,4.2077014428e+00,9.9878597732e-01,2.7985182030e-03
5.9290000000e+00,4.2087002302e+00,9.9878877290e-01,2.7926360302e-03
5.9300000000e+00,4.2096990204e+00,9.9879156260e-01,2.7867648294e-03
5.9310000000e+00,4.2106978133e+00,9.9879434643e-01,2.7809045833e-03
5.9320000000e+00,4.2116966090e+00,9.9879712441e-01,2.7750552748e-03
5.9330000000e+00,4.2126954076e+00,9.9879989655e-01,2.7692168867e-03
5.9340000000e+00,4.2136942088e+00,9.9880266285e-01,2.7633894018e-03
5.9350000000e+00,4.2146930129e+00,9.9880542333e-01,2.7575728031e-03
5.9360000000e+00,4.2156918197e+00,9.9880817800e-01,2.7517670733e-03
5.9370000000e+00,4.2166906292e+00,9.9881092687e-01,2.7459721955e-03
5.9380000000e+00,4.2176894415e+00,9.9881366995e-01,2.7401881524e-03
5.9390000000e+00,4.2186882566e+00,9.9881640725e-01,2.7344149271e-03
5.9400000000e+00,4.2196870743e+00,9.9881913878e-01,2.7286525026e-03
5.9410000000e+00,4.2206858949e+00,9.9882186455e-01,2.7229008618e-03
5.9420000000e+00,4.2216847181e+00,9.9882458458e-01,2.7171599877e-03
5.9430000000e+00,4.2226835440e+00,9.9882729888e-01,2.7114298633e-03
5.9440000000e+00,4.2236823727e+00,9.9883000745e-01,2.7057104718e-03
5.9450000000e+00,4.2246812040e+00,9.9883271030e-01,2.7000017961e-03
5.9460000000e+00,4.2256800381e+00,9.9883540745e-01,2.6943038193e-03
5.9470000000e+00,4.2266788748e+00,9.9883809891e-01,2.6886165246e-03
5.9480000000e+00,4.2276777143e+00,9.9884078469e-01,2.6829398950e-03
5.9490000000e+00,4.2286765564e+00,9.9884346480e-01,2.6772739137e-03
5.9500000000e+00,4.2296754012e+00,9.9884613924e-01,2.6716185639e-03
5.9510000000e+00,4.2306742487e+00,9.9884880804e-01,2.6659738288e-03
5.9520000000e+00,4.2316730988e+00,9.9885147119e-01,2.6603396915e-03
5.9530000000e+00,4.2326719516e+00,9.9885412872e-01,2.6547161353e-03
5.9540000000e+00,4.2336708071e+00,9.9885678063e-01,2.6491031434e-03
5.9550000000e+00,4.2346696652e+00,9.9885942693e-01,2.6435006991e-03
5.9560000000e+00,4.2356685259e+00,9.9886206763e-01,2.6379087856e-03
5.9570000000e+00,4.2366673893e+00,9.9886470275e-01,2.6323273863e-03
5.9580000000e+00,4.2376662553e+00,9.9886733229e-01,2.6267564845e-03
5.9590000000e+00,4.2386651240e+00,9.9886995627e-01,2.6211960635e-03
5.9600000000e+00,4.2396639953e+00,9.9887257469e-01,2.6156461066e-03
5.9610000000e+00,4.2406628691e+00,9.9887518756e-01,2.6101065973e-03
5.9620000000e+00,4.2416617456e+00,9.9887779490e-01,2.6045775189e-03
5.9630000000e+00,4.2426606247e+00,9.9888039672e-01,2.5990588549e-03
5.9640000000e+00,4.2436595064e+00,9.9888299303e-01,2.5935505888e-03
5.9650000000e+00,4.2446583907e+00,9.9888558383e-01,2.5880527038e-03
5.9660000000e+00,4.2456572776e+00,9.9888816913e-01,2.5825651836e-03
5.9670000000e+00,4.2466561670e+00,9.9889074896e-01,2.5770880117e-03
5.9680000000e+00,4.2476550591e+00,9.9889332331e-01,2.5716211714e-03
5.9690000000e+00,4.2486539537e+00,9.9889589221e-01,2.5661646465e-03
5.9700000000e+00,4.2496528509e+00,9.9889845565e-01,2.5607184204e-03
5.9710000000e+00,4.2506517506e+00,9.9890101365e-01,2.5552824767e-03
5.9720000000e+00,4.2516506529e+00,9.9890356622e-01,2.5498567990e-03
5.9730000000e+00,4.2526495577e+00,9.9890611336e-01,2.5444413709e-03
5.9740000000e+00,4.2536484651e+00,9.9890865510e-01,2.5390361761e-03
5.9750000000e+00,4.2546473750e+00,9.9891119144e-01,2.5336411981e-03
5.9760000000e+00,4.2556462875e+00,9.9891372239e-01,2.5282564207e-03
5.9770000000e+00,4.2566452025e+00,9.9891624796e-01,2.5228818276e-03
5.9780000000e+00,4.2576441200e+00,9.9891876815e-01,2.5175174025e-03
5.9790000000e+00,4.2586430400e+00,9.9892128299e-01,2.5121631290e-03
5.9800000000e+00,4.2596419625e+00,9.9892379248e-01,2.5068189911e-03
5.9810000000e+00,4.2606408876e+00,9.9892629664e-01,2.5014849723e-03
5.9820000000e+00,4.2616398151e+00,9.9892879546e-01,2.4961610565e-03
5.9830000000e+00,4.2626387452e+00,9.9893128896e-01,2.4908472275e-03
5.9840000000e+00,4.2636376777e+00,9.9893377716e-01,2.4855434692e-03
5.9850000000e+00,4.2646366127e+00,9.9893626005e-01,2.4802497654e-03
5.9860000000e+00,4.2656355502e+00,9.9893873766e-01,2.4749660999e-03
5.9870000000e+00,4.2666344902e+00,9.9894120999e-01,2.4696924566e-03
5.9880000000e+00,4.2676334327e+00,9.9894367705e-01,2.4644288195e-03
5.9890000000e+00,4.2686323776e+00,9.9894613885e-01,2.4591751724e-03
5.9900000000e+00,4.2696313249e+00,9.9894859540e-01,2.4539314994e-03
5.9910000000e+00,4.2706302748e+00,9.9895104671e-01,2.4486977843e-03
5.9920000000e+00,4.2716292270e+00,9.9895349280e-01,2.4434740112e-03
5.9930000000e+00,4.2726281817e+00,9.9895593367e-01,2.4382601640e-03
5.9940000000e+00,4.2736271389e+00,9.9895836932e-01,2.4330562267e-03
5.9950000000e+00,4.2746260985e+00,9.9896079978e-01,2.4278621835e-03
5.9960000000e+00,4.2756250605e+00,9.9896322505e-01,2.4226780184e-03
5.9970000000e+00,4.2766240249e+00,9.9896564514e-01,2.4175037154e-03
5.9980000000e+00,4.2776229918e+00,9.9896806006e-01,2.4123392586e-03
5.9990000000e+00,4.2786219610e+00,9.9897046982e-01,2.4071846322e-03
6.0000000000e+00,4.2796209327e+00,9.9897287443e-01,2.4020398203e-03
6.0010000000e+00,4.2806199068e+00,9.9897527390e-01,2.3969048070e-03
6.0020000000e+00,4.2816188833e+00,9.9897766825e-01,2.3917795766e-03
6.0030000000e+00,4.2826178621e+00,9.9898005747e-01,2.3866641132e-03
6.0040000000e+00,4.2836168434e+00,9.9898244158e-01,2.3815584010e-03
6.0050000000e+00,4.2846158270e+00,9.9898482059e-01,2.3764624242e-03
6.0060000000e+00,4.2856148130e+00,9.9898719451e-01,2.3713761672e-03
6.0070000000e+00,4.2866138014e+00,9.9898956334e-01,2.3662996142e-03
6.0080000000e+00,4.2876127921e+00,9.9899192711e-01,2.3612327494e-03
6.0090000000e+00,4.2886117852e+00,9.9899428581e-01,2.3561755572e-03
6.0100000000e+00,4.2896107807e+00,9.9899663946e-01,2.3511280219e-03
6.0110000000e+00,4.2906097785e+00,9.9899898807e-01,2.3460901279e-03
6.0120000000e+00,4.2916087787e+00,9.9900133165e-01,2.3410618595e-03
6.0130000000e+00,4.2926077812e+00,9.9900367020e-01,2.3360432010e-03
6.0140000000e+00,4.2936067860e+00,9.9900600374e-01,2.3310341370e-03
6.0150000000e+00,4.2946057932e+00,9.9900833227e-01,2.3260346519e-03
6.0160000000e+00,4.2956048027e+00,9.9901065581e-01,2.3210447300e-03
6.0170000000e+00,4.2966038145e+00,9.9901297436e-01,2.3160643558e-03
6.0180000000e+00,4.2976028286e+00,9.9901528794e-01,2.3110935139e-03
6.0190000000e+00,4.2986018451e+00,9.9901759655e-01,2.3061321886e-03
6.0200000000e+00,4.2996008638e+00,9.9901990021e-01,2.3011803646e-03
6.0210000000e+00,4.3005998849e+00,9.9902219892e-01,2.2962380264e-03
6.0220000000e+00,4.3015989082e+00,9.9902449269e-01,2.2913051585e-03
6.0230000000e+00,4.3025979339e+00,9.9902678153e-01,2.2863817455e-03
6.0240000000e+00,4.3035969618e+00,9.9902906545e-01,2.2814677720e-03
6.0250000000e+00,4.3045959920e+00,9.9903134447e-01,2.2765632226e-03
6.0260000000e+00,4.3055950245e+00,9.9903361858e-01,2.2716680819e-03
6.0270000000e+00,4.3065940592e+00,9.9903588781e-01,2.2667823347e-03
6.0280000000e+00,4.3075930962e+00,9.9903815215e-01,2.2619059655e-03
6.0290000000e+00,4.3085921355e+00,9.9904041162e-01,2.2570389591e-03
6.0300000000e+00,4.3095911771e+00,9.9904266623e-01,2.2521813001e-03
6.0310000000e+00,4.3105902209e+00,9.9904491599e-01,2.2473329733e-03
6.0320000000e+00,4.3115892669e+00,9.9904716090e-01,2.2424939635e-03
6.0330000000e+00,4.3125883152e+00,9.9904940098e-01,2.2376642553e-03
6.0340000000e+00,4.3135873657e+00,9.9905163623e-01,2.2328438337e-03
6.0350000000e+00,4.3145864184e+00,9.9905386667e-01,2.2280326833e-03
6.0360000000e+00,4.3155854734e+00,9.9905609230e-01,2.2232307891e-03
6.0370000000e+00,4.3165845306e+00,9.9905831313e-01,2.2184381358e-03
6.0380000000e+00,4.3175835900e+00,9.9906052918e-01,2.2136547083e-03
6.0390000000e+00,4.3185826517e+00,9.9906274045e-01,2.2088804915e-03
6.0400000000e+00,4.3195817155e+00,9.9906494694e-01,2.2041154703e-03
6.0410000000e+00,4.3205807816e+00,9.9906714868e-01,2.1993596296e-03
6.0420000000e+00,4.3215798498e+00,9.9906934567e-01,2.1946129543e-03
6.0430000000e+00,4.3225789203e+00,9.9907153791e-01,2.1898754294e-03
6.0440000000e+00,4.3235779929e+00,9.9907372542e-01,2.1851470399e-03
6.0450000000e+00,4.3245770677e+00,9.9907590821e-01,2.1804277708e-03
6.0460000000e+00,4.3255761447e+00,9.9907808628e-01,2.1757176070e-03
6.0470000000e+00,4.3265752239e+00,9.9908025965e-01,2.1710165336e-03
6.0480000000e+00,4.3275743052e+00,9.9908242832e-01,2.1663245357e-03
6.0490000000e+00,4.3285733887e+00,9.9908459230e-01,2.1616415983e-03
6.0500000000e+00,4.3295724744e+00,9.9908675160e-01,2.1569677064e-03
6.0510000000e+00,4.3305715622e+00,9.9908890624e-01,2.1523028453e-03
6.0520000000e+00,4.3315706522e+00,9.9909105621e-01,2.1476470000e-03
6.0530000000e+00,4.3325697444e+00,9.9909320153e-01,2.1430001556e-03
6.0540000000e+00,4.3335688386e+00,9.9909534221e-01,2.1383622974e-03
6.0550000000e+00,4.3345679350e+00,9.9909747826e-01,2.1337334105e-03
6.0560000000e+00,4.3355670336e+00,9.9909960968e-01,2.1291134800e-03
6.0570000000e+00,4.3365661343e+00,9.9910173649e-01,2.1245024913e-03
6.0580000000e+00,4.3375652371e+00,9.9910385869e-01,2.1199004296e-03
6.0590000000e+00,4.3385643420e+00,9.9910597629e-01,2.1153072800e-03
6.0600000000e+00,4.3395634490e+00,9.9910808931e-01,2.1107230279e-03
6.0610000000e+00,4.3405625581e+00,9.9911019774e-01,2.1061476586e-03
6.0620000000e+00,4.3415616694e+00,9.9911230161e-01,2.1015811574e-03
6.0630000000e+00,4.3425607827e+00,9.9911440091e-01,2.0970235095e-03
6.0640000000e+00,4.3435598982e+00,9.9911649566e-01,2.0924747004e-03
6.0650000000e+00,4.3445590157e+00,9.9911858586e-01,2.0879347154e-03
6.0660000000e+00,4.3455581354e+00,9.9912067153e-01,2.0834035400e-03
6.0670000000e+00,4.3465572571e+00,9.9912275267e-01,2.0788811594e-03
6.0680000000e+00,4.3475563809e+00,9.9912482929e-01,2.0743675591e-03
6.0690000000e+00,4.3485555067e+00,9.9912690141e-01,2.0698627246e-03
6.0700000000e+00,4.3495546347e+00,9.9912896902e-01,2.0653666413e-03
6.0710000000e+00,4.3505537647e+00,9.9913103215e-01,2.0608792947e-03
6.0720000000e+00,4.3515528967e+00,9.9913309078e-01,2.0564006703e-03
6.0730000000e+00,4.3525520309e+00,9.9913514495e-01,2.0519307536e-03
6.0740000000e+00,4.3535511670e+00,9.9913719465e-01,2.0474695301e-03
6.0750000000e+00,4.3545503052e+00,9.9913923989e-01,2.0430169854e-03
6.0760000000e+00,4.3555494455e+00,9.9914128069e-01,2.0385731051e-03
6.0770000000e+00,4.3565485878e+00,9.9914331704e-01,2.0341378747e-03
6.0780000000e+00,4.3575477321e+00,9.9914534896e-01,2.0297112798e-03
6.0790000000e+00,4.3585468785e+00,9.9914737647e-01,2.0252933061e-03
6.0800000000e+00,4.3595460269e+00,9.9914939955e-01,2.0208839392e-03
6.0810000000e+00,4.3605451773e+00,9.9915141824e-01,2.0164831648e-03
6.0820000000e+00,4.3615443297e+00,9.9915343252e-01,2.0120909685e-03
6.0830000000e+00,4.3625434842e+00,9.9915544242e-01,2.0077073360e-03
6.0840000000e+00,4.3635426406e+00,9.9915744794e-01,2.0033322532e-03
6.0850000000e+00,4.3645417991e+00,9.9915944909e-01,1.9989657056e-03
6.0860000000e+00,4.3655409595e+00,9.9916144587e-01,1.9946076790e-03
6.0870000000e+00,4.3665401219e+00,9.9916343831e-01,1.9902581593e-03
6.0880000000e+00,4.3675392864e+00,9.9916542639e-01,1.9859171322e-03
6.0890000000e+00,4.3685384528e+00,9.9916741014e-01,1.9815845835e-03
6.0900000000e+00,4.3695376212e+00,9.9916938957e-01,1.9772604990e-03
6.0910000000e+00,4.3705367916e+00,9.9917136467e-01,1.9729448646e-03
6.0920000000e+00,4.3715359639e+00,9.9917333546e-01,1.9686376662e-03
6.0930000000e+00,4.3725351382e+00,9.9917530195e-01,1.9643388896e-03
6.0940000000e+00,4.3735343145e+00,9.9917726414e-01,1.9600485207e-03
6.0950000000e+00,4.3745334928e+00,9.9917922205e-01,1.9557665454e-03
6.0960000000e+00,4.3755326730e+00,9.9918117567e-01,1.9514929497e-03
6.0970000000e+00,4.3765318551e+00,9.9918312503e-01,1.9472277196e-03
6.0980000000e+00,4.3775310392e+00,9.9918507013e-01,1.9429708409e-03
6.0990000000e+00,4.3785302253e+00,9.9918701098e-01,1.9387222998e-03
6.1000000000e+00,4.3795294132e+00,9.9918894758e-01,1.9344820821e-03
6.1010000000e+00,4.3805286032e+00,9.9919087995e-01,1.9302501739e-03
6.1020000000e+00,4.3815277950e+00,9.9919280808e-01,1.9260265613e-03
6.1030000000e+00,4.3825269888e+00,9.9919473200e-01,1.9218112304e-03
6.1040000000e+00,4.3835261845e+00,9.9919665171e-01,1.9176041671e-03
6.1050000000e+00,4.3845253821e+00,9.9919856721e-01,1.9134053577e-03
6.1060000000e+00,4.3855245816e+00,9.9920047852e-01,1.9092147881e-03
6.1070000000e+00,4.3865237830e+00,9.9920238565e-01,1.9050324447e-03
6.1080000000e+00,4.3875229864e+00,9.9920428859e-01,1.9008583134e-03
6.1090000000e+00,4.3885221916e+00,9.9920618736e-01,1.8966923805e-03
6.1100000000e+00,4.3895213987e+00,9.9920808198e-01,1.8925346322e-03
6.1110000000e+00,4.3905206078e+00,9.9920997244e-01,1.8883850546e-03
6.1120000000e+00,4.3915198187e+00,9.9921185875e-01,1.8842436341e-03
6.1130000000e+00,4.3925190315e+00,9.9921374093e-01,1.8801103568e-03
6.1140000000e+00,4.3935182462e+00,9.9921561897e-01,1.8759852090e-03
6.1150000000e+00,4.3945174627e+00,9.9921749290e-01,1.8718681770e-03
6.1160000000e+00,4.3955166811e+00,9.9921936271e-01,1.8677592470e-03
6.1170000000e+00,4.3965159014e+00,9.9922122842e-01,1.8636584055e-03
6.1180000000e+00,4.3975151236e+00,9.9922309003e-01,1.8595656387e-03
6.1190000000e+00,4.3985143476e+00,9.9922494755e-01,1.8554809329e-03
6.1200000000e+00,4.3995135735e+00,9.9922680100e-01,1.8514042746e-03
6.1210000000e+00,4.4005128012e+00,9.9922865037e-01,1.8473356502e-03
6.1220000000e+00,4.4015120308e+00,9.9923049567e-01,1.8432750459e-03
6.1230000000e+00,4.4025112622e+00,9.9923233692e-01,1.8392224483e-03
6.1240000000e+00,4.4035104955e+00,9.9923417412e-01,1.8351778439e-03
6.1250000000e+00,4.4045097306e+00,9.9923600728e-01,1.8311412189e-03
6.1260000000e+00,4.4055089675e+00,9.9923783640e-01,1.8271125600e-03
6.1270000000e+00,4.4065082062e+00,9.9923966150e-01,1.8230918537e-03
6.1280000000e+00,4.4075074468e+00,9.9924148259e-01,1.8190790863e-03
6.1290000000e+00,4.4085066892e+00,9.9924329967e-01,1.8150742446e-03
6.1300000000e+00,4.4095059334e+00,9.9924511274e-01,1.8110773149e-03
6.1310000000e+00,4.4105051794e+00,9.9924692182e-01,1.8070882839e-03
6.1320000000e+00,4.4115044272e+00,9.9924872692e-01,1.8031071382e-03
6.1330000000e+00,4.4125036769e+00,9.9925052804e-01,1.7991338643e-03
6.1340000000e+00,4.4135029283e+00,9.9925232519e-01,1.7951684490e-03
6.1350000000e+00,4.4145021815e+00,9.9925411838e-01,1.7912108787e-03
6.1360000000e+00,4.4155014365e+00,9.9925590761e-01,1.7872611402e-03
6.1370000000e+00,4.4165006933e+00,9.9925769290e-01,1.7833192201e-03
6.1380000000e+00,4.4174999519e+00,9.9925947426e-01,1.7793851052e-03
6.1390000000e+00,4.4184992123e+00,9.9926125168e-01,1.7754587821e-03
6.1400000000e+00,4.4194984744e+00,9.9926302518e-01,1.7715402375e-03
6.1410000000e+00,4.4204977383e+00,9.9926479476e-01,1.7676294583e-03
6.1420000000e+00,4.4214970040e+00,9.9926656044e-01,1.7637264311e-03
6.1430000000e+00,4.4224962714e+00,9.9926832222e-01,1.7598311427e-03
6.1440000000e+00,4.4234955406e+00,9.9927008010e-01,1.7559435800e-03
6.1450000000e+00,4.4244948116e+00,9.9927183411e-01,1.7520637297e-03
6.1460000000e+00,4.4254940843e+00,9.9927358423e-01,1.7481915787e-03
6.1470000000e+00,4.4264933588e+00,9.9927533049e-01,1.7443271139e-03
6.1480000000e+00,4.4274926350e+00,9.9927707289e-01,1.7404703220e-03
6.1490000000e+00,4.4284919129e+00,9.9927881143e-01,1.7366211900e-03
6.1500000000e+00,4.4294911926e+00,9.9928054613e-01,1.7327797047e-03
6.1510000000e+00,4.4304904740e+00,9.9928227700e-01,1.7289458532e-03
6.1520000000e+00,4.4314897571e+00,9.9928400403e-01,1.7251196222e-03
6.1530000000e+00,4.4324890420e+00,9.9928572724e-01,1.7213009989e-03
6.1540000000e+00,4.4334883286e+00,9.9928744663e-01,1.7174899701e-03
6.1550000000e+00,4.4344876169e+00,9.9928916222e-01,1.7136865228e-03
6.1560000000e+00,4.4354869069e+00,9.9929087401e-01,1.7098906441e-03
6.1570000000e+00,4.4364861987e+00,9.9929258200e-01,1.7061023209e-03
6.1580000000e+00,4.4374854921e+00,9.9929428622e-01,1.7023215404e-03
6.1590000000e+00,4.4384847872e+00,9.9929598665e-01,1.6985482895e-03
6.1600000000e+00,4.4394840841e+00,9.9929768331e-01,1.6947825553e-03
6.1610000000e+00,4.4404833826e+00,9.9929937622e-01,1.6910243250e-03
6.1620000000e+00,4.4414826828e+00,9.9930106537e-01,1.6872735856e-03
6.1630000000e+00,4.4424819847e+00,9.9930275077e-01,1.6835303243e-03
6.1640000000e+00,4.4434812883e+00,9.9930443243e-01,1.6797945282e-03
6.1650000000e+00,4.4444805936e+00,9.9930611036e-01,1.6760661845e-03
6.1660000000e+00,4.4454799005e+00,9.9930778456e-01,1.6723452803e-03
6.1670000000e+00,4.4464792092e+00,9.9930945505e-01,1.6686318029e-03
6.1680000000e+00,4.4474785194e+00,9.9931112183e-01,1.6649257394e-03
6.1690000000e+00,4.4484778314e+00,9.9931278491e-01,1.6612270772e-03
6.1700000000e+00,4.4494771450e+00,9.9931444429e-01,1.6575358034e-03
6.1710000000e+00,4.4504764603e+00,9.9931609998e-01,1.6538519052e-03
6.1720000000e+00,4.4514757772e+00,9.9931775199e-01,1.6501753701e-03
6.1730000000e+00,4.4524750958e+00,9.9931940033e-01,1.6465061853e-03
6.1740000000e+00,4.4534744160e+00,9.9932104501e-01,1.6428443381e-03
6.1750000000e+00,4.4544737379e+00,9.9932268602e-01,1.6391898159e-03
6.1760000000e+00,4.4554730614e+00,9.9932432339e-01,1.6355426059e-03
6.1770000000e+00,4.4564723865e+00,9.9932595711e-01,1.6319026957e-03
6.1780000000e+00,4.4574717133e+00,9.9932758720e-01,1.6282700724e-03
6.1790000000e+00,4.4584710417e+00,9.9932921365e-01,1.6246447237e-03
6.1800000000e+00,4.4594703717e+00,9.9933083649e-01,1.6210266368e-03
6.1810000000e+00,4.4604697034e+00,9.9933245571e-01,1.6174157992e-03
6.1820000000e+00,4.4614690366e+00,9.9933407132e-01,1.6138121984e-03
6.1830000000e+00,4.4624683715e+00,9.9933568334e-01,1.6102158219e-03
6.1840000000e+00,4.4634677080e+00,9.9933729176e-01,1.6066266571e-03
6.1850000000e+00,4.4644670461e+00,9.9933889659e-01,1.6030446915e-03
6.1860000000e+00,4.4654663858e+00,9.9934049785e-01,1.5994699127e-03
6.1870000000e+00,4.4664657271e+00,9.9934209553e-01,1.5959023083e-03
6.1880000000e+00,4.4674650700e+00,9.9934368966e-01,1.5923418656e-03
6.1890000000e+00,4.4684644145e+00,9.9934528022e-01,1.5887885724e-03
6.1900000000e+00,4.4694637605e+00,9.9934686724e-01,1.5852424163e-03
6.1910000000e+00,4.4704631082e+00,9.9934845071e-01,1.5817033848e-03
6.1920000000e+00,4.4714624574e+00,9.9935003064e-01,1.5781714655e-03
6.1930000000e+00,4.4724618083e+00,9.9935160705e-01,1.5746466462e-03
6.1940000000e+00,4.4734611606e+00,9.9935317994e-01,1.5711289145e-03
6.1950000000e+00,4.4744605146e+00,9.9935474931e-01,1.5676182579e-03
6.1960000000e+00,4.4754598701e+00,9.9935631518e-01,1.5641146644e-03
6.1970000000e+00,4.4764592272e+00,9.9935787755e-01,1.5606181214e-03
6.1980000000e+00,4.4774585859e+00,9.9935943642e-01,1.5571286169e-03
6.1990000000e+00,4.4784579461e+00,9.9936099180e-01,1.5536461384e-03
6.2000000000e+00,4.4794573079e+00,9.9936254371e-01,1.5501706739e-03
6.2010000000e+00,4.4804566712e+00,9.9936409215e-01,1.5467022110e-03
6.2020000000e+00,4.4814560361e+00,9.9936563712e-01,1.5432407376e-03
6.2030000000e+00,4.4824554025e+00,9.9936717863e-01,1.5397862414e-03
6.2040000000e+00,4.4834547704e+00,9.9936871669e-01,1.5363387104e-03
6.2050000000e+00,4.4844541399e+00,9.9937025131e-01,1.5328981323e-03
6.2060000000e+00,4.4854535109e+00,9.9937178249e-01,1.5294644950e-03
6.2070000000e+00,4.4864528835e+00,9.9937331024e-01,1.5260377864e-03
6.2080000000e+00,4.4874522575e+00,9.9937483457e-01,1.5226179943e-03
6.2090000000e+00,4.4884516331e+00,9.9937635548e-01,1.5192051068e-03
6.2100000000e+00,4.4894510102e+00,9.9937787298e-01,1.5157991116e-03
6.2110000000e+00,4.4904503889e+00,9.9937938708e-01,1.5123999969e-03
6.2120000000e+00,4.4914497690e+00,9.9938089779e-01,1.5090077505e-03
6.2130000000e+00,4.4924491507e+00,9.9938240510e-01,1.5056223604e-03
6.2140000000e+00,4.4934485338e+00,9.9938390903e-01,1.5022438146e-03
6.2150000000e+00,4.4944479185e+00,9.9938540959e-01,1.4988721011e-03
6.2160000000e+00,4.4954473046e+00,9.9938690678e-01,1.4955072080e-03
6.2170000000e+00,4.4964466923e+00,9.9938840061e-01,1.4921491233e-03
6.2180000000e+00,4.4974460814e+00,9.9938989108e-01,1.4887978350e-03
6.2190000000e+00,4.4984454721e+00,9.9939137820e-01,1.4854533313e-03
6.2200000000e+00,4.4994448642e+00,9.9939286199e-01,1.4821156003e-03
6.2210000000e+00,4.5004442578e+00,9.9939434244e-01,1.4787846300e-03
6.2220000000e+00,4.5014436529e+00,9.9939581956e-01,1.4754604085e-03
6.2230000000e+00,4.5024430494e+00,9.9939729336e-01,1.4721429241e-03
6.2240000000e+00,4.5034424475e+00,9.9939876385e-01,1.4688321649e-03
6.2250000000e+00,4.5044418470e+00,9.9940023103e-01,1.4655281191e-03
6.2260000000e+00,4.5054412479e+00,9.9940169491e-01,1.4622307748e-03
6.2270000000e+00,4.5064406504e+00,9.9940315549e-01,1.4589401203e-03
6.2280000000e+00,4.5074400542e+00,9.9940461279e-01,1.4556561438e-03
6.2290000000e+00,4.5084394596e+00,9.9940606681e-01,1.4523788336e-03
6.2300000000e+00,4.5094388664e+00,9.9940751755e-01,1.4491081778e-03
6.2310000000e+00,4.5104382746e+00,9.9940896502e-01,1.4458441649e-03
6.2320000000e+00,4.5114376843e+00,9.9941040924e-01,1.4425867831e-03
6.2330000000e+00,4.5124370954e+00,9.9941185020e-01,1.4393360206e-03
6.2340000000e+00,4.5134365080e+00,9.9941328791e-01,1.4360918659e-03
6.2350000000e+00,4.5144359220e+00,9.9941472239e-01,1.4328543073e-03
6.2360000000e+00,4.5154353374e+00,9.9941615362e-01,1.4296233331e-03
6.2370000000e+00,4.5164347543e+00,9.9941758163e-01,1.4263989317e-03
6.2380000000e+00,4.5174341726e+00,9.9941900642e-01,1.4231810915e-03
6.2390000000e+00,4.5184335923e+00,9.9942042800e-01,1.4199698010e-03
6.2400000000e+00,4.5194330135e+00,9.9942184637e-01,1.4167650484e-03
6.2410000000e+00,4.5204324360e+00,9.9942326153e-01,1.4135668224e-03
6.2420000000e+00,4.5214318600e+00,9.9942467350e-01,1.4103751113e-03
6.2430000000e+00,4.5224312854e+00,9.9942608228e-01,1.4071899036e-03
6.2440000000e+00,4.5234307122e+00,9.9942748788e-01,1.4040111878e-03
6.2450000000e+00,4.5244301403e+00,9.9942889031e-01,1.4008389524e-03
6.2460000000e+00,4.5254295699e+00,9.9943028956e-01,1.3976731860e-03
6.2470000000e+00,4.5264290009e+00,9.9943168566e-01,1.3945138770e-03
6.2480000000e+00,4.5274284333e+00,9.9943307859e-01,1.3913610141e-03
6.2490000000e+00,4.5284278671e+00,9.9943446838e-01,1.3882145858e-03
6.2500000000e+00,4.5294273022e+00,9.9943585503e-01,1.3850745807e-03
6.2510000000e+00,4.5304267388e+00,9.9943723853e-01,1.3819409874e-03
6.2520000000e+00,4.5314261767e+00,9.9943861891e-01,1.3788137945e-03
6.2530000000e+00,4.5324256160e+00,9.9943999616e-01,1.3756929907e-03
6.2540000000e+00,4.5334250567e+00,9.9944137030e-01,1.3725785646e-03
6.2550000000e+00,4.5344244988e+00,9.9944274132e-01,1.3694705049e-03
6.2560000000e+00,4.5354239422e+00,9.9944410924e-01,1.3663688002e-03
6.2570000000e+00,4.5364233870e+00,9.9944547406e-01,1.3632734393e-03
6.2580000000e+00,4.5374228331e+00,9.9944683579e-01,1.3601844109e-03
6.2590000000e+00,4.5384222806e+00,9.9944819443e-01,1.3571017038e-03
6.2600000000e+00,4.5394217295e+00,9.9944955000e-01,1.3540253066e-03
6.2610000000e+00,4.5404211797e+00,9.9945090248e-01,1.3509552081e-03
6.2620000000e+00,4.5414206313e+00,9.9945225191e-01,1.3478913972e-03
6.2630000000e+00,4.5424200843e+00,9.9945359827e-01,1.3448338626e-03
6.2640000000e+00,4.5434195385e+00,9.9945494158e-01,1.3417825931e-03
6.2650000000e+00,4.5444189941e+00,9.9945628184e-01,1.3387375776e-03
6.2660000000e+00,4.5454184511e+00,9.9945761905e-01,1.3356988049e-03
6.2670000000e+00,4.5464179094e+00,9.9945895324e-01,1.3326662639e-03
6.2680000000e+00,4.5474173690e+00,9.9946028439e-01,1.3296399435e-03
6.2690000000e+00,4.5484168299e+00,9.9946161252e-01,1.3266198325e-03
6.2700000000e+00,4.5494162922e+00,9.9946293763e-01,1.3236059198e-03
6.2710000000e+00,4.5504157558e+00,9.9946425973e-01,1.3205981944e-03
6.2720000000e+00,4.5514152207e+00,9.9946557883e-01,1.3175966453e-03
6.2730000000e+00,4.5524146870e+00,9.9946689493e-01,1.3146012613e-03
6.2740000000e+00,4.5534141545e+00,9.9946820803e-01,1.3116120315e-03
6.2750000000e+00,4.5544136234e+00,9.9946951815e-01,1.3086289449e-03
6.2760000000e+00,4.5554130936e+00,9.9947082529e-01,1.3056519904e-03
6.2770000000e+00,4.5564125650e+00,9.9947212946e-01,1.3026811570e-03
6.2780000000e+00,4.5574120378e+00,9.9947343066e-01,1.2997164339e-03
6.2790000000e+00,4.5584115119e+00,9.9947472889e-01,1.2967578101e-03
6.2800000000e+00,4.5594109873e+00,9.9947602418e-01,1.2938052746e-03
6.2810000000e+00,4.5604104639e+00,9.9947731651e-01,1.2908588165e-03
6.2820000000e+00,4.5614099419e+00,9.9947860590e-01,1.2879184249e-03
6.2830000000e+00,4.5624094212e+00,9.9947989235e-01,1.2849840889e-03
6.2840000000e+00,4.5634089017e+00,9.9948117587e-01,1.2820557977e-03
6.2850000000e+00,4.5644083835e+00,9.9948245646e-01,1.2791335405e-03
6.2860000000e+00,4.5654078666e+00,9.9948373413e-01,1.2762173063e-03
6.2870000000e+00,4.5664073510e+00,9.9948500890e-01,1.2733070843e-03
6.2880000000e+00,4.5674068366e+00,9.9948628075e-01,1.2704028638e-03
6.2890000000e+00,4.5684063235e+00,9.9948754970e-01,1.2675046340e-03
6.2900000000e+00,4.5694058117e+00,9.9948881576e-01,1.2646123841e-03
6.2910000000e+00,4.5704053012e+00,9.9949007893e-01,1.2617261032e-03
6.2920000000e+00,4.5714047919e+00,9.9949133922e-01,1.2588457808e-03
6.2930000000e+00,4.5724042838e+00,9.9949259662e-01,1.2559714060e-03
6.2940000000e+00,4.5734037771e+00,9.9949385116e-01,1.2531029682e-03
6.2950000000e+00,4.5744032715e+00,9.9949510283e-01,1.2502404566e-03
6.2960000000e+00,4.5754027673e+00,9.9949635164e-01,1.2473838606e-03
6.2970000000e+00,4.5764022642e+00,9.9949759760e-01,1.2445331695e-03
6.2980000000e+00,4.5774017625e+00,9.9949884071e-01,1.2416883727e-03
6.2990000000e+00,4.5784012619e+00,9.9950008098e-01,1.2388494594e-03
6.3000000000e+00,4.5794007626e+00,9.9950131841e-01,1.2360164192e-03
6.3010000000e+00,4.5804002646e+00,9.9950255302e-01,1.2331892414e-03
6.3020000000e+00,4.5813997677e+00,9.9950378479e-01,1.2303679153e-03
6.3030000000e+00,4.5823992721e+00,9.9950501375e-01,1.2275524306e-03
6.3040000000e+00,4.5833987778e+00,9.9950623990e-01,1.2247427765e-03
6.3050000000e+00,4.5843982846e+00,9.9950746324e-01,1.2219389425e-03
6.3060000000e+00,4.5853977927e+00,9.9950868378e-01,1.2191409182e-03
6.3070000000e+00,4.5863973020e+00,9.9950990152e-01,1.2163486929e-03
6.3080000000e+00,4.5873968125e+00,9.9951111648e-01,1.2135622563e-03
6.3090000000e+00,4.5883963242e+00,9.9951232865e-01,1.2107815978e-03
6.3100000000e+00,4.5893958371e+00,9.9951353804e-01,1.2080067070e-03
6.3110000000e+00,4.5903953513e+00,9.9951474467e-01,1.2052375734e-03
6.3120000000e+00,4.5913948666e+00,9.9951594852e-01,1.2024741866e-03
6.3130000000e+00,4.5923943832e+00,9.9951714962e-01,1.1997165361e-03
6.3140000000e+00,4.5933939009e+00,9.9951834796e-01,1.1969646116e-03
6.3150000000e+00,4.5943934199e+00,9.9951954355e-01,1.1942184027e-03
6.3160000000e+00,4.5953929400e+00,9.9952073640e-01,1.1914778990e-03
6.3170000000e+00,4.5963924613e+00,9.9952192651e-01,1.1887430901e-03
6.3180000000e+00,4.5973919839e+00,9.9952311388e-01,1.1860139658e-03
6.3190000000e+00,4.5983915076e+00,9.9952429854e-01,1.1832905156e-03
6.3200000000e+00,4.5993910325e+00,9.9952548047e-01,1.1805727293e-03
6.3210000000e+00,4.6003905585e+00,9.9952665968e-01,1.1778605965e-03
6.3220000000e+00,4.6013900858e+00,9.9952783619e-01,1.1751541071e-03
6.3230000000e+00,4.6023896142e+00,9.9952900999e-01,1.1724532506e-03
6.3240000000e+00,4.6033891438e+00,9.9953018110e-01,1.1697580170e-03
6.3250000000e+00,4.6043886746e+00,9.9953134951e-01,1.1670683959e-03
6.3260000000e+00,4.6053882065e+00,9.9953251524e-01,1.1643843771e-03
6.3270000000e+00,4.6063877396e+00,9.9953367828e-01,1.1617059504e-03
6.3280000000e+00,4.6073872739e+00,9.9953483865e-01,1.1590331056e-03
6.3290000000e+00,4.6083868093e+00,9.9953599635e-01,1.1563658326e-03
6.3300000000e+00,4.6093863458e+00,9.9953715138e-01,1.1537041212e-03
6.3310000000e+00,4.6103858836e+00,9.9953830376e-01,1.1510479612e-03
6.3320000000e+00,4.6113854224e+00,9.9953945348e-01,1.1483973426e-03
6.3330000000e+00,4.6123849625e+00,9.9954060056e-01,1.1457522551e-03
6.3340000000e+00,4.6133845036e+00,9.9954174499e-01,1.1431126887e-03
6.3350000000e+00,4.6143840460e+00,9.9954288678e-01,1.1404786334e-03
6.3360000000e+00,4.6153835894e+00,9.9954402595e-01,1.1378500790e-03
6.3370000000e+00,4.6163831340e+00,9.9954516249e-01,1.1352270154e-03
6.3380000000e+00,4.6173826797e+00,9.9954629640e-01,1.1326094328e-03
6.3390000000e+00,4.6183822266e+00,9.9954742771e-01,1.1299973209e-03
6.3400000000e+00,4.6193817746e+00,9.9954855640e-01,1.1273906699e-03
6.3410000000e+00,4.6203813237e+00,9.9954968249e-01,1.1247894697e-03
6.3420000000e+00,4.6213808740e+00,9.9955080598e-01,1.1221937103e-03
6.3430000000e+00,4.6223804253e+00,9.9955192688e-01,1.1196033818e-03
6.3440000000e+00,4.6233799778e+00,9.9955304519e-01,1.1170184742e-03
6.3450000000e+00,4.6243795314e+00,9.9955416092e-01,1.1144389777e-03
6.3460000000e+00,4.6253790861e+00,9.9955527407e-01,1.1118648821e-03
6.3470000000e+00,4.6263786420e+00,9.9955638465e-01,1.1092961778e-03
6.3480000000e+00,4.6273781989e+00,9.9955749266e-01,1.1067328547e-03
6.3490000000e+00,4.6283777570e+00,9.9955859812e-01,1.1041749030e-03
6.3500000000e+00,4.6293773161e+00,9.9955970101e-01,1.1016223129e-03
6.3510000000e+00,4.6303768764e+00,9.9956080136e-01,1.0990750744e-03
6.3520000000e+00,4.6313764377e+00,9.9956189917e-01,1.0965331778e-03
6.3530000000e+00,4.6323760002e+00,9.9956299443e-01,1.0939966132e-03
6.3540000000e+00,4.6333755637e+00,9.9956408716e-01,1.0914653708e-03
6.3550000000e+00,4.6343751283e+00,9.9956517736e-01,1.0889394410e-03
6.3560000000e+00,4.6353746940e+00,9.9956626504e-01,1.0864188137e-03
6.3570000000e+00,4.6363742609e+00,9.9956735020e-01,1.0839034794e-03
6.3580000000e+00,4.6373738287e+00,9.9956843285e-01,1.0813934283e-03
6.3590000000e+00,4.6383733977e+00,9.9956951299e-01,1.0788886506e-03
6.3600000000e+00,4.6393729678e+00,9.9957059063e-01,1.0763891366e-03
6.3610000000e+00,4.6403725389e+00,9.9957166577e-01,1.0738948767e-03
6.3620000000e+00,4.6413721111e+00,9.9957273842e-01,1.0714058611e-03
6.3630000000e+00,4.6423716844e+00,9.9957380858e-01,1.0689220802e-03
6.3640000000e+00,4.6433712587e+00,9.9957487627e-01,1.0664435243e-03
6.3650000000e+00,4.6443708341e+00,9.9957594147e-01,1.0639701838e-03
6.3660000000e+00,4.6453704106e+00,9.9957700421e-01,1.0615020490e-03
6.3670000000e+00,4.6463699881e+00,9.9957806448e-01,1.0590391104e-03
6.3680000000e+00,4.6473695667e+00,9.9957912229e-01,1.0565813583e-03
6.3690000000e+00,4.6483691464e+00,9.9958017764e-01,1.0541287831e-03
6.3700000000e+00,4.6493687271e+00,9.9958123055e-01,1.0516813754e-03
6.3710000000e+00,4.6503683088e+00,9.9958228101e-01,1.0492391255e-03
6.3720000000e+00,4.6513678916e+00,9.9958332903e-01,1.0468020238e-03
6.3730000000e+00,4.6523674755e+00,9.9958437461e-01,1.0443700610e-03
6.3740000000e+00,4.6533670604e+00,9.9958541777e-01,1.0419432273e-03
6.3750000000e+00,4.6543666463e+00,9.9958645850e-01,1.0395215135e-03
6.3760000000e+00,4.6553662333e+00,9.9958749681e-01,1.0371049099e-03
6.3770000000e+00,4.6563658213e+00,9.9958853271e-01,1.0346934072e-03
6.3780000000e+00,4.6573654104e+00,9.9958956620e-01,1.0322869958e-03
6.3790000000e+00,4.6583650005e+00,9.9959059729e-01,1.0298856663e-03
6.3800000000e+00,4.6593645916e+00,9.9959162598e-01,1.0274894093e-03
6.3810000000e+00,4.6603641837e+00,9.9959265227e-01,1.0250982154e-03
6.3820000000e+00,4.6613637769e+00,9.9959367617e-01,1.0227120751e-03
6.3830000000e+00,4.6623633711e+00,9.9959469770e-01,1.0203309792e-03
6.3840000000e+00,4.6633629663e+00,9.9959571684e-01,1.0179549182e-03
6.3850000000e+00,4.6643625625e+00,9.9959673361e-01,1.0155838828e-03
6.3860000000e+00,4.6653621597e+00,9.9959774801e-01,1.0132178637e-03
6.3870000000e+00,4.6663617580e+00,9.9959876004e-01,1.0108568515e-03
6.3880000000e+00,4.6673613573e+00,9.9959976972e-01,1.0085008368e-03
6.3890000000e+00,4.6683609575e+00,9.9960077705e-01,1.0061498105e-03
6.3900000000e+00,4.6693605588e+00,9.9960178202e-01,1.0038037632e-03
6.3910000000e+00,4.6703601611e+00,9.9960278466e-01,1.0014626857e-03
6.3920000000e+00,4.6713597644e+00,9.9960378495e-01,9.9912656874e-04
6.3930000000e+00,4.6723593687e+00,9.9960478291e-01,9.9679540301e-04
6.3940000000e+00,4.6733589739e+00,9.9960577854e-01,9.9446917932e-04
6.3950000000e+00,4.6743585802e+00,9.9960677185e-01,9.9214788848e-04
6.3960000000e+00,4.6753581875e+00,9.9960776284e-01,9.8983152127e-04
6.3970000000e+00,4.6763577957e+00,9.9960875152e-01,9.8752006851e-04
6.3980000000e+00,4.6773574050e+00,9.9960973788e-01,9.8521352104e-04
6.3990000000e+00,4.6783570152e+00,9.9961072195e-01,9.8291186970e-04
6.4000000000e+00,4.6793566264e+00,9.9961170371e-01,9.8061510536e-04
6.4010000000e+00,4.6803562386e+00,9.9961268318e-01,9.7832321887e-04
6.4020000000e+00,4.6813558518e+00,9.9961366036e-01,9.7603620114e-04
6.4030000000e+00,4.6823554659e+00,9.9961463525e-01,9.7375404306e-04
6.4040000000e+00,4.6833550811e+00,9.9961560787e-01,9.7147673555e-04
6.4050000000e+00,4.6843546972e+00,9.9961657821e-01,9.6920426953e-04
6.4060000000e+00,4.6853543142e+00,9.9961754628e-01,9.6693663596e-04
6.4070000000e+00,4.6863539322e+00,9.9961851208e-01,9.6467382578e-04
6.4080000000e+00,4.6873535512e+00,9.9961947563e-01,9.6241582997e-04
6.4090000000e+00,4.6883531712e+00,9.9962043691e-01,9.6016263952e-04
6.4100000000e+00,4.6893527921e+00,9.9962139595e-01,9.5791424542e-04
6.4110000000e+00,4.6903524140e+00,9.9962235274e-01,9.5567063869e-04
6.4120000000e+00,4.6913520368e+00,9.9962330730e-01,9.5343181034e-04
6.4130000000e+00,4.6923516606e+00,9.9962425961e-01,9.5119775144e-04
6.4140000000e+00,4.6933512853e+00,9.9962520969e-01,9.4896845302e-04
6.4150000000e+00,4.6943509110e+00,9.9962615755e-01,9.4674390615e-04
6.4160000000e+00,4.6953505377e+00,9.9962710318e-01,9.4452410193e-04
6.4170000000e+00,4.6963501652e+00,9.9962804660e-01,9.4230903144e-04
6.4180000000e+00,4.6973497937e+00,9.9962898780e-01,9.4009868579e-04
6.4190000000e+00,4.6983494232e+00,9.9962992680e-01,9.3789305611e-04
6.4200000000e+00,4.6993490536e+00,9.9963086359e-01,9.3569213354e-04
6.4210000000e+00,4.7003486849e+00,9.9963179818e-01,9.3349590922e-04
6.4220000000e+00,4.7013483172e+00,9.9963273058e-01,9.3130437433e-04
6.4230000000e+00,4.7023479504e+00,9.9963366079e-01,9.2911752003e-04
6.4240000000e+00,4.7033475845e+00,9.9963458882e-01,9.2693533753e-04
6.4250000000e+00,4.7043472196e+00,9.9963551467e-01,9.2475781802e-04
6.4260000000e+00,4.7053468555e+00,9.9963643834e-01,9.2258495273e-04
6.4270000000e+00,4.7063464924e+00,9.9963735984e-01,9.2041673290e-04
6.4280000000e+00,4.7073461303e+00,9.9963827917e-01,9.1825314976e-04
6.4290000000e+00,4.7083457690e+00,9.9963919634e-01,9.1609419457e-04
6.4300000000e+00,4.7093454087e+00,9.9964011136e-01,9.1393985862e-04
6.4310000000e+00,4.7103450492e+00,9.9964102423e-01,9.1179013320e-04
6.4320000000e+00,4.7113446907e+00,9.9964193494e-01,9.0964500959e-04
6.4330000000e+00,4.7123443331e+00,9.9964284352e-01,9.0750447912e-04
6.4340000000e+00,4.7133439764e+00,9.9964374995e-01,9.0536853311e-04
6.4350000000e+00,4.7143436206e+00,9.9964465426e-01,9.0323716291e-04
6.4360000000e+00,4.7153432657e+00,9.9964555643e-01,9.0111035987e-04
6.4370000000e+00,4.7163429117e+00,9.9964645648e-01,8.9898811537e-04
6.4380000000e+00,4.7173425586e+00,9.9964735441e-01,8.9687042078e-04
6.4390000000e+00,4.7183422064e+00,9.9964825022e-01,8.9475726750e-04
6.4400000000e+00,4.7193418551e+00,9.9964914392e-01,8.9264864694e-04
6.4410000000e+00,4.7203415047e+00,9.9965003552e-01,8.9054455052e-04
6.4420000000e+00,4.7213411552e+00,9.9965092501e-01,8.8844496968e-04
6.4430000000e+00,4.7223408065e+00,9.9965181241e-01,8.8634989587e-04
6.4440000000e+00,4.7233404588e+00,9.9965269772e-01,8.8425932056e-04
6.4450000000e+00,4.7243401119e+00,9.9965358093e-01,8.8217323521e-04
6.4460000000e+00,4.7253397660e+00,9.9965446206e-01,8.8009163132e-04
6.4470000000e+00,4.7263394209e+00,9.9965534112e-01,8.7801450040e-04
6.4480000000e+00,4.7273390766e+00,9.9965621809e-01,8.7594183395e-04
6.4490000000e+00,4.7283387333e+00,9.9965709300e-01,8.7387362351e-04
6.4500000000e+00,4.7293383908e+00,9.9965796584e-01,8.7180986063e-04
6.4510000000e+00,4.7303380492e+00,9.9965883662e-01,8.6975053686e-04
6.4520000000e+00,4.7313377085e+00,9.9965970534e-01,8.6769564377e-04
6.4530000000e+00,4.7323373686e+00,9.9966057201e-01,8.6564517294e-04
6.4540000000e+00,4.7333370296e+00,9.9966143664e-01,8.6359911597e-04
6.4550000000e+00,4.7343366915e+00,9.9966229921e-01,8.6155746447e-04
6.4560000000e+00,4.7353363542e+00,9.9966315975e-01,8.5952021006e-04
6.4570000000e+00,4.7363360178e+00,9.9966401826e-01,8.5748734438e-04
6.4580000000e+00,4.7373356823e+00,9.9966487473e-01,8.5545885909e-04
6.4590000000e+00,4.7383353476e+00,9.9966572918e-01,8.5343474583e-04
6.4600000000e+00,4.7393350137e+00,9.9966658160e-01,8.5141499629e-04
6.4610000000e+00,4.7403346807e+00,9.9966743201e-01,8.4939960216e-04
6.4620000000e+00,4.7413343486e+00,9.9966828040e-01,8.4738855513e-04
6.4630000000e+00,4.7423340173e+00,9.9966912679e-01,8.4538184693e-04
6.4640000000e+00,4.7433336869e+00,9.9966997117e-01,8.4337946929e-04
6.4650000000e+00,4.7443333572e+00,9.9967081355e-01,8.4138141394e-04
6.4660000000e+00,4.7453330285e+00,9.9967165393e-01,8.3938767263e-04
6.4670000000e+00,4.7463327006e+00,9.9967249232e-01,8.3739823715e-04
6.4680000000e+00,4.7473323735e+00,9.9967332873e-01,8.3541309926e-04
6.4690000000e+00,4.7483320472e+00,9.9967416315e-01,8.3343225076e-04
6.4700000000e+00,4.7493317218e+00,9.9967499559e-01,8.3145568347e-04
6.4710000000e+00,4.7503313972e+00,9.9967582606e-01,8.2948338919e-04
6.4720000000e+00,4.7513310734e+00,9.9967665456e-01,8.2751535976e-04
6.4730000000e+00,4.7523307505e+00,9.9967748110e-01,8.2555158703e-04
6.4740000000e+00,4.7533304284e+00,9.9967830567e-01,8.2359206285e-04
6.4750000000e+00,4.7543301071e+00,9.9967912828e-01,8.2163677911e-04
6.4760000000e+00,4.7553297867e+00,9.9967994894e-01,8.1968572767e-04
6.4770000000e+00,4.7563294670e+00,9.9968076765e-01,8.1773890045e-04
6.4780000000e+00,4.7573291482e+00,9.9968158442e-01,8.1579628935e-04
6.4790000000e+00,4.7583288302e+00,9.9968239925e-01,8.1385788630e-04
6.4800000000e+00,4.7593285130e+00,9.9968321214e-01,8.1192368322e-04
6.4810000000e+00,4.7603281966e+00,9.9968402310e-01,8.0999367208e-04
6.4820000000e+00,4.7613278810e+00,9.9968483213e-01,8.0806784483e-04
6.4830000000e+00,4.7623275663e+00,9.9968563923e-01,8.0614619345e-04
6.4840000000e+00,4.7633272523e+00,9.9968644442e-01,8.0422870992e-04
6.4850000000e+00,4.7643269392e+00,9.9968724769e-01,8.0231538625e-04
6.4860000000e+00,4.7653266268e+00,9.9968804905e-01,8.0040621445e-04
6.4870000000e+00,4.7663263153e+00,9.9968884851e-01,7.9850118655e-04
6.4880000000e+00,4.7673260045e+00,9.9968964606e-01,7.9660029458e-04
6.4890000000e+00,4.7683256945e+00,9.9969044171e-01,7.9470353060e-04
6.4900000000e+00,4.7693253854e+00,9.9969123546e-01,7.9281088668e-04
6.4910000000e+00,4.7703250770e+00,9.9969202733e-01,7.9092235488e-04
6.4920000000e+00,4.7713247694e+00,9.9969281731e-01,7.8903792730e-04
6.4930000000e+00,4.7723244627e+00,9.9969360541e-01,7.8715759604e-04
6.4940000000e+00,4.7733241567e+00,9.9969439163e-01,7.8528135322e-04
6.4950000000e+00,4.7743238514e+00,9.9969517597e-01,7.8340919096e-04
6.4960000000e+00,4.7753235470e+00,9.9969595845e-01,7.8154110142e-04
6.4970000000e+00,4.7763232434e+00,9.9969673906e-01,7.7967707673e-04
6.4980000000e+00,4.7773229405e+00,9.9969751780e-01,7.7781710906e-04
6.4990000000e+00,4.7783226384e+00,9.9969829469e-01,7.7596119060e-04
6.5000000000e+00,4.7793223371e+00,9.9969906973e-01,7.7410931354e-04
6.5010000000e+00,4.7803220365e+00,9.9969984291e-01,7.7226147007e-04
6.5020000000e+00,4.7813217368e+00,9.9970061425e-01,7.7041765242e-04
6.5030000000e+00,4.7823214378e+00,9.9970138375e-01,7.6857785282e-04
6.5040000000e+00,4.7833211395e+00,9.9970215141e-01,7.6674206350e-04
6.5050000000e+00,4.7843208421e+00,9.9970291723e-01,7.6491027672e-04
6.5060000000e+00,4.7853205454e+00,9.9970368123e-01,7.6308248474e-04
6.5070000000e+00,4.7863202494e+00,9.9970444340e-01,7.6125867985e-04
6.5080000000e+00,4.7873199542e+00,9.9970520375e-01,7.5943885434e-04
6.5090000000e+00,4.7883196598e+00,9.9970596228e-01,7.5762300051e-04
6.5100000000e+00,4.7893193662e+00,9.9970671900e-01,7.5581111067e-04
6.5110000000e+00,4.7903190733e+00,9.9970747390e-01,7.5400317716e-04
6.5120000000e+00,4.7913187811e+00,9.9970822700e-01,7.5219919232e-04
6.5130000000e+00,4.7923184897e+00,9.9970897830e-01,7.5039914850e-04
6.5140000000e+00,4.7933181991e+00,9.9970972780e-01,7.4860303806e-04
6.5150000000e+00,4.7943179092e+00,9.9971047551e-01,7.4681085339e-04
6.5160000000e+00,4.7953176200e+00,9.9971122143e-01,7.4502258688e-04
6.5170000000e+00,4.7963173316e+00,9.9971196556e-01,7.4323823093e-04
6.5180000000e+00,4.7973170439e+00,9.9971270790e-01,7.4145777795e-04
6.5190000000e+00,4.7983167570e+00,9.9971344847e-01,7.3968122037e-04
6.5200000000e+00,4.7993164708e+00,9.9971418727e-01,7.3790855063e-04
6.5210000000e+00,4.8003161854e+00,9.9971492429e-01,7.3613976119e-04
6.5220000000e+00,4.8013159007e+00,9.9971565955e-01,7.3437484451e-04
6.5230000000e+00,4.8023156167e+00,9.9971639304e-01,7.3261379307e-04
6.5240000000e+00,4.8033153335e+00,9.9971712478e-01,7.3085659935e-04
6.5250000000e+00,4.8043150510e+00,9.9971785476e-01,7.2910325586e-04
6.5260000000e+00,4.8053147692e+00,9.9971858299e-01,7.2735375511e-04
6.5270000000e+00,4.8063144881e+00,9.9971930947e-01,7.2560808963e-04
6.5280000000e+00,4.8073142078e+00,9.9972003420e-01,7.2386625195e-04
6.5290000000e+00,4.8083139282e+00,9.9972075720e-01,7.2212823463e-04
6.5300000000e+00,4.8093136493e+00,9.9972147846e-01,7.2039403023e-04
6.5310000000e+00,4.8103133712e+00,9.9972219799e-01,7.1866363132e-04
6.5320000000e+00,4.8113130937e+00,9.9972291579e-01,7.1693703048e-04
6.5330000000e+00,4.8123128170e+00,9.9972363186e-01,7.1521422033e-04
6.5340000000e+00,4.8133125410e+00,9.9972434622e-01,7.1349519346e-04
6.5350000000e+00,4.8143122657e+00,9.9972505886e-01,7.1177994251e-04
6.5360000000e+00,4.8153119911e+00,9.9972576978e-01,7.1006846010e-04
6.5370000000e+00,4.8163117172e+00,9.9972647899e-01,7.0836073889e-04
6.5380000000e+00,4.8173114441e+00,9.9972718650e-01,7.0665677153e-04
6.5390000000e+00,4.8183111716e+00,9.9972789231e-01,7.0495655070e-04
6.5400000000e+00,4.8193108998e+00,9.9972859642e-01,7.0326006907e-04
6.5410000000e+00,4.8203106288e+00,9.9972929883e-01,7.0156731935e-04
6.5420000000e+00,4.8213103584e+00,9.9972999955e-01,6.9987829424e-04
6.5430000000e+00,4.8223100888e+00,9.9973069859e-01,6.9819298645e-04
6.5440000000e+00,4.8233098198e+00,9.9973139594e-01,6.9651138873e-04
6.5450000000e+00,4.8243095516e+00,9.9973209161e-01,6.9483349382e-04
6.5460000000e+00,4.8253092840e+00,9.9973278561e-01,6.9315929446e-04
6.5470000000e+00,4.8263090171e+00,9.9973347793e-01,6.9148878343e-04
6.5480000000e+00,4.8273087510e+00,9.9973416859e-01,6.8982195350e-04
6.5490000000e+00,4.8283084855e+00,9.9973485758e-01,6.8815879747e-04
6.5500000000e+00,4.8293082207e+00,9.9973554491e-01,6.8649930814e-04
6.5510000000e+00,4.8303079566e+00,9.9973623058e-01,6.8484347833e-04
6.5520000000e+00,4.8313076931e+00,9.9973691459e-01,6.8319130085e-04
6.5530000000e+00,4.8323074304e+00,9.9973759696e-01,6.8154276856e-04
6.5540000000e+00,4.8333071683e+00,9.9973827768e-01,6.7989787429e-04
6.5550000000e+00,4.8343069070e+00,9.9973895676e-01,6.7825661091e-04
6.5560000000e+00,4.8353066463e+00,9.9973963419e-01,6.7661897129e-04
6.5570000000e+00,4.8363063862e+00,9.9974031000e-01,6.7498494833e-04
6.5580000000e+00,4.8373061269e+00,9.9974098417e-01,6.7335453491e-04
6.5590000000e+00,4.8383058682e+00,9.9974165671e-01,6.7172772395e-04
6.5600000000e+00,4.8393056102e+00,9.9974232762e-01,6.7010450837e-04
6.5610000000e+00,4.8403053528e+00,9.9974299692e-01,6.6848488109e-04
6.5620000000e+00,4.8413050962e+00,9.9974366459e-01,6.6686883507e-04
6.5630000000e+00,4.8423048402e+00,9.9974433066e-01,6.6525636325e-04
6.5640000000e+00,4.8433045848e+00,9.9974499511e-01,6.6364745862e-04
6.5650000000e+00,4.8443043302e+00,9.9974565795e-01,6.6204211414e-04
6.5660000000e+00,4.8453040762e+00,9.9974631919e-01,6.6044032280e-04
6.5670000000e+00,4.8463038228e+00,9.9974697883e-01,6.5884207762e-04
6.5680000000e+00,4.8473035701e+00,9.9974763688e-01,6.5724737160e-04
6.5690000000e+00,4.8483033181e+00,9.9974829333e-01,6.5565619777e-04
6.5700000000e+00,4.8493030667e+00,9.9974894819e-01,6.5406854916e-04
6.5710000000e+00,4.8503028160e+00,9.9974960147e-01,6.5248441883e-04
6.5720000000e+00,4.8513025659e+00,9.9975025316e-01,6.5090379983e-04
6.5730000000e+00,4.8523023165e+00,9.9975090328e-01,6.4932668525e-04
6.5740000000e+00,4.8533020677e+00,9.9975155182e-01,6.4775306815e-04
6.5750000000e+00,4.8543018196e+00,9.9975219878e-01,6.4618294164e-04
6.5760000000e+00,4.8553015721e+00,9.9975284418e-01,6.4461629883e-04
6.5770000000e+00,4.8563013253e+00,9.9975348802e-01,6.4305313282e-04
6.5780000000e+00,4.8573010791e+00,9.9975413029e-01,6.4149343676e-04
6.5790000000e+00,4.8583008335e+00,9.9975477101e-01,6.3993720377e-04
6.5800000000e+00,4.8593005886e+00,9.9975541017e-01,6.3838442703e-04
6.5810000000e+00,4.8603003443e+00,9.9975604778e-01,6.3683509968e-04
6.5820000000e+00,4.8613001007e+00,9.9975668384e-01,6.3528921490e-04
6.5830000000e+00,4.8622998577e+00,9.9975731836e-01,6.3374676588e-04
6.5840000000e+00,4.8632996153e+00,9.9975795133e-01,6.3220774582e-04
6.5850000000e+00,4.8642993736e+00,9.9975858277e-01,6.3067214793e-04
6.5860000000e+00,4.8652991325e+00,9.9975921268e-01,6.2913996543e-04
6.5870000000e+00,4.8662988920e+00,9.9975984105e-01,6.2761119155e-04
6.5880000000e+00,4.8672986522e+00,9.9976046790e-01,6.2608581954e-04
6.5890000000e+00,4.8682984130e+00,9.9976109323e-01,6.2456384264e-04
6.5900000000e+00,4.8692981744e+00,9.9976171703e-01,6.2304525413e-04
6.5910000000e+00,4.8702979364e+00,9.9976233932e-01,6.2153004728e-04
6.5920000000e+00,4.8712976991e+00,9.9976296009e-01,6.2001821539e-04
6.5930000000e+00,4.8722974623e+00,9.9976357936e-01,6.1850975174e-04
6.5940000000e+00,4.8732972262e+00,9.9976419711e-01,6.1700464967e-04
6.5950000000e+00,4.8742969907e+00,9.9976481337e-01,6.1550290247e-04
6.5960000000e+00,4.8752967558e+00,9.9976542812e-01,6.1400450350e-04
6.5970000000e+00,4.8762965216e+00,9.9976604138e-01,6.1250944609e-04
6.5980000000e+00,4.8772962879e+00,9.9976665314e-01,6.1101772361e-04
6.5990000000e+00,4.8782960549e+00,9.9976726341e-01,6.0952932941e-04
6.6000000000e+00,4.8792958225e+00,9.9976787220e-01,6.0804425688e-04
6.6010000000e+00,4.8802955906e+00,9.9976847950e-01,6.0656249940e-04
6.6020000000e+00,4.8812953594e+00,9.9976908532e-01,6.0508405039e-04
6.6030000000e+00,4.8822951288e+00,9.9976968967e-01,6.0360890324e-04
6.6040000000e+00,4.8832948988e+00,9.9977029254e-01,6.0213705139e-04
6.6050000000e+00,4.8842946694e+00,9.9977089395e-01,6.0066848826e-04
6.6060000000e+00,4.8852944406e+00,9.9977149388e-01,5.9920320731e-04
6.6070000000e+00,4.8862942124e+00,9.9977209235e-01,5.9774120199e-04
6.6080000000e+00,4.8872939848e+00,9.9977268937e-01,5.9628246576e-04
6.6090000000e+00,4.8882937577e+00,9.9977328492e-01,5.9482699211e-04
6.6100000000e+00,4.8892935313e+00,9.9977387902e-01,5.9337477452e-04
6.6110000000e+00,4.8902933055e+00,9.9977447167e-01,5.9192580650e-04
6.6120000000e+00,4.8912930803e+00,9.9977506287e-01,5.9048008155e-04
6.6130000000e+00,4.8922928556e+00,9.9977565263e-01,5.8903759320e-04
6.6140000000e+00,4.8932926316e+00,9.9977624095e-01,5.8759833499e-04
6.6150000000e+00,4.8942924081e+00,9.9977682783e-01,5.8616230045e-04
6.6160000000e+00,4.8952921852e+00,9.9977741328e-01,5.8472948314e-04
6.6170000000e+00,4.8962919629e+00,9.9977799729e-01,5.8329987664e-04
6.6180000000e+00,4.8972917412e+00,9.9977857988e-01,5.8187347451e-04
6.6190000000e+00,4.8982915201e+00,9.9977916104e-01,5.8045027034e-04
6.6200000000e+00,4.8992912996e+00,9.9977974078e-01,5.7903025774e-04
6.6210000000e+00,4.9002910796e+00,9.9978031910e-01,5.7761343031e-04
6.6220000000e+00,4.9012908602e+00,9.9978089601e-01,5.7619978167e-04
6.6230000000e+00,4.9022906414e+00,9.9978147150e-01,5.7478930546e-04
6.6240000000e+00,4.9032904231e+00,9.9978204559e-01,5.7338199532e-04
6.6250000000e+00,4.9042902055e+00,9.9978261826e-01,5.7197784490e-04
6.6260000000e+00,4.9052899884e+00,9.9978318954e-01,5.7057684787e-04
6.6270000000e+00,4.9062897718e+00,9.9978375942e-01,5.6917899790e-04
6.6280000000e+00,4.9072895559e+00,9.9978432790e-01,5.6778428867e-04
6.6290000000e+00,4.9082893405e+00,9.9978489499e-01,5.6639271389e-04
6.6300000000e+00,4.9092891257e+00,9.9978546069e-01,5.6500426726e-04
6.6310000000e+00,4.9102889114e+00,9.9978602500e-01,5.6361894249e-04
6.6320000000e+00,4.9112886977e+00,9.9978658793e-01,5.6223673332e-04
6.6330000000e+00,4.9122884846e+00,9.9978714947e-01,5.6085763349e-04
6.6340000000e+00,4.9132882720e+00,9.9978770964e-01,5.5948163675e-04
6.6350000000e+00,4.9142880600e+00,9.9978826844e-01,5.5810873685e-04
6.6360000000e+00,4.9152878486e+00,9.9978882586e-01,5.5673892757e-04
6.6370000000e+00,4.9162876377e+00,9.9978938192e-01,5.5537220269e-04
6.6380000000e+00,4.9172874273e+00,9.9978993661e-01,5.5400855601e-04
6.6390000000e+00,4.9182872175e+00,9.9979048993e-01,5.5264798132e-04
6.6400000000e+00,4.9192870083e+00,9.9979104190e-01,5.5129047245e-04
6.6410000000e+00,4.9202867996e+00,9.9979159252e-01,5.4993602321e-04
6.6420000000e+00,4.9212865915e+00,9.9979214178e-01,5.4858462744e-04
6.6430000000e+00,4.9222863839e+00,9.9979268969e-01,5.4723627899e-04
6.6440000000e+00,4.9232861769e+00,9.9979323625e-01,5.4589097171e-04
6.6450000000e+00,4.9242859704e+00,9.9979378147e-01,5.4454869947e-04
6.6460000000e+00,4.9252857644e+00,9.9979432535e-01,5.4320945615e-04
6.6470000000e+00,4.9262855590e+00,9.9979486789e-01,5.4187323563e-04
6.6480000000e+00,4.9272853542e+00,9.9979540910e-01,5.4054003182e-04
6.6490000000e+00,4.9282851498e+00,9.9979594897e-01,5.3920983862e-04
6.6500000000e+00,4.9292849461e+00,9.9979648752e-01,5.3788264995e-04
6.6510000000e+00,4.9302847428e+00,9.9979702474e-01,5.3655845975e-04
6.6520000000e+00,4.9312845401e+00,9.9979756063e-01,5.3523726195e-04
6.6530000000e+00,4.9322843379e+00,9.9979809521e-01,5.3391905050e-04
6.6540000000e+00,4.9332841363e+00,9.9979862847e-01,5.3260381937e-04
6.6550000000e+00,4.9342839352e+00,9.9979916042e-01,5.3129156252e-04
6.6560000000e+00,4.9352837346e+00,9.9979969106e-01,5.2998227394e-04
6.6570000000e+00,4.9362835346e+00,9.9980022039e-01,5.2867594762e-04
6.6580000000e+00,4.9372833351e+00,9.9980074841e-01,5.2737257757e-04
6.6590000000e+00,4.9382831361e+00,9.9980127513e-01,5.2607215779e-04
6.6600000000e+00,4.9392829376e+00,9.9980180056e-01,5.2477468231e-04
6.6610000000e+00,4.9402827397e+00,9.9980232468e-01,5.2348014517e-04
6.6620000000e+00,4.9412825423e+00,9.9980284752e-01,5.2218854040e-04
6.6630000000e+00,4.9422823454e+00,9.9980336906e-01,5.2089986207e-04
6.6640000000e+00,4.9432821490e+00,9.9980388932e-01,5.1961410423e-04
6.6650000000e+00,4.9442819531e+00,9.9980440829e-01,5.1833126097e-04
6.6660000000e+00,4.9452817578e+00,9.9980492598e-01,5.1705132636e-04
6.6670000000e+00,4.9462815630e+00,9.9980544239e-01,5.1577429451e-04
6.6680000000e+00,4.9472813687e+00,9.9980595753e-01,5.1450015952e-04
6.6690000000e+00,4.9482811749e+00,9.9980647140e-01,5.1322891550e-04
6.6700000000e+00,4.9492809816e+00,9.9980698399e-01,5.1196055658e-04
6.6710000000e+00,4.9502807889e+00,9.9980749532e-01,5.1069507690e-04
6.6720000000e+00,4.9512805966e+00,9.9980800538e-01,5.0943247060e-04
6.6730000000e+00,4.9522804049e+00,9.9980851418e-01,5.0817273185e-04
6.6740000000e+00,4.9532802137e+00,9.9980902173e-01,5.0691585480e-04
6.6750000000e+00,4.9542800229e+00,9.9980952802e-01,5.0566183363e-04
6.6760000000e+00,4.9552798327e+00,9.9981003305e-01,5.0441066254e-04
6.6770000000e+00,4.9562796430e+00,9.9981053684e-01,5.0316233572e-04
6.6780000000e+00,4.9572794538e+00,9.9981103938e-01,5.0191684737e-04
6.6790000000e+00,4.9582792651e+00,9.9981154067e-01,5.0067419172e-04
6.6800000000e+00,4.9592790769e+00,9.9981204073e-01,4.9943436298e-04
6.6810000000e+00,4.9602788892e+00,9.9981253954e-01,4.9819735541e-04
6.6820000000e+00,4.9612787019e+00,9.9981303712e-01,4.9696316324e-04
6.6830000000e+00,4.9622785152e+00,9.9981353347e-01,4.9573178074e-04
6.6840000000e+00,4.9632783290e+00,9.9981402859e-01,4.9450320217e-04
6.6850000000e+00,4.9642781433e+00,9.9981452248e-01,4.9327742181e-04
6.6860000000e+00,4.9652779581e+00,9.9981501514e-01,4.9205443394e-04
6.6870000000e+00,4.9662777733e+00,9.9981550659e-01,4.9083423287e-04
6.6880000000e+00,4.9672775891e+00,9.9981599681e-01,4.8961681291e-04
6.6890000000e+00,4.9682774053e+00,9.9981648582e-01,4.8840216836e-04
6.6900000000e+00,4.9692772220e+00,9.9981697362e-01,4.8719029356e-04
6.6910000000e+00,4.9702770393e+00,9.9981746020e-01,4.8598118285e-04
6.6920000000e+00,4.9712768570e+00,9.9981794558e-01,4.8477483056e-04
6.6930000000e+00,4.9722766751e+00,9.9981842975e-01,4.8357123107e-04
6.6940000000e+00,4.9732764938e+00,9.9981891272e-01,4.8237037873e-04
6.6950000000e+00,4.9742763130e+00,9.9981939450e-01,4.8117226793e-04
6.6960000000e+00,4.9752761326e+00,9.9981987507e-01,4.7997689305e-04
6.6970000000e+00,4.9762759527e+00,9.9982035445e-01,4.7878424849e-04
6.6980000000e+00,4.9772757733e+00,9.9982083264e-01,4.7759432864e-04
6.6990000000e+00,4.9782755944e+00,9.9982130964e-01,4.7640712794e-04
6.7000000000e+00,4.9792754159e+00,9.9982178545e-01,4.7522264081e-04
6.7010000000e+00,4.9802752380e+00,9.9982226009e-01,4.7404086168e-04
6.7020000000e+00,4.9812750605e+00,9.9982273354e-01,4.7286178500e-04
6.7030000000e+00,4.9822748834e+00,9.9982320581e-01,4.7168540522e-04
6.7040000000e+00,4.9832747069e+00,9.9982367691e-01,4.7051171681e-04
6.7050000000e+00,4.9842745308e+00,9.9982414683e-01,4.6934071424e-04
6.7060000000e+00,4.9852743552e+00,9.9982461559e-01,4.6817239200e-04
6.7070000000e+00,4.9862741800e+00,9.9982508318e-01,4.6700674458e-04
6.7080000000e+00,4.9872740053e+00,9.9982554961e-01,4.6584376650e-04
6.7090000000e+00,4.9882738311e+00,9.9982601487e-01,4.6468345225e-04
6.7100000000e+00,4.9892736574e+00,9.9982647897e-01,4.6352579637e-04
6.7110000000e+00,4.9902734841e+00,9.9982694192e-01,4.6237079338e-04
6.7120000000e+00,4.9912733112e+00,9.9982740372e-01,4.6121843784e-04
6.7130000000e+00,4.9922731389e+00,9.9982786436e-01,4.6006872429e-04
6.7140000000e+00,4.9932729670e+00,9.9982832385e-01,4.5892164730e-04
6.7150000000e+00,4.9942727955e+00,9.9982878220e-01,4.5777720143e-04
6.7160000000e+00,4.9952726245e+00,9.9982923941e-01,4.5663538127e-04
6.7170000000e+00,4.9962724540e+00,9.9982969547e-01,4.5549618141e-04
6.7180000000e+00,4.9972722839e+00,9.9983015040e-01,4.5435959645e-04
6.7190000000e+00,4.9982721143e+00,9.9983060419e-01,4.5322562099e-04
6.7200000000e+00,4.9992719451e+00,9.9983105685e-01,4.5209424967e-04
6.7210000000e+00,5.0002717764e+00,9.9983150838e-01,4.5096547711e-04
6.7220000000e+00,5.0012716081e+00,9.9983195879e-01,4.4983929794e-04
6.7230000000e+00,5.0022714403e+00,9.9983240806e-01,4.4871570681e-04
6.7240000000e+00,5.0032712730e+00,9.9983285622e-01,4.4759469839e-04
6.7250000000e+00,5.0042711060e+00,9.9983330325e-01,4.4647626734e-04
6.7260000000e+00,5.0052709396e+00,9.9983374917e-01,4.4536040834e-04
6.7270000000e+00,5.0062707735e+00,9.9983419398e-01,4.4424711606e-04
6.7280000000e+00,5.0072706080e+00,9.9983463767e-01,4.4313638522e-04
6.7290000000e+00,5.0082704428e+00,9.9983508025e-01,4.4202821050e-04
6.7300000000e+00,5.0092702781e+00,9.9983552172e-01,4.4092258663e-04
6.7310000000e+00,5.0102701139e+00,9.9983596210e-01,4.3981950834e-04
6.7320000000e+00,5.0112699500e+00,9.9983640136e-01,4.3871897034e-04
6.7330000000e+00,5.0122697867e+00,9.9983683953e-01,4.3762096739e-04
6.7340000000e+00,5.0132696237e+00,9.9983727661e-01,4.3652549424e-04
6.7350000000e+00,5.0142694612e+00,9.9983771259e-01,4.3543254565e-04
6.7360000000e+00,5.0152692991e+00,9.9983814747e-01,4.3434211638e-04
6.7370000000e+00,5.0162691375e+00,9.9983858127e-01,4.3325420123e-04
6.7380000000e+00,5.0172689763e+00,9.9983901398e-01,4.3216879497e-04
6.7390000000e+00,5.0182688155e+00,9.9983944561e-01,4.3108589241e-04
6.7400000000e+00,5.0192686552e+00,9.9983987615e-01,4.3000548835e-04
6.7410000000e+00,5.0202684953e+00,9.9984030562e-01,4.2892757761e-04
6.7420000000e+00,5.0212683358e+00,9.9984073401e-01,4.2785215502e-04
6.7430000000e+00,5.0222681768e+00,9.9984116133e-01,4.2677921541e-04
6.7440000000e+00,5.0232680181e+00,9.9984158757e-01,4.2570875363e-04
6.7450000000e+00,5.0242678599e+00,9.9984201274e-01,4.2464076453e-04
6.7460000000e+00,5.0252677022e+00,9.9984243685e-01,4.2357524298e-04
6.7470000000e+00,5.0262675448e+00,9.9984285990e-01,4.2251218384e-04
6.7480000000e+00,5.0272673879e+00,9.9984328188e-01,4.2145158200e-04
6.7490000000e+00,5.0282672314e+00,9.9984370280e-01,4.2039343234e-04
6.7500000000e+00,5.0292670753e+00,9.9984412267e-01,4.1933772978e-04
6.7510000000e+00,5.0302669196e+00,9.9984454148e-01,4.1828446921e-04
6.7520000000e+00,5.0312667644e+00,9.9984495923e-01,4.1723364556e-04
6.7530000000e+00,5.0322666095e+00,9.9984537594e-01,4.1618525375e-04
6.7540000000e+00,5.0332664551e+00,9.9984579161e-01,4.1513928871e-04
6.7550000000e+00,5.0342663011e+00,9.9984620622e-01,4.1409574541e-04
6.7560000000e+00,5.0352661475e+00,9.9984661980e-01,4.1305461878e-04
6.7570000000e+00,5.0362659944e+00,9.9984703233e-01,4.1201590379e-04
6.7580000000e+00,5.0372658416e+00,9.9984744383e-01,4.1097959542e-04
6.7590000000e+00,5.0382656892e+00,9.9984785429e-01,4.0994568864e-04
6.7600000000e+00,5.0392655373e+00,9.9984826372e-01,4.0891417845e-04
6.7610000000e+00,5.0402653858e+00,9.9984867212e-01,4.0788505985e-04
6.7620000000e+00,5.0412652346e+00,9.9984907949e-01,4.0685832784e-04
6.7630000000e+00,5.0422650839e+00,9.9984948584e-01,4.0583397745e-04
6.7640000000e+00,5.0432649336e+00,9.9984989116e-01,4.0481200369e-04
6.7650000000e+00,5.0442647837e+00,9.9985029546e-01,4.0379240161e-04
6.7660000000e+00,5.0452646342e+00,9.9985069875e-01,4.0277516625e-04
6.7670000000e+00,5.0462644851e+00,9.9985110102e-01,4.0176029266e-04
6.7680000000e+00,5.0472643364e+00,9.9985150227e-01,4.0074777591e-04
6.7690000000e+00,5.0482641881e+00,9.9985190251e-01,3.9973761106e-04
6.7700000000e+00,5.0492640402e+00,9.9985230175e-01,3.9872979320e-04
6.7710000000e+00,5.0502638927e+00,9.9985269997e-01,3.9772431742e-04
6.7720000000e+00,5.0512637456e+00,9.9985309720e-01,3.9672117881e-04
6.7730000000e+00,5.0522635989e+00,9.9985349342e-01,3.9572037248e-04
6.7740000000e+00,5.0532634526e+00,9.9985388864e-01,3.9472189355e-04
6.7750000000e+00,5.0542633067e+00,9.9985428286e-01,3.9372573714e-04
6.7760000000e+00,5.0552631612e+00,9.9985467609e-01,3.9273189838e-04
6.7770000000e+00,5.0562630160e+00,9.9985506832e-01,3.9174037242e-04
6.7780000000e+00,5.0572628713e+00,9.9985545957e-01,3.9075115441e-04
6.7790000000e+00,5.0582627270e+00,9.9985584983e-01,3.8976423951e-04
6.7800000000e+00,5.0592625830e+00,9.9985623910e-01,3.8877962288e-04
6.7810000000e+00,5.0602624394e+00,9.9985662739e-01,3.8779729970e-04
6.7820000000e+00,5.0612622963e+00,9.9985701470e-01,3.8681726517e-04
6.7830000000e+00,5.0622621535e+00,9.9985740102e-01,3.8583951446e-04
6.7840000000e+00,5.0632620111e+00,9.9985778637e-01,3.8486404280e-04
6.7850000000e+00,5.0642618690e+00,9.9985817075e-01,3.8389084538e-04
6.7860000000e+00,5.0652617274e+00,9.9985855416e-01,3.8291991743e-04
6.7870000000e+00,5.0662615861e+00,9.9985893659e-01,3.8195125419e-04
6.7880000000e+00,5.0672614453e+00,9.9985931806e-01,3.8098485088e-04
6.7890000000e+00,5.0682613048e+00,9.9985969856e-01,3.8002070276e-04
6.7900000000e+00,5.0692611647e+00,9.9986007810e-01,3.7905880508e-04
6.7910000000e+00,5.0702610249e+00,9.9986045668e-01,3.7809915310e-04
6.7920000000e+00,5.0712608856e+00,9.9986083430e-01,3.7714174211e-04
6.7930000000e+00,5.0722607466e+00,9.9986121097e-01,3.7618656737e-04
6.7940000000e+00,5.0732606080e+00,9.9986158668e-01,3.7523362418e-04
6.7950000000e+00,5.0742604698e+00,9.9986196143e-01,3.7428290784e-04
6.7960000000e+00,5.0752603319e+00,9.9986233524e-01,3.7333441365e-04
6.7970000000e+00,5.0762601944e+00,9.9986270810e-01,3.7238813694e-04
6.7980000000e+00,5.0772600573e+00,9.9986308002e-01,3.7144407302e-04
6.7990000000e+00,5.0782599206e+00,9.9986345099e-01,3.7050221723e-04
6.8000000000e+00,5.0792597842e+00,9.9986382102e-01,3.6956256491e-04
6.8010000000e+00,5.0802596482e+00,9.9986419012e-01,3.6862511140e-04
6.8020000000e+00,5.0812595126e+00,9.9986455828e-01,3.6768985208e-04
6.8030000000e+00,5.0822593774e+00,9.9986492550e-01,3.6675678230e-04
6.8040000000e+00,5.0832592425e+00,9.9986529179e-01,3.6582589745e-04
6.8050000000e+00,5.0842591079e+00,9.9986565715e-01,3.6489719289e-04
6.8060000000e+00,5.0852589738e+00,9.9986602158e-01,3.6397066403e-04
6.8070000000e+00,5.0862588400e+00,9.9986638509e-01,3.6304630627e-04
6.8080000000e+00,5.0872587066e+00,9.9986674768e-01,3.6212411502e-04
6.8090000000e+00,5.0882585735e+00,9.9986710934e-01,3.6120408569e-04
6.8100000000e+00,5.0892584408e+00,9.9986747009e-01,3.6028621371e-04
6.8110000000e+00,5.0902583084e+00,9.9986782992e-01,3.5937049452e-04
6.8120000000e+00,5.0912581764e+00,9.9986818883e-01,3.5845692355e-04
6.8130000000e+00,5.0922580448e+00,9.9986854683e-01,3.5754549626e-04
6.8140000000e+00,5.0932579135e+00,9.9986890392e-01,3.5663620811e-04
6.8150000000e+00,5.0942577826e+00,9.9986926010e-01,3.5572905456e-04
6.8160000000e+00,5.0952576520e+00,9.9986961538e-01,3.5482403110e-04
6.8170000000e+00,5.0962575218e+00,9.9986996975e-01,3.5392113320e-04
6.8180000000e+00,5.0972573920e+00,9.9987032322e-01,3.5302035636e-04
6.8190000000e+00,5.0982572625e+00,9.9987067579e-01,3.5212169608e-04
6.8200000000e+00,5.0992571333e+00,9.9987102747e-01,3.5122514787e-04
6.8210000000e+00,5.1002570045e+00,9.9987137824e-01,3.5033070724e-04
6.8220000000e+00,5.1012568761e+00,9.9987172813e-01,3.4943836973e-04
6.8230000000e+00,5.1022567480e+00,9.9987207712e-01,3.4854813087e-04
6.8240000000e+00,5.1032566202e+00,9.9987242523e-01,3.4765998620e-04
6.8250000000e+00,5.1042564928e+00,9.9987277244e-01,3.4677393126e-04
6.8260000000e+00,5.1052563658e+00,9.9987311877e-01,3.4588996163e-04
6.8270000000e+00,5.1062562391e+00,9.9987346422e-01,3.4500807286e-04
6.8280000000e+00,5.1072561127e+00,9.9987380879e-01,3.4412826053e-04
6.8290000000e+00,5.1082559867e+00,9.9987415248e-01,3.4325052022e-04
6.8300000000e+00,5.1092558610e+00,9.9987449529e-01,3.4237484754e-04
6.8310000000e+00,5.1102557357e+00,9.9987483723e-01,3.4150123806e-04
6.8320000000e+00,5.1112556107e+00,9.9987517830e-01,3.4062968741e-04
6.8330000000e+00,5.1122554860e+00,9.9987551849e-01,3.3976019120e-04
6.8340000000e+00,5.1132553617e+00,9.9987585782e-01,3.3889274505e-04
6.8350000000e+00,5.1142552378e+00,9.9987619628e-01,3.3802734460e-04
6.8360000000e+00,5.1152551141e+00,9.9987653387e-01,3.3716398548e-04
6.8370000000e+00,5.1162549908e+00,9.9987687061e-01,3.3630266335e-04
6.8380000000e+00,5.1172548679e+00,9.9987720648e-01,3.3544337386e-04
6.8390000000e+00,5.1182547452e+00,9.9987754149e-01,3.3458611267e-04
6.8400000000e+00,5.1192546230e+00,9.9987787565e-01,3.3373087546e-04
6.8410000000e+00,5.1202545010e+00,9.9987820896e-01,3.3287765790e-04
6.8420000000e+00,5.1212543794e+00,9.9987854141e-01,3.3202645570e-04
6.8430000000e+00,5.1222542581e+00,9.9987887301e-01,3.3117726453e-04
6.8440000000e+00,5.1232541371e+00,9.9987920376e-01,3.3033008011e-04
6.8450000000e+00,5.1242540165e+00,9.9987953367e-01,3.2948489815e-04
6.8460000000e+00,5.1252538962e+00,9.9987986273e-01,3.2864171437e-04
6.8470000000e+00,5.1262537762e+00,9.9988019095e-01,3.2780052450e-04
6.8480000000e+00,5.1272536566e+00,9.9988051833e-01,3.2696132428e-04
6.8490000000e+00,5.1282535372e+00,9.9988084488e-01,3.2612410944e-04
6.8500000000e+00,5.1292534183e+00,9.9988117058e-01,3.2528887575e-04
6.8510000000e+00,5.1302532996e+00,9.9988149546e-01,3.2445561895e-04
6.8520000000e+00,5.1312531812e+00,9.9988181950e-01,3.2362433483e-04
6.8530000000e+00,5.1322530632e+00,9.9988214270e-01,3.2279501915e-04
6.8540000000e+00,5.1332529455e+00,9.9988246509e-01,3.2196766770e-04
6.8550000000e+00,5.1342528282e+00,9.9988278664e-01,3.2114227627e-04
6.8560000000e+00,5.1352527111e+00,9.9988310737e-01,3.2031884066e-04
6.8570000000e+00,5.1362525944e+00,9.9988342728e-01,3.1949735668e-04
6.8580000000e+00,5.1372524780e+00,9.9988374637e-01,3.1867782014e-04
6.8590000000e+00,5.1382523619e+00,9.9988406464e-01,3.1786022686e-04
6.8600000000e+00,5.1392522461e+00,9.9988438209e-01,3.1704457269e-04
6.8610000000e+00,5.1402521306e+00,9.9988469873e-01,3.1623085345e-04
6.8620000000e+00,5.1412520155e+00,9.9988501455e-01,3.1541906499e-04
6.8630000000e+00,5.1422519007e+00,9.9988532956e-01,3.1460920316e-04
6.8640000000e+00,5.1432517861e+00,9.9988564377e-01,3.1380126383e-04
6.8650000000e+00,5.1442516719e+00,9.9988595717e-01,3.1299524288e-04
6.8660000000e+00,5.1452515581e+00,9.9988626976e-01,3.1219113616e-04
6.8670000000e+00,5.1462514445e+00,9.9988658155e-01,3.1138893958e-04
6.8680000000e+00,5.1472513312e+00,9.9988689254e-01,3.1058864901e-04
6.8690000000e+00,5.1482512183e+00,9.9988720273e-01,3.0979026037e-04
6.8700000000e+00,5.1492511056e+00,9.9988751212e-01,3.0899376956e-04
6.8710000000e+00,5.1502509933e+00,9.9988782072e-01,3.0819917250e-04
6.8720000000e+00,5.1512508813e+00,9.9988812852e-01,3.0740646511e-04
6.8730000000e+00,5.1522507695e+00,9.9988843553e-01,3.0661564332e-04
6.8740000000e+00,5.1532506581e+00,9.9988874175e-01,3.0582670308e-04
6.8750000000e+00,5.1542505470e+00,9.9988904718e-01,3.0503964032e-04
6.8760000000e+00,5.1552504362e+00,9.9988935183e-01,3.0425445100e-04
6.8770000000e+00,5.1562503257e+00,9.9988965569e-01,3.0347113108e-04
6.8780000000e+00,5.1572502155e+00,9.9988995877e-01,3.0268967653e-04
6.8790000000e+00,5.1582501056e+00,9.9989026107e-01,3.0191008334e-04
6.8800000000e+00,5.1592499961e+00,9.9989056259e-01,3.0113234748e-04
6.8810000000e+00,5.1602498868e+00,9.9989086334e-01,3.0035646494e-04
6.8820000000e+00,5.1612497778e+00,9.9989116331e-01,2.9958243173e-04
6.8830000000e+00,5.1622496691e+00,9.9989146250e-01,2.9881024385e-04
6.8840000000e+00,5.1632495607e+00,9.9989176093e-01,2.9803989732e-04
6.8850000000e+00,5.1642494526e+00,9.9989205858e-01,2.9727138816e-04
6.8860000000e+00,5.1652493448e+00,9.9989235547e-01,2.9650471240e-04
6.8870000000e+00,5.1662492373e+00,9.9989265159e-01,2.9573986607e-04
6.8880000000e+00,5.1672491301e+00,9.9989294695e-01,2.9497684522e-04
6.8890000000e+00,5.1682490232e+00,9.9989324155e-01,2.9421564591e-04
6.8900000000e+00,5.1692489166e+00,9.9989353538e-01,2.9345626418e-04
6.8910000000e+00,5.1702488103e+00,9.9989382846e-01,2.9269869612e-04
6.8920000000e+00,5.1712487043e+00,9.9989412078e-01,2.9194293779e-04
6.8930000000e+00,5.1722485985e+00,9.9989441235e-01,2.9118898528e-04
6.8940000000e+00,5.1732484931e+00,9.9989470316e-01,2.9043683467e-04
6.8950000000e+00,5.1742483879e+00,9.9989499322e-01,2.8968648206e-04
6.8960000000e+00,5.1752482831e+00,9.9989528253e-01,2.8893792356e-04
6.8970000000e+00,5.1762481785e+00,9.9989557110e-01,2.8819115527e-04
6.8980000000e+00,5.1772480742e+00,9.9989585892e-01,2.8744617332e-04
6.8990000000e+00,5.1782479702e+00,9.9989614599e-01,2.8670297384e-04
6.9000000000e+00,5.1792478665e+00,9.9989643232e-01,2.8596155294e-04
6.9010000000e+00,5.1802477631e+00,9.9989671792e-01,2.8522190679e-04
6.9020000000e+00,5.1812476600e+00,9.9989700277e-01,2.8448403152e-04
6.9030000000e+00,5.1822475571e+00,9.9989728688e-01,2.8374792328e-04
6.9040000000e+00,5.1832474545e+00,9.9989757026e-01,2.8301357826e-04
6.9050000000e+00,5.1842473522e+00,9.9989785291e-01,2.8228099260e-04
6.9060000000e+00,5.1852472502e+00,9.9989813483e-01,2.8155016249e-04
6.9070000000e+00,5.1862471485e+00,9.9989841601e-01,2.8082108412e-04
6.9080000000e+00,5.1872470471e+00,9.9989869647e-01,2.8009375368e-04
6.9090000000e+00,5.1882469459e+00,9.9989897620e-01,2.7936816736e-04
6.9100000000e+00,5.1892468450e+00,9.9989925521e-01,2.7864432138e-04
6.9110000000e+00,5.1902467444e+00,9.9989953349e-01,2.7792221193e-04
6.9120000000e+00,5.1912466441e+00,9.9989981105e-01,2.7720183526e-04
6.9130000000e+00,5.1922465440e+00,9.9990008789e-01,2.7648318758e-04
6.9140000000e+00,5.1932464443e+00,9.9990036402e-01,2.7576626513e-04
6.9150000000e+00,5.1942463448e+00,9.9990063943e-01,2.7505106415e-04
6.9160000000e+00,5.1952462455e+00,9.9990091412e-01,2.7433758090e-04
6.9170000000e+00,5.1962461466e+00,9.9990118810e-01,2.7362581162e-04
6.9180000000e+00,5.1972460479e+00,9.9990146137e-01,2.7291575259e-04
6.9190000000e+00,5.1982459495e+00,9.9990173394e-01,2.7220740006e-04
6.9200000000e+00,5.1992458514e+00,9.9990200579e-01,2.7150075033e-04
6.9210000000e+00,5.2002457535e+00,9.9990227694e-01,2.7079579968e-04
6.9220000000e+00,5.2012456559e+00,9.9990254738e-01,2.7009254439e-04
6.9230000000e+00,5.2022455586e+00,9.9990281712e-01,2.6939098077e-04
6.9240000000e+00,5.2032454616e+00,9.9990308616e-01,2.6869110513e-04
6.9250000000e+00,5.2042453648e+00,9.9990335451e-01,2.6799291377e-04
6.9260000000e+00,5.2052452683e+00,9.9990362215e-01,2.6729640302e-04
6.9270000000e+00,5.2062451720e+00,9.9990388910e-01,2.6660156921e-04
6.9280000000e+00,5.2072450761e+00,9.9990415535e-01,2.6590840867e-04
6.9290000000e+00,5.2082449803e+00,9.9990442092e-01,2.6521691774e-04
6.9300000000e+00,5.2092448849e+00,9.9990468579e-01,2.6452709277e-04
6.9310000000e+00,5.2102447897e+00,9.9990494997e-01,2.6383893012e-04
6.9320000000e+00,5.2112446948e+00,9.9990521347e-01,2.6315242615e-04
6.9330000000e+00,5.2122446001e+00,9.9990547628e-01,2.6246757723e-04
6.9340000000e+00,5.2132445057e+00,9.9990573840e-01,2.6178437973e-04
6.9350000000e+00,5.2142444116e+00,9.9990599985e-01,2.6110283004e-04
6.9360000000e+00,5.2152443177e+00,9.9990626061e-01,2.6042292456e-04
6.9370000000e+00,5.2162442241e+00,9.9990652069e-01,2.5974465967e-04
6.9380000000e+00,5.2172441308e+00,9.9990678010e-01,2.5906803178e-04
6.9390000000e+00,5.2182440377e+00,9.9990703883e-01,2.5839303730e-04
6.9400000000e+00,5.2192439449e+00,9.9990729689e-01,2.5771967266e-04
6.9410000000e+00,5.2202438523e+00,9.9990755427e-01,2.5704793427e-04
6.9420000000e+00,5.2212437600e+00,9.9990781098e-01,2.5637781857e-04
6.9430000000e+00,5.2222436679e+00,9.9990806703e-01,2.5570932200e-04
6.9440000000e+00,5.2232435761e+00,9.9990832240e-01,2.5504244100e-04
6.9450000000e+00,5.2242434846e+00,9.9990857711e-01,2.5437717203e-04
6.9460000000e+00,5.2252433933e+00,9.9990883116e-01,2.5371351154e-04
6.9470000000e+00,5.2262433022e+00,9.9990908454e-01,2.5305145600e-04
6.9480000000e+00,5.2272432114e+00,9.9990933726e-01,2.5239100189e-04
6.9490000000e+00,5.2282431209e+00,9.9990958932e-01,2.5173214568e-04
6.9500000000e+00,5.2292430306e+00,9.9990984072e-01,2.5107488386e-04
6.9510000000e+00,5.2302429406e+00,9.9991009147e-01,2.5041921292e-04
6.9520000000e+00,5.2312428508e+00,9.9991034156e-01,2.4976512937e-04
6.9530000000e+00,5.2322427613e+00,9.9991059100e-01,2.4911262971e-04
6.9540000000e+00,5.2332426720e+00,9.9991083979e-01,2.4846171046e-04
6.9550000000e+00,5.2342425829e+00,9.9991108793e-01,2.4781236813e-04
6.9560000000e+00,5.2352424941e+00,9.9991133541e-01,2.4716459925e-04
6.9570000000e+00,5.2362424056e+00,9.9991158226e-01,2.4651840036e-04
6.9580000000e+00,5.2372423173e+00,9.9991182845e-01,2.4587376800e-04
6.9590000000e+00,5.2382422293e+00,9.9991207400e-01,2.4523069871e-04
6.9600000000e+00,5.2392421415e+00,9.9991231891e-01,2.4458918905e-04
6.9610000000e+00,5.2402420539e+00,9.9991256318e-01,2.4394923558e-04
6.9620000000e+00,5.2412419666e+00,9.9991280681e-01,2.4331083486e-04
6.9630000000e+00,5.2422418795e+00,9.9991304980e-01,2.4267398348e-04
6.9640000000e+00,5.2432417927e+00,9.9991329216e-01,2.4203867800e-04
6.9650000000e+00,5.2442417061e+00,9.9991353388e-01,2.4140491503e-04
6.9660000000e+00,5.2452416198e+00,9.9991377497e-01,2.4077269115e-04
6.9670000000e+00,5.2462415336e+00,9.9991401543e-01,2.4014200296e-04
6.9680000000e+00,5.2472414478e+00,9.9991425526e-01,2.3951284707e-04
6.9690000000e+00,5.2482413622e+00,9.9991449445e-01,2.3888522009e-04
6.9700000000e+00,5.2492412768e+00,9.9991473303e-01,2.3825911865e-04
6.9710000000e+00,5.2502411916e+00,9.9991497097e-01,2.3763453937e-04
6.9720000000e+00,5.2512411067e+00,9.9991520830e-01,2.3701147888e-04
6.9730000000e+00,5.2522410220e+00,9.9991544500e-01,2.3638993383e-04
6.9740000000e+00,5.2532409376e+00,9.9991568108e-01,2.3576990085e-04
6.9750000000e+00,5.2542408534e+00,9.9991591654e-01,2.3515137662e-04
6.9760000000e+00,5.2552407694e+00,9.9991615138e-01,2.3453435777e-04
6.9770000000e+00,5.2562406857e+00,9.9991638561e-01,2.3391884099e-04
6.9780000000e+00,5.2572406022e+00,9.9991661922e-01,2.3330482294e-04
6.9790000000e+00,5.2582405189e+00,9.9991685222e-01,2.3269230029e-04
6.9800000000e+00,5.2592404359e+00,9.9991708460e-01,2.3208126975e-04
6.9810000000e+00,5.2602403531e+00,9.9991731638e-01,2.3147172799e-04
6.9820000000e+00,5.2612402705e+00,9.9991754755e-01,2.3086367173e-04
6.9830000000e+00,5.2622401882e+00,9.9991777811e-01,2.3025709765e-04
6.9840000000e+00,5.2632401061e+00,9.9991800806e-01,2.2965200248e-04
6.9850000000e+00,5.2642400242e+00,9.9991823741e-01,2.2904838293e-04
6.9860000000e+00,5.2652399426e+00,9.9991846616e-01,2.2844623572e-04
6.9870000000e+00,5.2662398612e+00,9.9991869430e-01,2.2784555759e-04
6.9880000000e+00,5.2672397800e+00,9.9991892185e-01,2.2724634528e-04
6.9890000000e+00,5.2682396990e+00,9.9991914880e-01,2.2664859552e-04
6.9900000000e+00,5.2692396183e+00,9.9991937515e-01,2.2605230507e-04
6.9910000000e+00,5.2702395377e+00,9.9991960090e-01,2.2545747068e-04
6.9920000000e+00,5.2712394575e+00,9.9991982606e-01,2.2486408911e-04
6.9930000000e+00,5.2722393774e+00,9.9992005063e-01,2.2427215714e-04
6.9940000000e+00,5.2732392976e+00,9.9992027461e-01,2.2368167154e-04
6.9950000000e+00,5.2742392180e+00,9.9992049800e-01,2.2309262909e-04
6.9960000000e+00,5.2752391386e+00,9.9992072079e-01,2.2250502658e-04
6.9970000000e+00,5.2762390594e+00,9.9992094301e-01,2.2191886080e-04
6.9980000000e+00,5.2772389804e+00,9.9992116463e-01,2.2133412855e-04
6.9990000000e+00,5.2782389017e+00,9.9992138567e-01,2.2075082664e-04
7.0000000000e+00,5.2792388232e+00,9.9992160613e-01,2.2016895189e-04
7.0010000000e+00,5.2802387449e+00,9.9992182601e-01,2.1958850111e-04
7.0020000000e+00,5.2812386669e+00,9.9992204531e-01,2.1900947112e-04
7.0030000000e+00,5.2822385890e+00,9.9992226403e-01,2.1843185876e-04
7.0040000000e+00,5.2832385114e+00,9.9992248218e-01,2.1785566087e-04
7.0050000000e+00,5.2842384340e+00,9.9992269974e-01,2.1728087430e-04
7.0060000000e+00,5.2852383568e+00,9.9992291674e-01,2.1670749588e-04
7.0070000000e+00,5.2862382798e+00,9.9992313316e-01,2.1613552248e-04
7.0080000000e+00,5.2872382031e+00,9.9992334901e-01,2.1556495096e-04
7.0090000000e+00,5.2882381265e+00,9.9992356429e-01,2.1499577819e-04
7.0100000000e+00,5.2892380502e+00,9.9992377900e-01,2.1442800105e-04
7.0110000000e+00,5.2902379741e+00,9.9992399315e-01,2.1386161641e-04
7.0120000000e+00,5.2912378982e+00,9.9992420673e-01,2.1329662117e-04
7.0130000000e+00,5.2922378225e+00,9.9992441974e-01,2.1273301221e-04
7.0140000000e+00,5.2932377470e+00,9.9992463219e-01,2.1217078644e-04
7.0150000000e+00,5.2942376718e+00,9.9992484408e-01,2.1160994077e-04
7.0160000000e+00,5.2952375967e+00,9.9992505541e-01,2.1105047209e-04
7.0170000000e+00,5.2962375219e+00,9.9992526618e-01,2.1049237734e-04
7.0180000000e+00,5.2972374472e+00,9.9992547640e-01,2.0993565344e-04
7.0190000000e+00,5.2982373728e+00,9.9992568606e-01,2.0938029732e-04
7.0200000000e+00,5.2992372986e+00,9.9992589516e-01,2.0882630591e-04
7.0210000000e+00,5.3002372246e+00,9.9992610371e-01,2.0827367615e-04
7.0220000000e+00,5.3012371508e+00,9.9992631171e-01,2.0772240500e-04
7.0230000000e+00,5.3022370772e+00,9.9992651915e-01,2.0717248941e-04
7.0240000000e+00,5.3032370039e+00,9.9992672605e-01,2.0662392633e-04
7.0250000000e+00,5.3042369307e+00,9.9992693240e-01,2.0607671274e-04
7.0260000000e+00,5.3052368577e+00,9.9992713821e-01,2.0553084561e-04
7.0270000000e+00,5.3062367850e+00,9.9992734346e-01,2.0498632192e-04
7.0280000000e+00,5.3072367124e+00,9.9992754818e-01,2.0444313865e-04
7.0290000000e+00,5.3082366401e+00,9.9992775235e-01,2.0390129279e-04
7.0300000000e+00,5.3092365679e+00,9.9992795598e-01,2.0336078133e-04
7.0310000000e+00,5.3102364960e+00,9.9992815907e-01,2.0282160129e-04
7.0320000000e+00,5.3112364242e+00,9.9992836163e-01,2.0228374967e-04
7.0330000000e+00,5.3122363527e+00,9.9992856364e-01,2.0174722348e-04
7.0340000000e+00,5.3132362814e+00,9.9992876512e-01,2.0121201974e-04
7.0350000000e+00,5.3142362102e+00,9.9992896607e-01,2.0067813548e-04
7.0360000000e+00,5.3152361393e+00,9.9992916648e-01,2.0014556774e-04
7.0370000000e+00,5.3162360686e+00,9.9992936636e-01,1.9961431354e-04
7.0380000000e+00,5.3172359980e+00,9.9992956571e-01,1.9908436994e-04
7.0390000000e+00,5.3182359277e+00,9.9992976453e-01,1.9855573398e-04
7.0400000000e+00,5.3192358575e+00,9.9992996282e-01,1.9802840272e-04
7.0410000000e+00,5.3202357876e+00,9.9993016058e-01,1.9750237322e-04
7.0420000000e+00,5.3212357179e+00,9.9993035782e-01,1.9697764255e-04
7.0430000000e+00,5.3222356483e+00,9.9993055454e-01,1.9645420778e-04
7.0440000000e+00,5.3232355790e+00,9.9993075073e-01,1.9593206599e-04
7.0450000000e+00,5.3242355098e+00,9.9993094640e-01,1.9541121427e-04
7.0460000000e+00,5.3252354409e+00,9.9993114156e-01,1.9489164970e-04
7.0470000000e+00,5.3262353721e+00,9.9993133619e-01,1.9437336938e-04
7.0480000000e+00,5.3272353035e+00,9.9993153030e-01,1.9385637042e-04
7.0490000000e+00,5.3282352352e+00,9.9993172390e-01,1.9334064992e-04
7.0500000000e+00,5.3292351670e+00,9.9993191698e-01,1.9282620499e-04
7.0510000000e+00,5.3302350990e+00,9.9993210955e-01,1.9231303276e-04
7.0520000000e+00,5.3312350312e+00,9.9993230161e-01,1.9180113036e-04
7.0530000000e+00,5.3322349636e+00,9.9993249316e-01,1.9129049490e-04
7.0540000000e+00,5.3332348962e+00,9.9993268419e-01,1.9078112354e-04
7.0550000000e+00,5.3342348290e+00,9.9993287472e-01,1.9027301341e-04
7.0560000000e+00,5.3352347619e+00,9.9993306474e-01,1.8976616165e-04
7.0570000000e+00,5.3362346951e+00,9.9993325425e-01,1.8926056544e-04
7.0580000000e+00,5.3372346285e+00,9.9993344326e-01,1.8875622191e-04
7.0590000000e+00,5.3382345620e+00,9.9993363176e-01,1.8825312825e-04
7.0600000000e+00,5.3392344957e+00,9.9993381977e-01,1.8775128161e-04
7.0610000000e+00,5.3402344296e+00,9.9993400727e-01,1.8725067919e-04
7.0620000000e+00,5.3412343637e+00,9.9993419427e-01,1.8675131815e-04
7.0630000000e+00,5.3422342980e+00,9.9993438077e-01,1.8625319569e-04
7.0640000000e+00,5.3432342325e+00,9.9993456678e-01,1.8575630901e-04
7.0650000000e+00,5.3442341672e+00,9.9993475228e-01,1.8526065529e-04
7.0660000000e+00,5.3452341020e+00,9.9993493730e-01,1.8476623175e-04
7.0670000000e+00,5.3462340370e+00,9.9993512182e-01,1.8427303560e-04
7.0680000000e+00,5.3472339722e+00,9.9993530584e-01,1.8378106405e-04
7.0690000000e+00,5.3482339076e+00,9.9993548938e-01,1.8329031433e-04
7.0700000000e+00,5.3492338432e+00,9.9993567242e-01,1.8280078365e-04
7.0710000000e+00,5.3502337790e+00,9.9993585498e-01,1.8231246927e-04
7.0720000000e+00,5.3512337149e+00,9.9993603705e-01,1.8182536840e-04
7.0730000000e+00,5.3522336511e+00,9.9993621863e-01,1.8133947831e-04
7.0740000000e+00,5.3532335874e+00,9.9993639973e-01,1.8085479623e-04
7.0750000000e+00,5.3542335239e+00,9.9993658034e-01,1.8037131942e-04
7.0760000000e+00,5.3552334605e+00,9.9993676047e-01,1.7988904515e-04
7.0770000000e+00,5.3562333974e+00,9.9993694012e-01,1.7940797068e-04
7.0780000000e+00,5.3572333344e+00,9.9993711929e-01,1.7892809328e-04
7.0790000000e+00,5.3582332716e+00,9.9993729798e-01,1.7844941023e-04
7.0800000000e+00,5.3592332090e+00,9.9993747619e-01,1.7797191881e-04
7.0810000000e+00,5.3602331466e+00,9.9993765392e-01,1.7749561631e-04
7.0820000000e+00,5.3612330843e+00,9.9993783118e-01,1.7702050002e-04
7.0830000000e+00,5.3622330222e+00,9.9993800796e-01,1.7654656725e-04
7.0840000000e+00,5.3632329603e+00,9.9993818427e-01,1.7607381529e-04
7.0850000000e+00,5.3642328986e+00,9.9993836011e-01,1.7560224146e-04
7.0860000000e+00,5.3652328370e+00,9.9993853548e-01,1.7513184307e-04
7.0870000000e+00,5.3662327757e+00,9.9993871037e-01,1.7466261745e-04
7.0880000000e+00,5.3672327145e+00,9.9993888480e-01,1.7419456192e-04
7.0890000000e+00,5.3682326534e+00,9.9993905876e-01,1.7372767381e-04
7.0900000000e+00,5.3692325926e+00,9.9993923226e-01,1.7326195046e-04
7.0910000000e+00,5.3702325319e+00,9.9993940529e-01,1.7279738922e-04
7.0920000000e+00,5.3712324714e+00,9.9993957785e-01,1.7233398742e-04
7.0930000000e+00,5.3722324111e+00,9.9993974996e-01,1.7187174243e-04
7.0940000000e+00,5.3732323509e+00,9.9993992160e-01,1.7141065160e-04
7.0950000000e+00,5.3742322909e+00,9.9994009278e-01,1.7095071229e-04
7.0960000000e+00,5.3752322311e+00,9.9994026350e-01,1.7049192188e-04
7.0970000000e+00,5.3762321714e+00,9.9994043376e-01,1.7003427774e-04
7.0980000000e+00,5.3772321119e+00,9.9994060357e-01,1.6957777725e-04
7.0990000000e+00,5.3782320526e+00,9.9994077292e-01,1.6912241780e-04
7.1000000000e+00,5.3792319935e+00,9.9994094181e-01,1.6866819678e-04
7.1010000000e+00,5.3802319345e+00,9.9994111026e-01,1.6821511158e-04
7.1020000000e+00,5.3812318757e+00,9.9994127824e-01,1.6776315960e-04
7.1030000000e+00,5.3822318171e+00,9.9994144578e-01,1.6731233825e-04
7.1040000000e+00,5.3832317586e+00,9.9994161287e-01,1.6686264494e-04
7.1050000000e+00,5.3842317003e+00,9.9994177951e-01,1.6641407710e-04
7.1060000000e+00,5.3852316422e+00,9.9994194570e-01,1.6596663214e-04
7.1070000000e+00,5.3862315842e+00,9.9994211144e-01,1.6552030748e-04
7.1080000000e+00,5.3872315264e+00,9.9994227674e-01,1.6507510057e-04
7.1090000000e+00,5.3882314687e+00,9.9994244159e-01,1.6463100885e-04
7.1100000000e+00,5.3892314113e+00,9.9994260600e-01,1.6418802974e-04
7.1110000000e+00,5.3902313540e+00,9.9994276997e-01,1.6374616071e-04
7.1120000000e+00,5.3912312968e+00,9.9994293349e-01,1.6330539920e-04
7.1130000000e+00,5.3922312398e+00,9.9994309658e-01,1.6286574268e-04
7.1140000000e+00,5.3932311830e+00,9.9994325923e-01,1.6242718861e-04
7.1150000000e+00,5.3942311263e+00,9.9994342143e-01,1.6198973446e-04
7.1160000000e+00,5.3952310698e+00,9.9994358321e-01,1.6155337770e-04
7.1170000000e+00,5.3962310135e+00,9.9994374454e-01,1.6111811582e-04
7.1180000000e+00,5.3972309573e+00,9.9994390544e-01,1.6068394629e-04
7.1190000000e+00,5.3982309013e+00,9.9994406591e-01,1.6025086661e-04
7.1200000000e+00,5.3992308455e+00,9.9994422594e-01,1.5981887428e-04
7.1210000000e+00,5.4002307898e+00,9.9994438555e-01,1.5938796679e-04
7.1220000000e+00,5.4012307342e+00,9.9994454472e-01,1.5895814164e-04
7.1230000000e+00,5.4022306789e+00,9.9994470346e-01,1.5852939636e-04
7.1240000000e+00,5.4032306236e+00,9.9994486178e-01,1.5810172845e-04
7.1250000000e+00,5.4042305686e+00,9.9994501967e-01,1.5767513543e-04
7.1260000000e+00,5.4052305137e+00,9.9994517713e-01,1.5724961484e-04
7.1270000000e+00,5.4062304589e+00,9.9994533417e-01,1.5682516419e-04
7.1280000000e+00,5.4072304043e+00,9.9994549078e-01,1.5640178104e-04
7.1290000000e+00,5.4082303499e+00,9.9994564697e-01,1.5597946291e-04
7.1300000000e+00,5.4092302956e+00,9.9994580274e-01,1.5555820735e-04
7.1310000000e+00,5.4102302415e+00,9.9994595809e-01,1.5513801192e-04
7.1320000000e+00,5.4112301876e+00,9.9994611302e-01,1.5471887418e-04
7.1330000000e+00,5.4122301337e+00,9.9994626753e-01,1.5430079167e-04
7.1340000000e+00,5.4132300801e+00,9.9994642162e-01,1.5388376197e-04
7.1350000000e+00,5.4142300266e+00,9.9994657529e-01,1.5346778265e-04
7.1360000000e+00,5.4152299732e+00,9.9994672855e-01,1.5305285129e-04
7.1370000000e+00,5.4162299200e+00,9.9994688140e-01,1.5263896546e-04
7.1380000000e+00,5.4172298670e+00,9.9994703383e-01,1.5222612275e-04
7.1390000000e+00,5.4182298141e+00,9.9994718585e-01,1.5181432076e-04
7.1400000000e+00,5.4192297614e+00,9.9994733746e-01,1.5140355707e-04
7.1410000000e+00,5.4202297088e+00,9.9994748866e-01,1.5099382930e-04
7.1420000000e+00,5.4212296564e+00,9.9994763945e-01,1.5058513504e-04
7.1430000000e+00,5.4222296041e+00,9.9994778983e-01,1.5017747190e-04
7.1440000000e+00,5.4232295519e+00,9.9994793981e-01,1.4977083751e-04
7.1450000000e+00,5.4242295000e+00,9.9994808937e-01,1.4936522948e-04
7.1460000000e+00,5.4252294481e+00,9.9994823854e-01,1.4896064543e-04
7.1470000000e+00,5.4262293964e+00,9.9994838730e-01,1.4855708301e-04
7.1480000000e+00,5.4272293449e+00,9.9994853565e-01,1.4815453983e-04
7.1490000000e+00,5.4282292935e+00,9.9994868360e-01,1.4775301356e-04
7.1500000000e+00,5.4292292423e+00,9.9994883116e-01,1.4735250181e-04
7.1510000000e+00,5.4302291912e+00,9.9994897831e-01,1.4695300226e-04
7.1520000000e+00,5.4312291402e+00,9.9994912506e-01,1.4655451255e-04
7.1530000000e+00,5.4322290894e+00,9.9994927142e-01,1.4615703034e-04
7.1540000000e+00,5.4332290388e+00,9.9994941738e-01,1.4576055330e-04
7.1550000000e+00,5.4342289882e+00,9.9994956294e-01,1.4536507910e-04
7.1560000000e+00,5.4352289379e+00,9.9994970811e-01,1.4497060540e-04
7.1570000000e+00,5.4362288877e+00,9.9994985288e-01,1.4457712989e-04
7.1580000000e+00,5.4372288376e+00,9.9994999726e-01,1.4418465026e-04
7.1590000000e+00,5.4382287877e+00,9.9995014125e-01,1.4379316418e-04
7.1600000000e+00,5.4392287379e+00,9.9995028485e-01,1.4340266937e-04
7.1610000000e+00,5.4402286882e+00,9.9995042806e-01,1.4301316350e-04
7.1620000000e+00,5.4412286387e+00,9.9995057088e-01,1.4262464429e-04
7.1630000000e+00,5.4422285894e+00,9.9995071331e-01,1.4223710944e-04
7.1640000000e+00,5.4432285402e+00,9.9995085535e-01,1.4185055666e-04
7.1650000000e+00,5.4442284911e+00,9.9995099701e-01,1.4146498368e-04
7.1660000000e+00,5.4452284421e+00,9.9995113828e-01,1.4108038821e-04
7.1670000000e+00,5.4462283934e+00,9.9995127917e-01,1.4069676798e-04
7.1680000000e+00,5.4472283447e+00,9.9995141967e-01,1.4031412072e-04
7.1690000000e+00,5.4482282962e+00,9.9995155980e-01,1.3993244417e-04
7.1700000000e+00,5.4492282478e+00,9.9995169954e-01,1.3955173606e-04
7.1710000000e+00,5.4502281996e+00,9.9995183890e-01,1.3917199415e-04
7.1720000000e+00,5.4512281515e+00,9.9995197788e-01,1.3879321619e-04
7.1730000000e+00,5.4522281035e+00,9.9995211649e-01,1.3841539992e-04
7.1740000000e+00,5.4532280557e+00,9.9995225472e-01,1.3803854311e-04
7.1750000000e+00,5.4542280081e+00,9.9995239257e-01,1.3766264352e-04
7.1760000000e+00,5.4552279605e+00,9.9995253004e-01,1.3728769892e-04
7.1770000000e+00,5.4562279131e+00,9.9995266714e-01,1.3691370708e-04
7.1780000000e+00,5.4572278659e+00,9.9995280387e-01,1.3654066579e-04
7.1790000000e+00,5.4582278187e+00,9.9995294022e-01,1.3616857282e-04
7.1800000000e+00,5.4592277717e+00,9.9995307621e-01,1.3579742596e-04
7.1810000000e+00,5.4602277249e+00,9.9995321182e-01,1.3542722300e-04
7.1820000000e+00,5.4612276782e+00,9.9995334706e-01,1.3505796175e-04
7.1830000000e+00,5.4622276316e+00,9.9995348193e-01,1.3468963999e-04
7.1840000000e+00,5.4632275851e+00,9.9995361644e-01,1.3432225555e-04
7.1850000000e+00,5.4642275388e+00,9.9995375058e-01,1.3395580621e-04
7.1860000000e+00,5.4652274926e+00,9.9995388435e-01,1.3359028981e-04
7.1870000000e+00,5.4662274466e+00,9.9995401776e-01,1.3322570416e-04
7.1880000000e+00,5.4672274007e+00,9.9995415080e-01,1.3286204709e-04
7.1890000000e+00,5.4682273549e+00,9.9995428349e-01,1.3249931641e-04
7.1900000000e+00,5.4692273092e+00,9.9995441580e-01,1.3213750998e-04
7.1910000000e+00,5.4702272637e+00,9.9995454776e-01,1.3177662562e-04
7.1920000000e+00,5.4712272183e+00,9.9995467936e-01,1.3141666117e-04
7.1930000000e+00,5.4722271731e+00,9.9995481059e-01,1.3105761449e-04
7.1940000000e+00,5.4732271279e+00,9.9995494147e-01,1.3069948342e-04
7.1950000000e+00,5.4742270829e+00,9.9995507199e-01,1.3034226581e-04
7.1960000000e+00,5.4752270381e+00,9.9995520216e-01,1.2998595954e-04
7.1970000000e+00,5.4762269934e+00,9.9995533197e-01,1.2963056246e-04
7.1980000000e+00,5.4772269487e+00,9.9995546142e-01,1.2927607245e-04
7.1990000000e+00,5.4782269043e+00,9.9995559052e-01,1.2892248737e-04
7.2000000000e+00,5.4792268599e+00,9.9995571926e-01,1.2856980510e-04
7.2010000000e+00,5.4802268157e+00,9.9995584766e-01,1.2821802353e-04
7.2020000000e+00,5.4812267716e+00,9.9995597570e-01,1.2786714055e-04
7.2030000000e+00,5.4822267277e+00,9.9995610339e-01,1.2751715404e-04
7.2040000000e+00,5.4832266838e+00,9.9995623073e-01,1.2716806190e-04
7.2050000000e+00,5.4842266401e+00,9.9995635773e-01,1.2681986203e-04
7.2060000000e+00,5.4852265965e+00,9.9995648437e-01,1.2647255233e-04
7.2070000000e+00,5.4862265531e+00,9.9995661067e-01,1.2612613072e-04
7.2080000000e+00,5.4872265098e+00,9.9995673663e-01,1.2578059511e-04
7.2090000000e+00,5.4882264666e+00,9.9995686224e-01,1.2543594341e-04
7.2100000000e+00,5.4892264235e+00,9.9995698750e-01,1.2509217355e-04
7.2110000000e+00,5.4902263805e+00,9.9995711242e-01,1.2474928346e-04
7.2120000000e+00,5.4912263377e+00,9.9995723700e-01,1.2440727106e-04
7.2130000000e+00,5.4922262950e+00,9.9995736124e-01,1.2406613429e-04
7.2140000000e+00,5.4932262524e+00,9.9995748513e-01,1.2372587109e-04
7.2150000000e+00,5.4942262100e+00,9.9995760869e-01,1.2338647940e-04
7.2160000000e+00,5.4952261677e+00,9.9995773190e-01,1.2304795717e-04
7.2170000000e+00,5.4962261254e+00,9.9995785478e-01,1.2271030236e-04
7.2180000000e+00,5.4972260834e+00,9.9995797733e-01,1.2237351292e-04
7.2190000000e+00,5.4982260414e+00,9.9995809953e-01,1.2203758682e-04
7.2200000000e+00,5.4992259996e+00,9.9995822140e-01,1.2170252201e-04
7.2210000000e+00,5.5002259578e+00,9.9995834294e-01,1.2136831647e-04
7.2220000000e+00,5.5012259162e+00,9.9995846414e-01,1.2103496817e-04
7.2230000000e+00,5.5022258748e+00,9.9995858501e-01,1.2070247509e-04
7.2240000000e+00,5.5032258334e+00,9.9995870554e-01,1.2037083522e-04
7.2250000000e+00,5.5042257922e+00,9.9995882575e-01,1.2004004653e-04
7.2260000000e+00,5.5052257511e+00,9.9995894562e-01,1.1971010703e-04
7.2270000000e+00,5.5062257101e+00,9.9995906517e-01,1.1938101470e-04
7.2280000000e+00,5.5072256692e+00,9.9995918439e-01,1.1905276755e-04
7.2290000000e+00,5.5082256284e+00,9.9995930327e-01,1.1872536358e-04
7.2300000000e+00,5.5092255878e+00,9.9995942184e-01,1.1839880079e-04
7.2310000000e+00,5.5102255473e+00,9.9995954007e-01,1.1807307721e-04
7.2320000000e+00,5.5112255069e+00,9.9995965798e-01,1.1774819085e-04
7.2330000000e+00,5.5122254666e+00,9.9995977557e-01,1.1742413972e-04
7.2340000000e+00,5.5132254264e+00,9.9995989283e-01,1.1710092186e-04
7.2350000000e+00,5.5142253864e+00,9.9996000977e-01,1.1677853528e-04
7.2360000000e+00,5.5152253465e+00,9.9996012639e-01,1.1645697804e-04
7.2370000000e+00,5.5162253066e+00,9.9996024269e-01,1.1613624815e-04
7.2380000000e+00,5.5172252669e+00,9.9996035866e-01,1.1581634367e-04
7.2390000000e+00,5.5182252274e+00,9.9996047432e-01,1.1549726265e-04
7.2400000000e+00,5.5192251879e+00,9.9996058966e-01,1.1517900312e-04
7.2410000000e+00,5.5202251485e+00,9.9996070468e-01,1.1486156314e-04
7.2420000000e+00,5.5212251093e+00,9.9996081938e-01,1.1454494078e-04
7.2430000000e+00,5.5222250702e+00,9.9996093377e-01,1.1422913409e-04
7.2440000000e+00,5.5232250312e+00,9.9996104784e-01,1.1391414115e-04
7.2450000000e+00,5.5242249923e+00,9.9996116160e-01,1.1359996002e-04
7.2460000000e+00,5.5252249535e+00,9.9996127504e-01,1.1328658877e-04
7.2470000000e+00,5.5262249148e+00,9.9996138817e-01,1.1297402549e-04
7.2480000000e+00,5.5272248763e+00,9.9996150099e-01,1.1266226826e-04
7.2490000000e+00,5.5282248378e+00,9.9996161349e-01,1.1235131516e-04
7.2500000000e+00,5.5292247995e+00,9.9996172569e-01,1.1204116429e-04
7.2510000000e+00,5.5302247613e+00,9.9996183758e-01,1.1173181374e-04
7.2520000000e+00,5.5312247232e+00,9.9996194915e-01,1.1142326161e-04
7.2530000000e+00,5.5322246852e+00,9.9996206042e-01,1.1111550601e-04
7.2540000000e+00,5.5332246473e+00,9.9996217138e-01,1.1080854504e-04
7.2550000000e+00,5.5342246095e+00,9.9996228204e-01,1.1050237681e-04
7.2560000000e+00,5.5352245719e+00,9.9996239239e-01,1.1019699944e-04
7.2570000000e+00,5.5362245343e+00,9.9996250243e-01,1.0989241104e-04
7.2580000000e+00,5.5372244969e+00,9.9996261218e-01,1.0958860975e-04
7.2590000000e+00,5.5382244595e+00,9.9996272161e-01,1.0928559369e-04
7.2600000000e+00,5.5392244223e+00,9.9996283075e-01,1.0898336098e-04
7.2610000000e+00,5.5402243852e+00,9.9996293958e-01,1.0868190977e-04
7.2620000000e+00,5.5412243482e+00,9.9996304811e-01,1.0838123819e-04
7.2630000000e+00,5.5422243113e+00,9.9996315634e-01,1.0808134440e-04
7.2640000000e+00,5.5432242745e+00,9.9996326427e-01,1.0778222652e-04
7.2650000000e+00,5.5442242378e+00,9.9996337191e-01,1.0748388273e-04
7.2660000000e+00,5.5452242012e+00,9.9996347924e-01,1.0718631116e-04
7.2670000000e+00,5.5462241648e+00,9.9996358628e-01,1.0688950999e-04
7.2680000000e+00,5.5472241284e+00,9.9996369302e-01,1.0659347737e-04
7.2690000000e+00,5.5482240922e+00,9.9996379947e-01,1.0629821147e-04
7.2700000000e+00,5.5492240560e+00,9.9996390562e-01,1.0600371046e-04
7.2710000000e+00,5.5502240200e+00,9.9996401147e-01,1.0570997252e-04
7.2720000000e+00,5.5512239840e+00,9.9996411704e-01,1.0541699582e-04
7.2730000000e+00,5.5522239482e+00,9.9996422231e-01,1.0512477856e-04
7.2740000000e+00,5.5532239125e+00,9.9996432729e-01,1.0483331891e-04
7.2750000000e+00,5.5542238769e+00,9.9996443198e-01,1.0454261506e-04
7.2760000000e+00,5.5552238413e+00,9.9996453637e-01,1.0425266522e-04
7.2770000000e+00,5.5562238059e+00,9.9996464048e-01,1.0396346757e-04
7.2780000000e+00,5.5572237706e+00,9.9996474430e-01,1.0367502033e-04
7.2790000000e+00,5.5582237354e+00,9.9996484783e-01,1.0338732169e-04
7.2800000000e+00,5.5592237003e+00,9.9996495108e-01,1.0310036986e-04
7.2810000000e+00,5.5602236653e+00,9.9996505403e-01,1.0281416307e-04
7.2820000000e+00,5.5612236304e+00,9.9996515670e-01,1.0252869953e-04
7.2830000000e+00,5.5622235956e+00,9.9996525909e-01,1.0224397745e-04
7.2840000000e+00,5.5632235609e+00,9.9996536119e-01,1.0195999507e-04
7.2850000000e+00,5.5642235264e+00,9.9996546301e-01,1.0167675062e-04
7.2860000000e+00,5.5652234919e+00,9.9996556455e-01,1.0139424232e-04
7.2870000000e+00,5.5662234575e+00,9.9996566580e-01,1.0111246841e-04
7.2880000000e+00,5.5672234232e+00,9.9996576677e-01,1.0083142714e-04
7.2890000000e+00,5.5682233890e+00,9.9996586746e-01,1.0055111674e-04
7.2900000000e+00,5.5692233549e+00,9.9996596787e-01,1.0027153547e-04
7.2910000000e+00,5.5702233210e+00,9.9996606801e-01,9.9992681584e-05
7.2920000000e+00,5.5712232871e+00,9.9996616786e-01,9.9714553327e-05
7.2930000000e+00,5.5722232533e+00,9.9996626743e-01,9.9437148963e-05
7.2940000000e+00,5.5732232196e+00,9.9996636673e-01,9.9160466755e-05
7.2950000000e+00,5.5742231860e+00,9.9996646576e-01,9.8884504970e-05
7.2960000000e+00,5.5752231525e+00,9.9996656450e-01,9.8609261879e-05
7.2970000000e+00,5.5762231192e+00,9.9996666297e-01,9.8334735755e-05
7.2980000000e+00,5.5772230859e+00,9.9996676117e-01,9.8060924878e-05
7.2990000000e+00,5.5782230527e+00,9.9996685910e-01,9.7787827529e-05
7.3000000000e+00,5.5792230196e+00,9.9996695675e-01,9.7515441994e-05
7.3010000000e+00,5.5802229866e+00,9.9996705413e-01,9.7243766561e-05
7.3020000000e+00,5.5812229537e+00,9.9996715124e-01,9.6972799524e-05
7.3030000000e+00,5.5822229209e+00,9.9996724807e-01,9.6702539179e-05
7.3040000000e+00,5.5832228882e+00,9.9996734464e-01,9.6432983827e-05
7.3050000000e+00,5.5842228556e+00,9.9996744094e-01,9.6164131772e-05
7.3060000000e+00,5.5852228231e+00,9.9996753697e-01,9.5895981321e-05
7.3070000000e+00,5.5862227907e+00,9.9996763273e-01,9.5628530786e-05
7.3080000000e+00,5.5872227583e+00,9.9996772823e-01,9.5361778482e-05
7.3090000000e+00,5.5882227261e+00,9.9996782346e-01,9.5095722727e-05
7.3100000000e+00,5.5892226940e+00,9.9996791842e-01,9.4830361844e-05
7.3110000000e+00,5.5902226619e+00,9.9996801312e-01,9.4565694159e-05
7.3120000000e+00,5.5912226300e+00,9.9996810755e-01,9.4301718002e-05
7.3130000000e+00,5.5922225982e+00,9.9996820172e-01,9.4038431705e-05
7.3140000000e+00,5.5932225664e+00,9.9996829563e-01,9.3775833605e-05
7.3150000000e+00,5.5942225348e+00,9.9996838927e-01,9.3513922043e-05
7.3160000000e+00,5.5952225032e+00,9.9996848266e-01,9.3252695364e-05
7.3170000000e+00,5.5962224717e+00,9.9996857578e-01,9.2992151914e-05
7.3180000000e+00,5.5972224403e+00,9.9996866864e-01,9.2732290044e-05
7.3190000000e+00,5.5982224091e+00,9.9996876124e-01,9.2473108111e-05
7.3200000000e+00,5.5992223779e+00,9.9996885359e-01,9.2214604472e-05
7.3210000000e+00,5.6002223468e+00,9.9996894567e-01,9.1956777489e-05
7.3220000000e+00,5.6012223158e+00,9.9996903750e-01,9.1699625527e-05
7.3230000000e+00,5.6022222848e+00,9.9996912907e-01,9.1443146957e-05
7.3240000000e+00,5.6032222540e+00,9.9996922039e-01,9.1187340150e-05
7.3250000000e+00,5.6042222233e+00,9.9996931145e-01,9.0932203483e-05
7.3260000000e+00,5.6052221926e+00,9.9996940225e-01,9.0677735335e-05
7.3270000000e+00,5.6062221621e+00,9.9996949280e-01,9.0423934090e-05
7.3280000000e+00,5.6072221316e+00,9.9996958310e-01,9.0170798134e-05
7.3290000000e+00,5.6082221012e+00,9.9996967314e-01,8.9918325859e-05
7.3300000000e+00,5.6092220710e+00,9.9996976294e-01,8.9666515657e-05
7.3310000000e+00,5.6102220408e+00,9.9996985248e-01,8.9415365927e-05
7.3320000000e+00,5.6112220107e+00,9.9996994177e-01,8.9164875068e-05
7.3330000000e+00,5.6122219807e+00,9.9997003081e-01,8.8915041486e-05
7.3340000000e+00,5.6132219507e+00,9.9997011960e-01,8.8665863588e-05
7.3350000000e+00,5.6142219209e+00,9.9997020814e-01,8.8417339785e-05
7.3360000000e+00,5.6152218911e+00,9.9997029643e-01,8.8169468493e-05
7.3370000000e+00,5.6162218615e+00,9.9997038448e-01,8.7922248129e-05
7.3380000000e+00,5.6172218319e+00,9.9997047228e-01,8.7675677115e-05
7.3390000000e+00,5.6182218024e+00,9.9997055983e-01,8.7429753877e-05
7.3400000000e+00,5.6192217730e+00,9.9997064714e-01,8.7184476842e-05
7.3410000000e+00,5.6202217437e+00,9.9997073420e-01,8.6939844444e-05
7.3420000000e+00,5.6212217145e+00,9.9997082102e-01,8.6695855117e-05
7.3430000000e+00,5.6222216854e+00,9.9997090759e-01,8.6452507301e-05
7.3440000000e+00,5.6232216563e+00,9.9997099392e-01,8.6209799437e-05
7.3450000000e+00,5.6242216274e+00,9.9997108001e-01,8.5967729972e-05
7.3460000000e+00,5.6252215985e+00,9.9997116586e-01,8.5726297355e-05
7.3470000000e+00,5.6262215697e+00,9.9997125146e-01,8.5485500038e-05
7.3480000000e+00,5.6272215410e+00,9.9997133683e-01,8.5245336476e-05
7.3490000000e+00,5.6282215124e+00,9.9997142195e-01,8.5005805131e-05
7.3500000000e+00,5.6292214838e+00,9.9997150684e-01,8.4766904463e-05
7.3510000000e+00,5.6302214554e+00,9.9997159149e-01,8.4528632940e-05
7.3520000000e+00,5.6312214270e+00,9.9997167590e-01,8.4290989031e-05
7.3530000000e+00,5.6322213987e+00,9.9997176007e-01,8.4053971208e-05
7.3540000000e+00,5.6332213705e+00,9.9997184401e-01,8.3817577948e-05
7.3550000000e+00,5.6342213424e+00,9.9997192771e-01,8.3581807731e-05
7.3560000000e+00,5.6352213144e+00,9.9997201117e-01,8.3346659038e-05
7.3570000000e+00,5.6362212864e+00,9.9997209440e-01,8.3112130357e-05
7.3580000000e+00,5.6372212586e+00,9.9997217739e-01,8.2878220177e-05
7.3590000000e+00,5.6382212308e+00,9.9997226016e-01,8.2644926991e-05
7.3600000000e+00,5.6392212031e+00,9.9997234268e-01,8.2412249294e-05
7.3610000000e+00,5.6402211755e+00,9.9997242498e-01,8.2180185588e-05
7.3620000000e+00,5.6412211479e+00,9.9997250705e-01,8.1948734373e-05
7.3630000000e+00,5.6422211205e+00,9.9997258888e-01,8.1717894157e-05
7.3640000000e+00,5.6432210931e+00,9.9997267048e-01,8.1487663448e-05
7.3650000000e+00,5.6442210658e+00,9.9997275185e-01,8.1258040760e-05
7.3660000000e+00,5.6452210386e+00,9.9997283300e-01,8.1029024609e-05
7.3670000000e+00,5.6462210115e+00,9.9997291391e-01,8.0800613513e-05
7.3680000000e+00,5.6472209845e+00,9.9997299460e-01,8.0572805995e-05
7.3690000000e+00,5.6482209575e+00,9.9997307506e-01,8.0345600581e-05
7.3700000000e+00,5.6492209306e+00,9.9997315529e-01,8.0118995800e-05
7.3710000000e+00,5.6502209038e+00,9.9997323530e-01,7.9892990184e-05
7.3720000000e+00,5.6512208771e+00,9.9997331508e-01,7.9667582269e-05
7.3730000000e+00,5.6522208504e+00,9.9997339463e-01,7.9442770594e-05
7.3740000000e+00,5.6532208239e+00,9.9997347396e-01,7.9218553699e-05
7.3750000000e+00,5.6542207974e+00,9.9997355307e-01,7.8994930132e-05
7.3760000000e+00,5.6552207710e+00,9.9997363195e-01,7.8771898439e-05
7.3770000000e+00,5.6562207446e+00,9.9997371061e-01,7.8549457173e-05
7.3780000000e+00,5.6572207184e+00,9.9997378905e-01,7.8327604889e-05
7.3790000000e+00,5.6582206922e+00,9.9997386727e-01,7.8106340144e-05
7.3800000000e+00,5.6592206661e+00,9.9997394526e-01,7.7885661500e-05
7.3810000000e+00,5.6602206401e+00,9.9997402304e-01,7.7665567521e-05
7.3820000000e+00,5.6612206142e+00,9.9997410060e-01,7.7446056775e-05
7.3830000000e+00,5.6622205883e+00,9.9997417793e-01,7.7227127832e-05
7.3840000000e+00,5.6632205625e+00,9.9997425505e-01,7.7008779267e-05
7.3850000000e+00,5.6642205368e+00,9.9997433195e-01,7.6791009656e-05
7.3860000000e+00,5.6652205112e+00,9.9997440863e-01,7.6573817580e-05
7.3870000000e+00,5.6662204856e+00,9.9997448510e-01,7.6357201622e-05
7.3880000000e+00,5.6672204602e+00,9.9997456135e-01,7.6141160369e-05
7.3890000000e+00,5.6682204348e+00,9.9997463738e-01,7.5925692411e-05
7.3900000000e+00,5.6692204094e+00,9.9997471320e-01,7.5710796340e-05
7.3910000000e+00,5.6702203842e+00,9.9997478880e-01,7.5496470751e-05
7.3920000000e+00,5.6712203590e+00,9.9997486419e-01,7.5282714246e-05
7.3930000000e+00,5.6722203339e+00,9.9997493937e-01,7.5069525424e-05
7.3940000000e+00,5.6732203089e+00,9.9997501433e-01,7.4856902893e-05
7.3950000000e+00,5.6742202839e+00,9.9997508908e-01,7.4644845259e-05
7.3960000000e+00,5.6752202591e+00,9.9997516362e-01,7.4433351135e-05
7.3970000000e+00,5.6762202343e+00,9.9997523795e-01,7.4222419136e-05
7.3980000000e+00,5.6772202095e+00,9.9997531207e-01,7.4012047878e-05
7.3990000000e+00,5.6782201849e+00,9.9997538597e-01,7.3802235982e-05
7.4000000000e+00,5.6792201603e+00,9.9997545967e-01,7.3592982073e-05
7.4010000000e+00,5.6802201358e+00,9.9997553316e-01,7.3384284778e-05
7.4020000000e+00,5.6812201114e+00,9.9997560644e-01,7.3176142725e-05
7.4030000000e+00,5.6822200870e+00,9.9997567951e-01,7.2968554549e-05
7.4040000000e+00,5.6832200627e+00,9.9997575238e-01,7.2761518885e-05
7.4050000000e+00,5.6842200385e+00,9.9997582503e-01,7.2555034372e-05
7.4060000000e+00,5.6852200144e+00,9.9997589749e-01,7.2349099652e-05
7.4070000000e+00,5.6862199903e+00,9.9997596973e-01,7.2143713371e-05
7.4080000000e+00,5.6872199663e+00,9.9997604177e-01,7.1938874177e-05
7.4090000000e+00,5.6882199424e+00,9.9997611361e-01,7.1734580721e-05
7.4100000000e+00,5.6892199186e+00,9.9997618524e-01,7.1530831656e-05
7.4110000000e+00,5.6902198948e+00,9.9997625667e-01,7.1327625641e-05
7.4120000000e+00,5.6912198711e+00,9.9997632790e-01,7.1124961336e-05
7.4130000000e+00,5.6922198474e+00,9.9997639892e-01,7.0922837403e-05
7.4140000000e+00,5.6932198239e+00,9.9997646975e-01,7.0721252509e-05
7.4150000000e+00,5.6942198004e+00,9.9997654037e-01,7.0520205323e-05
7.4160000000e+00,5.6952197769e+00,9.9997661079e-01,7.0319694517e-05
7.4170000000e+00,5.6962197536e+00,9.9997668101e-01,7.0119718767e-05
7.4180000000e+00,5.6972197303e+00,9.9997675103e-01,6.9920276750e-05
7.4190000000e+00,5.6982197071e+00,9.9997682085e-01,6.9721367148e-05
7.4200000000e+00,5.6992196840e+00,9.9997689047e-01,6.9522988644e-05
7.4210000000e+00,5.7002196609e+00,9.9997695989e-01,6.9325139925e-05
7.4220000000e+00,5.7012196379e+00,9.9997702912e-01,6.9127819682e-05
7.4230000000e+00,5.7022196149e+00,9.9997709815e-01,6.8931026607e-05
7.4240000000e+00,5.7032195921e+00,9.9997716698e-01,6.8734759396e-05
7.4250000000e+00,5.7042195693e+00,9.9997723562e-01,6.8539016747e-05
7.4260000000e+00,5.7052195465e+00,9.9997730406e-01,6.8343797363e-05
7.4270000000e+00,5.7062195239e+00,9.9997737231e-01,6.8149099947e-05
7.4280000000e+00,5.7072195013e+00,9.9997744036e-01,6.7954923208e-05
7.4290000000e+00,5.7082194788e+00,9.9997750822e-01,6.7761265855e-05
7.4300000000e+00,5.7092194563e+00,9.9997757588e-01,6.7568126602e-05
7.4310000000e+00,5.7102194339e+00,9.9997764335e-01,6.7375504164e-05
7.4320000000e+00,5.7112194116e+00,9.9997771063e-01,6.7183397262e-05
7.4330000000e+00,5.7122193893e+00,9.9997777772e-01,6.6991804616e-05
7.4340000000e+00,5.7132193671e+00,9.9997784462e-01,6.6800724952e-05
7.4350000000e+00,5.7142193450e+00,9.9997791132e-01,6.6610156997e-05
7.4360000000e+00,5.7152193230e+00,9.9997797784e-01,6.6420099482e-05
7.4370000000e+00,5.7162193010e+00,9.9997804416e-01,6.6230551139e-05
7.4380000000e+00,5.7172192791e+00,9.9997811030e-01,6.6041510706e-05
7.4390000000e+00,5.7182192572e+00,9.9997817624e-01,6.5852976921e-05
7.4400000000e+00,5.7192192354e+00,9.9997824200e-01,6.5664948526e-05
7.4410000000e+00,5.7202192137e+00,9.9997830757e-01,6.5477424266e-05
7.4420000000e+00,5.7212191920e+00,9.9997837296e-01,6.5290402889e-05
7.4430000000e+00,5.7222191704e+00,9.9997843816e-01,6.5103883144e-05
7.4440000000e+00,5.7232191489e+00,9.9997850317e-01,6.4917863786e-05
7.4450000000e+00,5.7242191274e+00,9.9997856799e-01,6.4732343569e-05
7.4460000000e+00,5.7252191060e+00,9.9997863263e-01,6.4547321253e-05
7.4470000000e+00,5.7262190847e+00,9.9997869709e-01,6.4362795600e-05
7.4480000000e+00,5.7272190634e+00,9.9997876136e-01,6.4178765373e-05
7.4490000000e+00,5.7282190422e+00,9.9997882544e-01,6.3995229341e-05
7.4500000000e+00,5.7292190211e+00,9.9997888935e-01,6.3812186272e-05
7.4510000000e+00,5.7302190000e+00,9.9997895307e-01,6.3629634941e-05
7.4520000000e+00,5.7312189790e+00,9.9997901661e-01,6.3447574122e-05
7.4530000000e+00,5.7322189580e+00,9.9997907996e-01,6.3266002593e-05
7.4540000000e+00,5.7332189371e+00,9.9997914314e-01,6.3084919136e-05
7.4550000000e+00,5.7342189163e+00,9.9997920613e-01,6.2904322535e-05
7.4560000000e+00,5.7352188956e+00,9.9997926895e-01,6.2724211576e-05
7.4570000000e+00,5.7362188749e+00,9.9997933158e-01,6.2544585049e-05
7.4580000000e+00,5.7372188542e+00,9.9997939404e-01,6.2365441745e-05
7.4590000000e+00,5.7382188336e+00,9.9997945631e-01,6.2186780459e-05
7.4600000000e+00,5.7392188131e+00,9.9997951841e-01,6.2008599989e-05
7.4610000000e+00,5.7402187927e+00,9.9997958033e-01,6.1830899136e-05
7.4620000000e+00,5.7412187723e+00,9.9997964207e-01,6.1653676702e-05
7.4630000000e+00,5.7422187520e+00,9.9997970364e-01,6.1476931492e-05
7.4640000000e+00,5.7432187317e+00,9.9997976503e-01,6.1300662316e-05
7.4650000000e+00,5.7442187115e+00,9.9997982624e-01,6.1124867984e-05
7.4660000000e+00,5.7452186914e+00,9.9997988728e-01,6.0949547311e-05
7.4670000000e+00,5.7462186713e+00,9.9997994814e-01,6.0774699112e-05
7.4680000000e+00,5.7472186512e+00,9.9998000883e-01,6.0600322207e-05
7.4690000000e+00,5.7482186313e+00,9.9998006934e-01,6.0426415418e-05
7.4700000000e+00,5.7492186114e+00,9.9998012968e-01,6.0252977569e-05
7.4710000000e+00,5.7502185915e+00,9.9998018985e-01,6.0080007487e-05
7.4720000000e+00,5.7512185718e+00,9.9998024984e-01,5.9907504003e-05
7.4730000000e+00,5.7522185520e+00,9.9998030966e-01,5.9735465949e-05
7.4740000000e+00,5.7532185324e+00,9.9998036931e-01,5.9563892160e-05
7.4750000000e+00,5.7542185128e+00,9.9998042879e-01,5.9392781474e-05
7.4760000000e+00,5.7552184932e+00,9.9998048810e-01,5.9222132731e-05
7.4770000000e+00,5.7562184738e+00,9.9998054723e-01,5.9051944775e-05
7.4780000000e+00,5.7572184543e+00,9.9998060620e-01,5.8882216451e-05
7.4790000000e+00,5.7582184350e+00,9.9998066500e-01,5.8712946608e-05
7.4800000000e+00,5.7592184157e+00,9.9998072363e-01,5.8544134097e-05
7.4810000000e+00,5.7602183964e+00,9.9998078209e-01,5.8375777771e-05
7.4820000000e+00,5.7612183772e+00,9.9998084038e-01,5.8207876487e-05
7.4830000000e+00,5.7622183581e+00,9.9998089850e-01,5.8040429104e-05
7.4840000000e+00,5.7632183390e+00,9.9998095646e-01,5.7873434482e-05
7.4850000000e+00,5.7642183200e+00,9.9998101425e-01,5.7706891486e-05
7.4860000000e+00,5.7652183011e+00,9.9998107187e-01,5.7540798984e-05
7.4870000000e+00,5.7662182822e+00,9.9998112933e-01,5.7375155843e-05
7.4880000000e+00,5.7672182633e+00,9.9998118662e-01,5.7209960935e-05
7.4890000000e+00,5.7682182445e+00,9.9998124375e-01,5.7045213136e-05
7.4900000000e+00,5.7692182258e+00,9.9998130071e-01,5.6880911322e-05
7.4910000000e+00,5.7702182071e+00,9.9998135751e-01,5.6717054373e-05
7.4920000000e+00,5.7712181885e+00,9.9998141415e-01,5.6553641170e-05
7.4930000000e+00,5.7722181700e+00,9.9998147062e-01,5.6390670599e-05
7.4940000000e+00,5.7732181515e+00,9.9998152693e-01,5.6228141546e-05
7.4950000000e+00,5.7742181330e+00,9.9998158308e-01,5.6066052902e-05
7.4960000000e+00,5.7752181146e+00,9.9998163906e-01,5.5904403558e-05
7.4970000000e+00,5.7762180963e+00,9.9998169489e-01,5.5743192410e-05
7.4980000000e+00,5.7772180780e+00,9.9998175055e-01,5.5582418354e-05
7.4990000000e+00,5.7782180598e+00,9.9998180605e-01,5.5422080291e-05
7.5000000000e+00,5.7792180416e+00,9.9998186139e-01,5.5262177124e-05
7.5010000000e+00,5.7802180235e+00,9.9998191658e-01,5.5102707756e-05
7.5020000000e+00,5.7812180055e+00,9.9998197160e-01,5.4943671095e-05
7.5030000000e+00,5.7822179875e+00,9.9998202646e-01,5.4785066052e-05
7.5040000000e+00,5.7832179695e+00,9.9998208117e-01,5.4626891539e-05
7.5050000000e+00,5.7842179516e+00,9.9998213572e-01,5.4469146470e-05
7.5060000000e+00,5.7852179338e+00,9.9998219011e-01,5.4311829764e-05
7.5070000000e+00,5.7862179160e+00,9.9998224434e-01,5.4154940339e-05
7.5080000000e+00,5.7872178983e+00,9.9998229842e-01,5.3998477119e-05
7.5090000000e+00,5.7882178806e+00,9.9998235234e-01,5.3842439028e-05
7.5100000000e+00,5.7892178630e+00,9.9998240610e-01,5.3686824993e-05
7.5110000000e+00,5.7902178454e+00,9.9998245971e-01,5.3531633945e-05
7.5120000000e+00,5.7912178279e+00,9.9998251317e-01,5.3376864816e-05
7.5130000000e+00,5.7922178104e+00,9.9998256647e-01,5.3222516539e-05
7.5140000000e+00,5.7932177930e+00,9.9998261961e-01,5.3068588054e-05
7.5150000000e+00,5.7942177757e+00,9.9998267260e-01,5.2915078298e-05
7.5160000000e+00,5.7952177584e+00,9.9998272544e-01,5.2761986214e-05
7.5170000000e+00,5.7962177411e+00,9.9998277813e-01,5.2609310747e-05
7.5180000000e+00,5.7972177239e+00,9.9998283066e-01,5.2457050843e-05
7.5190000000e+00,5.7982177068e+00,9.9998288304e-01,5.2305205452e-05
7.5200000000e+00,5.7992176897e+00,9.9998293527e-01,5.2153773526e-05
7.5210000000e+00,5.8002176727e+00,9.9998298735e-01,5.2002754018e-05
7.5220000000e+00,5.8012176557e+00,9.9998303928e-01,5.1852145885e-05
7.5230000000e+00,5.8022176387e+00,9.9998309105e-01,5.1701948087e-05
7.5240000000e+00,5.8032176219e+00,9.9998314268e-01,5.1552159584e-05
7.5250000000e+00,5.8042176050e+00,9.9998319416e-01,5.1402779341e-05
7.5260000000e+00,5.8052175882e+00,9.9998324549e-01,5.1253806323e-05
7.5270000000e+00,5.8062175715e+00,9.9998329667e-01,5.1105239500e-05
7.5280000000e+00,5.8072175548e+00,9.9998334770e-01,5.0957077841e-05
7.5290000000e+00,5.8082175382e+00,9.9998339858e-01,5.0809320321e-05
7.5300000000e+00,5.8092175216e+00,9.9998344931e-01,5.0661965915e-05
7.5310000000e+00,5.8102175051e+00,9.9998349990e-01,5.0515013601e-05
7.5320000000e+00,5.8112174886e+00,9.9998355035e-01,5.0368462359e-05
7.5330000000e+00,5.8122174722e+00,9.9998360064e-01,5.0222311173e-05
7.5340000000e+00,5.8132174558e+00,9.9998365079e-01,5.0076559027e-05
7.5350000000e+00,5.8142174395e+00,9.9998370079e-01,4.9931204908e-05
7.5360000000e+00,5.8152174232e+00,9.9998375065e-01,4.9786247808e-05
7.5370000000e+00,5.8162174070e+00,9.9998380037e-01,4.9641686717e-05
7.5380000000e+00,5.8172173908e+00,9.9998384994e-01,4.9497520631e-05
7.5390000000e+00,5.8182173747e+00,9.9998389936e-01,4.9353748545e-05
7.5400000000e+00,5.8192173586e+00,9.9998394864e-01,4.9210369460e-05
7.5410000000e+00,5.8202173426e+00,9.9998399778e-01,4.9067382377e-05
7.5420000000e+00,5.8212173266e+00,9.9998404678e-01,4.8924786299e-05
7.5430000000e+00,5.8222173107e+00,9.9998409563e-01,4.8782580232e-05
7.5440000000e+00,5.8232172948e+00,9.9998414434e-01,4.8640763185e-05
7.5450000000e+00,5.8242172790e+00,9.9998419291e-01,4.8499334169e-05
7.5460000000e+00,5.8252172632e+00,9.9998424134e-01,4.8358292197e-05
7.5470000000e+00,5.8262172475e+00,9.9998428963e-01,4.8217636283e-05
7.5480000000e+00,5.8272172318e+00,9.9998433778e-01,4.8077365445e-05
7.5490000000e+00,5.8282172161e+00,9.9998438579e-01,4.7937478704e-05
7.5500000000e+00,5.8292172006e+00,9.9998443365e-01,4.7797975081e-05
7.5510000000e+00,5.8302171850e+00,9.9998448138e-01,4.7658853601e-05
7.5520000000e+00,5.8312171695e+00,9.9998452897e-01,4.7520113290e-05
7.5530000000e+00,5.8322171541e+00,9.9998457642e-01,4.7381753177e-05
7.5540000000e+00,5.8332171387e+00,9.9998462373e-01,4.7243772294e-05
7.5550000000e+00,5.8342171233e+00,9.9998467091e-01,4.7106169673e-05
7.5560000000e+00,5.8352171080e+00,9.9998471795e-01,4.6968944351e-05
7.5570000000e+00,5.8362170928e+00,9.9998476485e-01,4.6832095365e-05
7.5580000000e+00,5.8372170775e+00,9.9998481161e-01,4.6695621756e-05
7.5590000000e+00,5.8382170624e+00,9.9998485824e-01,4.6559522565e-05
7.5600000000e+00,5.8392170473e+00,9.9998490473e-01,4.6423796839e-05
7.5610000000e+00,5.8402170322e+00,9.9998495109e-01,4.6288443622e-05
7.5620000000e+00,5.8412170172e+00,9.9998499731e-01,4.6153461965e-05
7.5630000000e+00,5.8422170022e+00,9.9998504339e-01,4.6018850919e-05
7.5640000000e+00,5.8432169873e+00,9.9998508935e-01,4.5884609537e-05
7.5650000000e+00,5.8442169724e+00,9.9998513516e-01,4.5750736875e-05
7.5660000000e+00,5.8452169575e+00,9.9998518085e-01,4.5617231990e-05
7.5670000000e+00,5.8462169427e+00,9.9998522640e-01,4.5484093944e-05
7.5680000000e+00,5.8472169280e+00,9.9998527182e-01,4.5351321797e-05
7.5690000000e+00,5.8482169133e+00,9.9998531710e-01,4.5218914616e-05
7.5700000000e+00,5.8492168986e+00,9.9998536225e-01,4.5086871465e-05
7.5710000000e+00,5.8502168840e+00,9.9998540727e-01,4.4955191415e-05
7.5720000000e+00,5.8512168694e+00,9.9998545216e-01,4.4823873536e-05
7.5730000000e+00,5.8522168549e+00,9.9998549692e-01,4.4692916902e-05
7.5740000000e+00,5.8532168404e+00,9.9998554155e-01,4.4562320587e-05
7.5750000000e+00,5.8542168260e+00,9.9998558605e-01,4.4432083669e-05
7.5760000000e+00,5.8552168116e+00,9.9998563041e-01,4.4302205229e-05
7.5770000000e+00,5.8562167972e+00,9.9998567465e-01,4.4172684347e-05
7.5780000000e+00,5.8572167829e+00,9.9998571876e-01,4.4043520107e-05
7.5790000000e+00,5.8582167687e+00,9.9998576274e-01,4.3914711597e-05
7.5800000000e+00,5.8592167545e+00,9.9998580659e-01,4.3786257904e-05
7.5810000000e+00,5.8602167403e+00,9.9998585031e-01,4.3658158118e-05
7.5820000000e+00,5.8612167262e+00,9.9998589391e-01,4.3530411333e-05
7.5830000000e+00,5.8622167121e+00,9.9998593737e-01,4.3403016642e-05
7.5840000000e+00,5.8632166980e+00,9.9998598071e-01,4.3275973143e-05
7.5850000000e+00,5.8642166840e+00,9.9998602392e-01,4.3149279934e-05
7.5860000000e+00,5.8652166701e+00,9.9998606701e-01,4.3022936116e-05
7.5870000000e+00,5.8662166562e+00,9.9998610997e-01,4.2896940793e-05
7.5880000000e+00,5.8672166423e+00,9.9998615280e-01,4.2771293070e-05
7.5890000000e+00,5.8682166285e+00,9.9998619551e-01,4.2645992053e-05
7.5900000000e+00,5.8692166147e+00,9.9998623810e-01,4.2521036853e-05
7.5910000000e+00,5.8702166010e+00,9.9998628055e-01,4.2396426581e-05
7.5920000000e+00,5.8712165873e+00,9.9998632289e-01,4.2272160351e-05
7.5930000000e+00,5.8722165736e+00,9.9998636510e-01,4.2148237278e-05
7.5940000000e+00,5.8732165600e+00,9.9998640719e-01,4.2024656480e-05
7.5950000000e+00,5.8742165464e+00,9.9998644915e-01,4.1901417077e-05
7.5960000000e+00,5.8752165329e+00,9.9998649099e-01,4.1778518190e-05
7.5970000000e+00,5.8762165194e+00,9.9998653271e-01,4.1655958944e-05
7.5980000000e+00,5.8772165060e+00,9.9998657430e-01,4.1533738465e-05
7.5990000000e+00,5.8782164925e+00,9.9998661577e-01,4.1411855881e-05
7.6000000000e+00,5.8792164792e+00,9.9998665712e-01,4.1290310321e-05
7.6010000000e+00,5.8802164659e+00,9.9998669835e-01,4.1169100919e-05
7.6020000000e+00,5.8812164526e+00,9.9998673946e-01,4.1048226808e-05
7.6030000000e+00,5.8822164393e+00,9.9998678045e-01,4.0927687124e-05
7.6040000000e+00,5.8832164261e+00,9.9998682132e-01,4.0807481007e-05
7.6050000000e+00,5.8842164130e+00,9.9998686207e-01,4.0687607596e-05
7.6060000000e+00,5.8852163999e+00,9.9998690269e-01,4.0568066033e-05
7.6070000000e+00,5.8862163868e+00,9.9998694320e-01,4.0448855463e-05
7.6080000000e+00,5.8872163738e+00,9.9998698359e-01,4.0329975033e-05
7.6090000000e+00,5.8882163608e+00,9.9998702386e-01,4.0211423890e-05
7.6100000000e+00,5.8892163478e+00,9.9998706401e-01,4.0093201186e-05
7.6110000000e+00,5.8902163349e+00,9.9998710405e-01,3.9975306072e-05
7.6120000000e+00,5.8912163220e+00,9.9998714397e-01,3.9857737704e-05
7.6130000000e+00,5.8922163092e+00,9.9998718376e-01,3.9740495236e-05
7.6140000000e+00,5.8932162964e+00,9.9998722345e-01,3.9623577829e-05
7.6150000000e+00,5.8942162836e+00,9.9998726301e-01,3.9506984642e-05
7.6160000000e+00,5.8952162709e+00,9.9998730246e-01,3.9390714838e-05
7.6170000000e+00,5.8962162582e+00,9.9998734179e-01,3.9274767581e-05
7.6180000000e+00,5.8972162456e+00,9.9998738101e-01,3.9159142037e-05
7.6190000000e+00,5.8982162330e+00,9.9998742011e-01,3.9043837376e-05
7.6200000000e+00,5.8992162204e+00,9.9998745910e-01,3.8928852766e-05
7.6210000000e+00,5.9002162079e+00,9.9998749797e-01,3.8814187380e-05
7.6220000000e+00,5.9012161954e+00,9.9998753673e-01,3.8699840393e-05
7.6230000000e+00,5.9022161830e+00,9.9998757537e-01,3.8585810981e-05
7.6240000000e+00,5.9032161706e+00,9.9998761390e-01,3.8472098322e-05
7.6250000000e+00,5.9042161582e+00,9.9998765231e-01,3.8358701595e-05
7.6260000000e+00,5.9052161459e+00,9.9998769062e-01,3.8245619984e-05
7.6270000000e+00,5.9062161336e+00,9.9998772880e-01,3.8132852671e-05
7.6280000000e+00,5.9072161213e+00,9.9998776688e-01,3.8020398843e-05
7.6290000000e+00,5.9082161091e+00,9.9998780485e-01,3.7908257687e-05
7.6300000000e+00,5.9092160969e+00,9.9998784270e-01,3.7796428394e-05
7.6310000000e+00,5.9102160848e+00,9.9998788044e-01,3.7684910155e-05
7.6320000000e+00,5.9112160727e+00,9.9998791807e-01,3.7573702164e-05
7.6330000000e+00,5.9122160606e+00,9.9998795559e-01,3.7462803615e-05
7.6340000000e+00,5.9132160486e+00,9.9998799299e-01,3.7352213707e-05
7.6350000000e+00,5.9142160366e+00,9.9998803029e-01,3.7241931639e-05
7.6360000000e+00,5.9152160247e+00,9.9998806748e-01,3.7131956612e-05
7.6370000000e+00,5.9162160128e+00,9.9998810455e-01,3.7022287829e-05
7.6380000000e+00,5.9172160009e+00,9.9998814152e-01,3.6912924495e-05
7.6390000000e+00,5.9182159890e+00,9.9998817838e-01,3.6803865818e-05
7.6400000000e+00,5.9192159772e+00,9.9998821513e-01,3.6695111005e-05
7.6410000000e+00,5.9202159655e+00,9.9998825177e-01,3.6586659267e-05
7.6420000000e+00,5.9212159537e+00,9.9998828830e-01,3.6478509818e-05
7.6430000000e+00,5.9222159421e+00,9.9998832473e-01,3.6370661872e-05
7.6440000000e+00,5.9232159304e+00,9.9998836104e-01,3.6263114644e-05
7.6450000000e+00,5.9242159188e+00,9.9998839725e-01,3.6155867353e-05
7.6460000000e+00,5.9252159072e+00,9.9998843336e-01,3.6048919219e-05
7.6470000000e+00,5.9262158956e+00,9.9998846935e-01,3.5942269464e-05
7.6480000000e+00,5.9272158841e+00,9.9998850524e-01,3.5835917312e-05
7.6490000000e+00,5.9282158727e+00,9.9998854102e-01,3.5729861988e-05
7.6500000000e+00,5.9292158612e+00,9.9998857670e-01,3.5624102720e-05
7.6510000000e+00,5.9302158498e+00,9.9998861227e-01,3.5518638737e-05
7.6520000000e+00,5.9312158384e+00,9.9998864774e-01,3.5413469270e-05
7.6530000000e+00,5.9322158271e+00,9.9998868310e-01,3.5308593551e-05
7.6540000000e+00,5.9332158158e+00,9.9998871836e-01,3.5204010817e-05
7.6550000000e+00,5.9342158045e+00,9.9998875351e-01,3.5099720304e-05
7.6560000000e+00,5.9352157933e+00,9.9998878856e-01,3.4995721249e-05
7.6570000000e+00,5.9362157821e+00,9.9998882350e-01,3.4892012893e-05
7.6580000000e+00,5.9372157710e+00,9.9998885834e-01,3.4788594479e-05
7.6590000000e+00,5.9382157598e+00,9.9998889308e-01,3.4685465250e-05
7.6600000000e+00,5.9392157487e+00,9.9998892771e-01,3.4582624451e-05
7.6610000000e+00,5.9402157377e+00,9.9998896224e-01,3.4480071331e-05
7.6620000000e+00,5.9412157267e+00,9.9998899667e-01,3.4377805139e-05
7.6630000000e+00,5.9422157157e+00,9.9998903100e-01,3.4275825125e-05
7.6640000000e+00,5.9432157047e+00,9.9998906522e-01,3.4174130544e-05
7.6650000000e+00,5.9442156938e+00,9.9998909935e-01,3.4072720648e-05
7.6660000000e+00,5.9452156829e+00,9.9998913337e-01,3.3971594695e-05
7.6670000000e+00,5.9462156721e+00,9.9998916729e-01,3.3870751943e-05
7.6680000000e+00,5.9472156613e+00,9.9998920111e-01,3.3770191653e-05
7.6690000000e+00,5.9482156505e+00,9.9998923483e-01,3.3669913085e-05
7.6700000000e+00,5.9492156397e+00,9.9998926845e-01,3.3569915504e-05
7.6710000000e+00,5.9502156290e+00,9.9998930197e-01,3.3470198174e-05
7.6720000000e+00,5.9512156183e+00,9.9998933539e-01,3.3370760363e-05
7.6730000000e+00,5.9522156077e+00,9.9998936871e-01,3.3271601340e-05
7.6740000000e+00,5.9532155971e+00,9.9998940193e-01,3.3172720376e-05
7.6750000000e+00,5.9542155865e+00,9.9998943506e-01,3.3074116742e-05
7.6760000000e+00,5.9552155759e+00,9.9998946808e-01,3.2975789713e-05
7.6770000000e+00,5.9562155654e+00,9.9998950101e-01,3.2877738564e-05
7.6780000000e+00,5.9572155549e+00,9.9998953384e-01,3.2779962574e-05
7.6790000000e+00,5.9582155445e+00,9.9998956657e-01,3.2682461021e-05
7.6800000000e+00,5.9592155341e+00,9.9998959920e-01,3.2585233187e-05
7.6810000000e+00,5.9602155237e+00,9.9998963174e-01,3.2488278355e-05
7.6820000000e+00,5.9612155133e+00,9.9998966418e-01,3.2391595808e-05
7.6830000000e+00,5.9622155030e+00,9.9998969652e-01,3.2295184834e-05
7.6840000000e+00,5.9632154927e+00,9.9998972877e-01,3.2199044719e-05
7.6850000000e+00,5.9642154825e+00,9.9998976092e-01,3.2103174755e-05
7.6860000000e+00,5.9652154723e+00,9.9998979298e-01,3.2007574232e-05
7.6870000000e+00,5.9662154621e+00,9.9998982494e-01,3.1912242442e-05
7.6880000000e+00,5.9672154519e+00,9.9998985680e-01,3.1817178682e-05
7.6890000000e+00,5.9682154418e+00,9.9998988857e-01,3.1722382248e-05
7.6900000000e+00,5.9692154317e+00,9.9998992025e-01,3.1627852437e-05
7.6910000000e+00,5.9702154216e+00,9.9998995183e-01,3.1533588550e-05
7.6920000000e+00,5.9712154116e+00,9.9998998331e-01,3.1439589888e-05
7.6930000000e+00,5.9722154016e+00,9.9999001471e-01,3.1345855754e-05
7.6940000000e+00,5.9732153916e+00,9.9999004600e-01,3.1252385454e-05
7.6950000000e+00,5.9742153817e+00,9.9999007721e-01,3.1159178294e-05
7.6960000000e+00,5.9752153718e+00,9.9999010832e-01,3.1066233582e-05
7.6970000000e+00,5.9762153619e+00,9.9999013934e-01,3.0973550628e-05
7.6980000000e+00,5.9772153520e+00,9.9999017027e-01,3.0881128743e-05
7.6990000000e+00,5.9782153422e+00,9.9999020111e-01,3.0788967242e-05
7.7000000000e+00,5.9792153324e+00,9.9999023185e-01,3.0697065439e-05
7.7010000000e+00,5.9802153227e+00,9.9999026250e-01,3.0605422650e-05
7.7020000000e+00,5.9812153130e+00,9.9999029306e-01,3.0514038194e-05
7.7030000000e+00,5.9822153033e+00,9.9999032353e-01,3.0422911391e-05
7.7040000000e+00,5.9832152936e+00,9.9999035390e-01,3.0332041562e-05
7.7050000000e+00,5.9842152840e+00,9.9999038419e-01,3.0241428031e-05
7.7060000000e+00,5.9852152744e+00,9.9999041439e-01,3.0151070122e-05
7.7070000000e+00,5.9862152648e+00,9.9999044449e-01,3.0060967161e-05
7.7080000000e+00,5.9872152553e+00,9.9999047451e-01,2.9971118478e-05
7.7090000000e+00,5.9882152458e+00,9.9999050444e-01,2.9881523400e-05
7.7100000000e+00,5.9892152363e+00,9.9999053427e-01,2.9792181261e-05
7.7110000000e+00,5.9902152268e+00,9.9999056402e-01,2.9703091392e-05
7.7120000000e+00,5.9912152174e+00,9.9999059368e-01,2.9614253129e-05
7.7130000000e+00,5.9922152080e+00,9.9999062325e-01,2.9525665807e-05
7.7140000000e+00,5.9932151987e+00,9.9999065273e-01,2.9437328765e-05
7.7150000000e+00,5.9942151893e+00,9.9999068212e-01,2.9349241341e-05
7.7160000000e+00,5.9952151800e+00,9.9999071143e-01,2.9261402877e-05
7.7170000000e+00,5.9962151708e+00,9.9999074065e-01,2.9173812716e-05
7.7180000000e+00,5.9972151615e+00,9.9999076978e-01,2.9086470201e-05
7.7190000000e+00,5.9982151523e+00,9.9999079882e-01,2.8999374678e-05
7.7200000000e+00,5.9992151431e+00,9.9999082778e-01,2.8912525495e-05
7.7210000000e+00,6.0002151339e+00,9.9999085664e-01,2.8825922000e-05
7.7220000000e+00,6.0012151248e+00,9.9999088543e-01,2.8739563545e-05
7.7230000000e+00,6.0022151157e+00,9.9999091412e-01,2.8653449481e-05
7.7240000000e+00,6.0032151066e+00,9.9999094273e-01,2.8567579162e-05
7.7250000000e+00,6.0042150976e+00,9.9999097126e-01,2.8481951944e-05
7.7260000000e+00,6.0052150886e+00,9.9999099970e-01,2.8396567182e-05
7.7270000000e+00,6.0062150796e+00,9.9999102805e-01,2.8311424236e-05
7.7280000000e+00,6.0072150706e+00,9.9999105632e-01,2.8226522466e-05
7.7290000000e+00,6.0082150617e+00,9.9999108451e-01,2.8141861233e-05
7.7300000000e+00,6.0092150528e+00,9.9999111261e-01,2.8057439899e-05
7.7310000000e+00,6.0102150439e+00,9.9999114062e-01,2.7973257831e-05
7.7320000000e+00,6.0112150351e+00,9.9999116855e-01,2.7889314393e-05
7.7330000000e+00,6.0122150263e+00,9.9999119640e-01,2.7805608954e-05
7.7340000000e+00,6.0132150175e+00,9.9999122416e-01,2.7722140883e-05
7.7350000000e+00,6.0142150087e+00,9.9999125184e-01,2.7638909551e-05
7.7360000000e+00,6.0152150000e+00,9.9999127944e-01,2.7555914330e-05
7.7370000000e+00,6.0162149913e+00,9.9999130696e-01,2.7473154593e-05
7.7380000000e+00,6.0172149826e+00,9.9999133439e-01,2.7390629717e-05
7.7390000000e+00,6.0182149740e+00,9.9999136174e-01,2.7308339078e-05
7.7400000000e+00,6.0192149653e+00,9.9999138900e-01,2.7226282055e-05
7.7410000000e+00,6.0202149567e+00,9.9999141619e-01,2.7144458028e-05
7.7420000000e+00,6.0212149482e+00,9.9999144329e-01,2.7062866377e-05
7.7430000000e+00,6.0222149396e+00,9.9999147032e-01,2.6981506487e-05
7.7440000000e+00,6.0232149311e+00,9.9999149726e-01,2.6900377741e-05
7.7450000000e+00,6.0242149226e+00,9.9999152412e-01,2.6819479525e-05
7.7460000000e+00,6.0252149142e+00,9.9999155090e-01,2.6738811228e-05
7.7470000000e+00,6.0262149057e+00,9.9999157759e-01,2.6658372238e-05
7.7480000000e+00,6.0272148973e+00,9.9999160421e-01,2.6578161945e-05
7.7490000000e+00,6.0282148889e+00,9.9999163075e-01,2.6498179742e-05
7.7500000000e+00,6.0292148806e+00,9.9999165721e-01,2.6418425021e-05
7.7510000000e+00,6.0302148722e+00,9.9999168359e-01,2.6338897179e-05
7.7520000000e+00,6.0312148639e+00,9.9999170989e-01,2.6259595611e-05
7.7530000000e+00,6.0322148557e+00,9.9999173611e-01,2.6180519715e-05
7.7540000000e+00,6.0332148474e+00,9.9999176225e-01,2.6101668891e-05
7.7550000000e+00,6.0342148392e+00,9.9999178831e-01,2.6023042539e-05
7.7560000000e+00,6.0352148310e+00,9.9999181429e-01,2.5944640063e-05
7.7570000000e+00,6.0362148228e+00,9.9999184020e-01,2.5866460864e-05
7.7580000000e+00,6.0372148147e+00,9.9999186603e-01,2.5788504350e-05
7.7590000000e+00,6.0382148065e+00,9.9999189178e-01,2.5710769926e-05
7.7600000000e+00,6.0392147984e+00,9.9999191745e-01,2.5633257001e-05
7.7610000000e+00,6.0402147904e+00,9.9999194304e-01,2.5555964985e-05
7.7620000000e+00,6.0412147823e+00,9.9999196856e-01,2.5478893288e-05
7.7630000000e+00,6.0422147743e+00,9.9999199400e-01,2.5402041323e-05
7.7640000000e+00,6.0432147663e+00,9.9999201936e-01,2.5325408503e-05
7.7650000000e+00,6.0442147584e+00,9.9999204465e-01,2.5248994245e-05
7.7660000000e+00,6.0452147504e+00,9.9999206986e-01,2.5172797965e-05
7.7670000000e+00,6.0462147425e+00,9.9999209500e-01,2.5096819082e-05
7.7680000000e+00,6.0472147346e+00,9.9999212006e-01,2.5021057015e-05
7.7690000000e+00,6.0482147267e+00,9.9999214504e-01,2.4945511185e-05
7.7700000000e+00,6.0492147189e+00,9.9999216995e-01,2.4870181014e-05
7.7710000000e+00,6.0502147111e+00,9.9999219478e-01,2.4795065928e-05
7.7720000000e+00,6.0512147033e+00,9.9999221954e-01,2.4720165350e-05
7.7730000000e+00,6.0522146955e+00,9.9999224422e-01,2.4645478709e-05
7.7740000000e+00,6.0532146878e+00,9.9999226883e-01,2.4571005432e-05
7.7750000000e+00,6.0542146800e+00,9.9999229336e-01,2.4496744948e-05
7.7760000000e+00,6.0552146724e+00,9.9999231782e-01,2.4422696689e-05
7.7770000000e+00,6.0562146647e+00,9.9999234221e-01,2.4348860088e-05
7.7780000000e+00,6.0572146570e+00,9.9999236652e-01,2.4275234577e-05
7.7790000000e+00,6.0582146494e+00,9.9999239076e-01,2.4201819593e-05
7.7800000000e+00,6.0592146418e+00,9.9999241492e-01,2.4128614572e-05
7.7810000000e+00,6.0602146342e+00,9.9999243902e-01,2.4055618951e-05
7.7820000000e+00,6.0612146267e+00,9.9999246304e-01,2.3982832171e-05
7.7830000000e+00,6.0622146192e+00,9.9999248698e-01,2.3910253672e-05
7.7840000000e+00,6.0632146117e+00,9.9999251086e-01,2.3837882896e-05
7.7850000000e+00,6.0642146042e+00,9.9999253466e-01,2.3765719287e-05
7.7860000000e+00,6.0652145967e+00,9.9999255839e-01,2.3693762289e-05
7.7870000000e+00,6.0662145893e+00,9.9999258205e-01,2.3622011350e-05
7.7880000000e+00,6.0672145819e+00,9.9999260563e-01,2.3550465915e-05
7.7890000000e+00,6.0682145745e+00,9.9999262915e-01,2.3479125436e-05
7.7900000000e+00,6.0692145672e+00,9.9999265259e-01,2.3407989361e-05
7.7910000000e+00,6.0702145598e+00,9.9999267596e-01,2.3337057143e-05
7.7920000000e+00,6.0712145525e+00,9.9999269926e-01,2.3266328235e-05
7.7930000000e+00,6.0722145452e+00,9.9999272249e-01,2.3195802091e-05
7.7940000000e+00,6.0732145380e+00,9.9999274566e-01,2.3125478167e-05
7.7950000000e+00,6.0742145307e+00,9.9999276875e-01,2.3055355920e-05
7.7960000000e+00,6.0752145235e+00,9.9999279177e-01,2.2985434809e-05
7.7970000000e+00,6.0762145163e+00,9.9999281472e-01,2.2915714293e-05
7.7980000000e+00,6.0772145091e+00,9.9999283760e-01,2.2846193834e-05
7.7990000000e+00,6.0782145020e+00,9.9999286041e-01,2.2776872893e-05
7.8000000000e+00,6.0792144948e+00,9.9999288315e-01,2.2707750936e-05
7.8010000000e+00,6.0802144877e+00,9.9999290582e-01,2.2638827427e-05
7.8020000000e+00,6.0812144807e+00,9.9999292843e-01,2.2570101832e-05
7.8030000000e+00,6.0822144736e+00,9.9999295097e-01,2.2501573619e-05
7.8040000000e+00,6.0832144666e+00,9.9999297343e-01,2.2433242258e-05
7.8050000000e+00,6.0842144595e+00,9.9999299583e-01,2.2365107219e-05
7.8060000000e+00,6.0852144526e+00,9.9999301816e-01,2.2297167974e-05
7.8070000000e+00,6.0862144456e+00,9.9999304043e-01,2.2229423995e-05
7.8080000000e+00,6.0872144386e+00,9.9999306262e-01,2.2161874757e-05
7.8090000000e+00,6.0882144317e+00,9.9999308475e-01,2.2094519737e-05
7.8100000000e+00,6.0892144248e+00,9.9999310681e-01,2.2027358409e-05
7.8110000000e+00,6.0902144179e+00,9.9999312880e-01,2.1960390254e-05
7.8120000000e+00,6.0912144111e+00,9.9999315073e-01,2.1893614751e-05
7.8130000000e+00,6.0922144042e+00,9.9999317259e-01,2.1827031380e-05
7.8140000000e+00,6.0932143974e+00,9.9999319439e-01,2.1760639623e-05
7.8150000000e+00,6.0942143906e+00,9.9999321611e-01,2.1694438965e-05
7.8160000000e+00,6.0952143838e+00,9.9999323777e-01,2.1628428890e-05
7.8170000000e+00,6.0962143771e+00,9.9999325937e-01,2.1562608883e-05
7.8180000000e+00,6.0972143704e+00,9.9999328090e-01,2.1496978433e-05
7.8190000000e+00,6.0982143636e+00,9.9999330236e-01,2.1431537027e-05
7.8200000000e+00,6.0992143570e+00,9.9999332376e-01,2.1366284156e-05
7.8210000000e+00,6.1002143503e+00,9.9999334510e-01,2.1301219311e-05
7.8220000000e+00,6.1012143437e+00,9.9999336637e-01,2.1236341983e-05
7.8230000000e+00,6.1022143370e+00,9.9999338757e-01,2.1171651668e-05
7.8240000000e+00,6.1032143304e+00,9.9999340871e-01,2.1107147859e-05
7.8250000000e+00,6.1042143238e+00,9.9999342978e-01,2.1042830053e-05
7.8260000000e+00,6.1052143173e+00,9.9999345079e-01,2.0978697747e-05
7.8270000000e+00,6.1062143107e+00,9.9999347174e-01,2.0914750440e-05
7.8280000000e+00,6.1072143042e+00,9.9999349262e-01,2.0850987632e-05
7.8290000000e+00,6.1082142977e+00,9.9999351344e-01,2.0787408824e-05
7.8300000000e+00,6.1092142913e+00,9.9999353420e-01,2.0724013518e-05
7.8310000000e+00,6.1102142848e+00,9.9999355489e-01,2.0660801219e-05
7.8320000000e+00,6.1112142784e+00,9.9999357552e-01,2.0597771431e-05
7.8330000000e+00,6.1122142720e+00,9.9999359609e-01,2.0534923660e-05
7.8340000000e+00,6.1132142656e+00,9.9999361659e-01,2.0472257413e-05
7.8350000000e+00,6.1142142592e+00,9.9999363703e-01,2.0409772200e-05
7.8360000000e+00,6.1152142528e+00,9.9999365741e-01,2.0347467530e-05
7.8370000000e+00,6.1162142465e+00,9.9999367773e-01,2.0285342914e-05
7.8380000000e+00,6.1172142402e+00,9.9999369798e-01,2.0223397864e-05
7.8390000000e+00,6.1182142339e+00,9.9999371817e-01,2.0161631895e-05
7.8400000000e+00,6.1192142276e+00,9.9999373830e-01,2.0100044520e-05
7.8410000000e+00,6.1202142214e+00,9.9999375837e-01,2.0038635255e-05
7.8420000000e+00,6.1212142151e+00,9.9999377838e-01,1.9977403618e-05
7.8430000000e+00,6.1222142089e+00,9.9999379833e-01,1.9916349128e-05
7.8440000000e+00,6.1232142027e+00,9.9999381821e-01,1.9855471303e-05
7.8450000000e+00,6.1242141966e+00,9.9999383804e-01,1.9794769664e-05
7.8460000000e+00,6.1252141904e+00,9.9999385780e-01,1.9734243734e-05
7.8470000000e+00,6.1262141843e+00,9.9999387751e-01,1.9673893036e-05
7.8480000000e+00,6.1272141782e+00,9.9999389715e-01,1.9613717093e-05
7.8490000000e+00,6.1282141721e+00,9.9999391674e-01,1.9553715432e-05
7.8500000000e+00,6.1292141660e+00,9.9999393626e-01,1.9493887580e-05
7.8510000000e+00,6.1302141599e+00,9.9999395572e-01,1.9434233063e-05
7.8520000000e+00,6.1312141539e+00,9.9999397513e-01,1.9374751412e-05
7.8530000000e+00,6.1322141479e+00,9.9999399447e-01,1.9315442157e-05
7.8540000000e+00,6.1332141419e+00,9.9999401376e-01,1.9256304829e-05
7.8550000000e+00,6.1342141359e+00,9.9999403299e-01,1.9197338960e-05
7.8560000000e+00,6.1352141300e+00,9.9999405215e-01,1.9138544085e-05
7.8570000000e+00,6.1362141240e+00,9.9999407126e-01,1.9079919739e-05
7.8580000000e+00,6.1372141181e+00,9.9999409031e-01,1.9021465458e-05
7.8590000000e+00,6.1382141122e+00,9.9999410931e-01,1.8963180779e-05
7.8600000000e+00,6.1392141063e+00,9.9999412824e-01,1.8905065241e-05
7.8610000000e+00,6.1402141005e+00,9.9999414712e-01,1.8847118382e-05
7.8620000000e+00,6.1412140946e+00,9.9999416593e-01,1.8789339746e-05
7.8630000000e+00,6.1422140888e+00,9.9999418469e-01,1.8731728872e-05
7.8640000000e+00,6.1432140830e+00,9.9999420340e-01,1.8674285305e-05
7.8650000000e+00,6.1442140772e+00,9.9999422204e-01,1.8617008588e-05
7.8660000000e+00,6.1452140714e+00,9.9999424063e-01,1.8559898267e-05
7.8670000000e+00,6.1462140657e+00,9.9999425916e-01,1.8502953889e-05
7.8680000000e+00,6.1472140600e+00,9.9999427764e-01,1.8446175001e-05
7.8690000000e+00,6.1482140542e+00,9.9999429606e-01,1.8389561152e-05
7.8700000000e+00,6.1492140485e+00,9.9999431442e-01,1.8333111893e-05
7.8710000000e+00,6.1502140429e+00,9.9999433272e-01,1.8276826774e-05
7.8720000000e+00,6.1512140372e+00,9.9999435097e-01,1.8220705347e-05
7.8730000000e+00,6.1522140316e+00,9.9999436916e-01,1.8164747166e-05
7.8740000000e+00,6.1532140260e+00,9.9999438730e-01,1.8108951786e-05
7.8750000000e+00,6.1542140203e+00,9.9999440538e-01,1.8053318762e-05
7.8760000000e+00,6.1552140148e+00,9.9999442341e-01,1.7997847651e-05
7.8770000000e+00,6.1562140092e+00,9.9999444138e-01,1.7942538011e-05
7.8780000000e+00,6.1572140036e+00,9.9999445929e-01,1.7887389401e-05
7.8790000000e+00,6.1582139981e+00,9.9999447715e-01,1.7832401380e-05
7.8800000000e+00,6.1592139926e+00,9.9999449496e-01,1.7777573511e-05
7.8810000000e+00,6.1602139871e+00,9.9999451271e-01,1.7722905355e-05
7.8820000000e+00,6.1612139816e+00,9.9999453040e-01,1.7668396476e-05
7.8830000000e+00,6.1622139762e+00,9.9999454804e-01,1.7614046439e-05
7.8840000000e+00,6.1632139707e+00,9.9999456563e-01,1.7559854808e-05
7.8850000000e+00,6.1642139653e+00,9.9999458316e-01,1.7505821152e-05
7.8860000000e+00,6.1652139599e+00,9.9999460064e-01,1.7451945037e-05
7.8870000000e+00,6.1662139545e+00,9.9999461807e-01,1.7398226033e-05
7.8880000000e+00,6.1672139491e+00,9.9999463544e-01,1.7344663710e-05
7.8890000000e+00,6.1682139438e+00,9.9999465276e-01,1.7291257638e-05
7.8900000000e+00,6.1692139384e+00,9.9999467002e-01,1.7238007391e-05
7.8910000000e+00,6.1702139331e+00,9.9999468723e-01,1.7184912541e-05
7.8920000000e+00,6.1712139278e+00,9.9999470439e-01,1.7131972663e-05
7.8930000000e+00,6.1722139225e+00,9.9999472150e-01,1.7079187331e-05
7.8940000000e+00,6.1732139172e+00,9.9999473855e-01,1.7026556124e-05
7.8950000000e+00,6.1742139120e+00,9.9999475555e-01,1.6974078617e-05
7.8960000000e+00,6.1752139068e+00,9.9999477250e-01,1.6921754391e-05
7.8970000000e+00,6.1762139015e+00,9.9999478939e-01,1.6869583024e-05
7.8980000000e+00,6.1772138963e+00,9.9999480624e-01,1.6817564098e-05
7.8990000000e+00,6.1782138912e+00,9.9999482303e-01,1.6765697195e-05
7.9000000000e+00,6.1792138860e+00,9.9999483977e-01,1.6713981896e-05
7.9010000000e+00,6.1802138808e+00,9.9999485646e-01,1.6662417787e-05
7.9020000000e+00,6.1812138757e+00,9.9999487309e-01,1.6611004452e-05
7.9030000000e+00,6.1822138706e+00,9.9999488968e-01,1.6559741478e-05
7.9040000000e+00,6.1832138655e+00,9.9999490621e-01,1.6508628451e-05
7.9050000000e+00,6.1842138604e+00,9.9999492270e-01,1.6457664961e-05
7.9060000000e+00,6.1852138553e+00,9.9999493913e-01,1.6406850595e-05
7.9070000000e+00,6.1862138503e+00,9.9999495551e-01,1.6356184945e-05
7.9080000000e+00,6.1872138452e+00,9.9999497184e-01,1.6305667601e-05
7.9090000000e+00,6.1882138402e+00,9.9999498812e-01,1.6255298157e-05
7.9100000000e+00,6.1892138352e+00,9.9999500435e-01,1.6205076205e-05
7.9110000000e+00,6.1902138302e+00,9.9999502053e-01,1.6155001340e-05
7.9120000000e+00,6.1912138252e+00,9.9999503666e-01,1.6105073157e-05
7.9130000000e+00,6.1922138203e+00,9.9999505274e-01,1.6055291254e-05
7.9140000000e+00,6.1932138154e+00,9.9999506877e-01,1.6005655227e-05
7.9150000000e+00,6.1942138104e+00,9.9999508475e-01,1.5956164675e-05
7.9160000000e+00,6.1952138055e+00,9.9999510068e-01,1.5906819198e-05
7.9170000000e+00,6.1962138006e+00,9.9999511657e-01,1.5857618396e-05
7.9180000000e+00,6.1972137958e+00,9.9999513240e-01,1.5808561871e-05
7.9190000000e+00,6.1982137909e+00,9.9999514818e-01,1.5759649226e-05
7.9200000000e+00,6.1992137861e+00,9.9999516392e-01,1.5710880064e-05
7.9210000000e+00,6.2002137812e+00,9.9999517961e-01,1.5662253990e-05
7.9220000000e+00,6.2012137764e+00,9.9999519524e-01,1.5613770610e-05
7.9230000000e+00,6.2022137716e+00,9.9999521083e-01,1.5565429530e-05
7.9240000000e+00,6.2032137668e+00,9.9999522637e-01,1.5517230358e-05
7.9250000000e+00,6.2042137621e+00,9.9999524187e-01,1.5469172703e-05
7.9260000000e+00,6.2052137573e+00,9.9999525731e-01,1.5421256174e-05
7.9270000000e+00,6.2062137526e+00,9.9999527271e-01,1.5373480382e-05
7.9280000000e+00,6.2072137479e+00,9.9999528806e-01,1.5325844939e-05
7.9290000000e+00,6.2082137432e+00,9.9999530336e-01,1.5278349458e-05
7.9300000000e+00,6.2092137385e+00,9.9999531862e-01,1.5230993552e-05
7.9310000000e+00,6.2102137338e+00,9.9999533382e-01,1.5183776835e-05
7.9320000000e+00,6.2112137291e+00,9.9999534898e-01,1.5136698924e-05
7.9330000000e+00,6.2122137245e+00,9.9999536410e-01,1.5089759435e-05
7.9340000000e+00,6.2132137199e+00,9.9999537916e-01,1.5042957986e-05
7.9350000000e+00,6.2142137153e+00,9.9999539418e-01,1.4996294195e-05
7.9360000000e+00,6.2152137107e+00,9.9999540916e-01,1.4949767683e-05
7.9370000000e+00,6.2162137061e+00,9.9999542408e-01,1.4903378068e-05
7.9380000000e+00,6.2172137015e+00,9.9999543896e-01,1.4857124974e-05
7.9390000000e+00,6.2182136969e+00,9.9999545380e-01,1.4811008021e-05
7.9400000000e+00,6.2192136924e+00,9.9999546859e-01,1.4765026835e-05
7.9410000000e+00,6.2202136879e+00,9.9999548333e-01,1.4719181039e-05
7.9420000000e+00,6.2212136834e+00,9.9999549802e-01,1.4673470259e-05
7.9430000000e+00,6.2222136789e+00,9.9999551267e-01,1.4627894121e-05
7.9440000000e+00,6.2232136744e+00,9.9999552728e-01,1.4582452252e-05
7.9450000000e+00,6.2242136699e+00,9.9999554184e-01,1.4537144281e-05
7.9460000000e+00,6.2252136655e+00,9.9999555635e-01,1.4491969837e-05
7.9470000000e+00,6.2262136610e+00,9.9999557082e-01,1.4446928549e-05
7.9480000000e+00,6.2272136566e+00,9.9999558525e-01,1.4402020050e-05
7.9490000000e+00,6.2282136522e+00,9.9999559963e-01,1.4357243971e-05
7.9500000000e+00,6.2292136478e+00,9.9999561396e-01,1.4312599945e-05
7.9510000000e+00,6.2302136434e+00,9.9999562825e-01,1.4268087606e-05
7.9520000000e+00,6.2312136391e+00,9.9999564250e-01,1.4223706589e-05
7.9530000000e+00,6.2322136347e+00,9.9999565670e-01,1.4179456530e-05
7.9540000000e+00,6.2332136304e+00,9.9999567086e-01,1.4135337066e-05
7.9550000000e+00,6.2342136261e+00,9.9999568497e-01,1.4091347834e-05
7.9560000000e+00,6.2352136218e+00,9.9999569904e-01,1.4047488473e-05
7.9570000000e+00,6.2362136175e+00,9.9999571307e-01,1.4003758623e-05
7.9580000000e+00,6.2372136132e+00,9.9999572705e-01,1.3960157923e-05
7.9590000000e+00,6.2382136089e+00,9.9999574099e-01,1.3916686016e-05
7.9600000000e+00,6.2392136047e+00,9.9999575488e-01,1.3873342544e-05
7.9610000000e+00,6.2402136004e+00,9.9999576873e-01,1.3830127150e-05
7.9620000000e+00,6.2412135962e+00,9.9999578254e-01,1.3787039478e-05
7.9630000000e+00,6.2422135920e+00,9.9999579631e-01,1.3744079173e-05
7.9640000000e+00,6.2432135878e+00,9.9999581003e-01,1.3701245882e-05
7.9650000000e+00,6.2442135836e+00,9.9999582371e-01,1.3658539251e-05
7.9660000000e+00,6.2452135795e+00,9.9999583735e-01,1.3615958929e-05
7.9670000000e+00,6.2462135753e+00,9.9999585094e-01,1.3573504563e-05
7.9680000000e+00,6.2472135712e+00,9.9999586449e-01,1.3531175804e-05
7.9690000000e+00,6.2482135670e+00,9.9999587800e-01,1.3488972301e-05
7.9700000000e+00,6.2492135629e+00,9.9999589147e-01,1.3446893708e-05
7.9710000000e+00,6.2502135588e+00,9.9999590490e-01,1.3404939675e-05
7.9720000000e+00,6.2512135547e+00,9.9999591828e-01,1.3363109857e-05
7.9730000000e+00,6.2522135506e+00,9.9999593162e-01,1.3321403907e-05
7.9740000000e+00,6.2532135466e+00,9.9999594492e-01,1.3279821480e-05
7.9750000000e+00,6.2542135425e+00,9.9999595818e-01,1.3238362232e-05
7.9760000000e+00,6.2552135385e+00,9.9999597140e-01,1.3197025821e-05
7.9770000000e+00,6.2562135345e+00,9.9999598458e-01,1.3155811904e-05
7.9780000000e+00,6.2572135305e+00,9.9999599771e-01,1.3114720139e-05
7.9790000000e+00,6.2582135265e+00,9.9999601081e-01,1.3073750186e-05
7.9800000000e+00,6.2592135225e+00,9.9999602386e-01,1.3032901706e-05
7.9810000000e+00,6.2602135185e+00,9.9999603687e-01,1.2992174359e-05
7.9820000000e+00,6.2612135146e+00,9.9999604985e-01,1.2951567808e-05
7.9830000000e+00,6.2622135106e+00,9.9999606278e-01,1.2911081715e-05
7.9840000000e+00,6.2632135067e+00,9.9999607567e-01,1.2870715746e-05
7.9850000000e+00,6.2642135028e+00,9.9999608852e-01,1.2830469563e-05
7.9860000000e+00,6.2652134989e+00,9.9999610133e-01,1.2790342834e-05
7.9870000000e+00,6.2662134950e+00,9.9999611410e-01,1.2750335223e-05
7.9880000000e+00,6.2672134911e+00,9.9999612683e-01,1.2710446400e-05
7.9890000000e+00,6.2682134872e+00,9.9999613952e-01,1.2670676032e-05
7.9900000000e+00,6.2692134834e+00,9.9999615217e-01,1.2631023788e-05
7.9910000000e+00,6.2702134795e+00,9.9999616478e-01,1.2591489337e-05
7.9920000000e+00,6.2712134757e+00,9.9999617735e-01,1.2552072352e-05
7.9930000000e+00,6.2722134719e+00,9.9999618989e-01,1.2512772503e-05
7.9940000000e+00,6.2732134681e+00,9.9999620238e-01,1.2473589463e-05
7.9950000000e+00,6.2742134643e+00,9.9999621483e-01,1.2434522905e-05
7.9960000000e+00,6.2752134605e+00,9.9999622725e-01,1.2395572503e-05
7.9970000000e+00,6.2762134567e+00,9.9999623962e-01,1.2356737933e-05
7.9980000000e+00,6.2772134530e+00,9.9999625196e-01,1.2318018870e-05
7.9990000000e+00,6.2782134492e+00,9.9999626426e-01,1.2279414992e-05
8.0000000000e+00,6.2792134455e+00,9.9999627652e-01,1.2240925975e-05
8.0010000000e+00,6.2802134418e+00,9.9999628874e-01,1.2202551498e-05
8.0020000000e+00,6.2812134381e+00,9.9999630093e-01,1.2164291240e-05
8.0030000000e+00,6.2822134344e+00,9.9999631307e-01,1.2126144881e-05
8.0040000000e+00,6.2832134307e+00,9.9999632518e-01,1.2088112103e-05
8.0050000000e+00,6.2842134271e+00,9.9999633725e-01,1.2050192587e-05
8.0060000000e+00,6.2852134234e+00,9.9999634928e-01,1.2012386016e-05
8.0070000000e+00,6.2862134198e+00,9.9999636127e-01,1.1974692072e-05
8.0080000000e+00,6.2872134161e+00,9.9999637323e-01,1.1937110440e-05
8.0090000000e+00,6.2882134125e+00,9.9999638515e-01,1.1899640806e-05
8.0100000000e+00,6.2892134089e+00,9.9999639703e-01,1.1862282855e-05
8.0110000000e+00,6.2902134053e+00,9.9999640887e-01,1.1825036273e-05
8.0120000000e+00,6.2912134017e+00,9.9999642068e-01,1.1787900749e-05
8.0130000000e+00,6.2922133981e+00,9.9999643245e-01,1.1750875971e-05
8.0140000000e+00,6.2932133946e+00,9.9999644418e-01,1.1713961627e-05
8.0150000000e+00,6.2942133910e+00,9.9999645587e-01,1.1677157407e-05
8.0160000000e+00,6.2952133875e+00,9.9999646753e-01,1.1640463003e-05
8.0170000000e+00,6.2962133840e+00,9.9999647916e-01,1.1603878106e-05
8.0180000000e+00,6.2972133804e+00,9.9999649074e-01,1.1567402408e-05
8.0190000000e+00,6.2982133769e+00,9.9999650229e-01,1.1531035603e-05
8.0200000000e+00,6.2992133734e+00,9.9999651380e-01,1.1494777383e-05
8.0210000000e+00,6.3002133700e+00,9.9999652528e-01,1.1458627446e-05
8.0220000000e+00,6.3012133665e+00,9.9999653672e-01,1.1422585484e-05
8.0230000000e+00,6.3022133630e+00,9.9999654813e-01,1.1386651196e-05
8.0240000000e+00,6.3032133596e+00,9.9999655949e-01,1.1350824278e-05
8.0250000000e+00,6.3042133562e+00,9.9999657083e-01,1.1315104428e-05
8.0260000000e+00,6.3052133527e+00,9.9999658212e-01,1.1279491345e-05
8.0270000000e+00,6.3062133493e+00,9.9999659339e-01,1.1243984729e-05
8.0280000000e+00,6.3072133459e+00,9.9999660461e-01,1.1208584279e-05
8.0290000000e+00,6.3082133425e+00,9.9999661580e-01,1.1173289697e-05
8.0300000000e+00,6.3092133392e+00,9.9999662696e-01,1.1138100685e-05
8.0310000000e+00,6.3102133358e+00,9.9999663808e-01,1.1103016945e-05
8.0320000000e+00,6.3112133324e+00,9.9999664916e-01,1.1068038180e-05
8.0330000000e+00,6.3122133291e+00,9.9999666022e-01,1.1033164096e-05
8.0340000000e+00,6.3132133258e+00,9.9999667123e-01,1.0998394397e-05
8.0350000000e+00,6.3142133224e+00,9.9999668221e-01,1.0963728788e-05
8.0360000000e+00,6.3152133191e+00,9.9999669316e-01,1.0929166977e-05
8.0370000000e+00,6.3162133158e+00,9.9999670407e-01,1.0894708670e-05
8.0380000000e+00,6.3172133125e+00,9.9999671495e-01,1.0860353575e-05
8.0390000000e+00,6.3182133092e+00,9.9999672579e-01,1.0826101403e-05
8.0400000000e+00,6.3192133060e+00,9.9999673660e-01,1.0791951861e-05
8.0410000000e+00,6.3202133027e+00,9.9999674738e-01,1.0757904660e-05
8.0420000000e+00,6.3212132995e+00,9.9999675812e-01,1.0723959512e-05
8.0430000000e+00,6.3222132962e+00,9.9999676882e-01,1.0690116129e-05
8.0440000000e+00,6.3232132930e+00,9.9999677950e-01,1.0656374222e-05
8.0450000000e+00,6.3242132898e+00,9.9999679014e-01,1.0622733506e-05
8.0460000000e+00,6.3252132866e+00,9.9999680074e-01,1.0589193695e-05
8.0470000000e+00,6.3262132834e+00,9.9999681131e-01,1.0555754503e-05
8.0480000000e+00,6.3272132802e+00,9.9999682185e-01,1.0522415646e-05
8.0490000000e+00,6.3282132770e+00,9.9999683236e-01,1.0489176840e-05
8.0500000000e+00,6.3292132739e+00,9.9999684283e-01,1.0456037804e-05
8.0510000000e+00,6.3302132707e+00,9.9999685327e-01,1.0422998253e-05
8.0520000000e+00,6.3312132676e+00,9.9999686368e-01,1.0390057908e-05
8.0530000000e+00,6.3322132645e+00,9.9999687405e-01,1.0357216487e-05
8.0540000000e+00,6.3332132613e+00,9.9999688439e-01,1.0324473711e-05
8.0550000000e+00,6.3342132582e+00,9.9999689470e-01,1.0291829301e-05
8.0560000000e+00,6.3352132551e+00,9.9999690498e-01,1.0259282977e-05
8.0570000000e+00,6.3362132520e+00,9.9999691522e-01,1.0226834463e-05
8.0580000000e+00,6.3372132489e+00,9.9999692543e-01,1.0194483481e-05
8.0590000000e+00,6.3382132459e+00,9.9999693561e-01,1.0162229755e-05
8.0600000000e+00,6.3392132428e+00,9.9999694575e-01,1.0130073010e-05
8.0610000000e+00,6.3402132398e+00,9.9999695587e-01,1.0098012970e-05
8.0620000000e+00,6.3412132367e+00,9.9999696595e-01,1.0066049363e-05
8.0630000000e+00,6.3422132337e+00,9.9999697600e-01,1.0034181914e-05
8.0640000000e+00,6.3432132307e+00,9.9999698602e-01,1.0002410351e-05
8.0650000000e+00,6.3442132277e+00,9.9999699601e-01,9.9707344018e-06
8.0660000000e+00,6.3452132247e+00,9.9999700596e-01,9.9391537956e-06
8.0670000000e+00,6.3462132217e+00,9.9999701588e-01,9.9076682617e-06
8.0680000000e+00,6.3472132187e+00,9.9999702578e-01,9.8762775304e-06
8.0690000000e+00,6.3482132157e+00,9.9999703564e-01,9.8449813328e-06
8.0700000000e+00,6.3492132128e+00,9.9999704547e-01,9.8137794005e-06
8.0710000000e+00,6.3502132098e+00,9.9999705526e-01,9.7826714659e-06
8.0720000000e+00,6.3512132069e+00,9.9999706503e-01,9.7516572621e-06
8.0730000000e+00,6.3522132040e+00,9.9999707477e-01,9.7207365229e-06
8.0740000000e+00,6.3532132010e+00,9.9999708447e-01,9.6899089828e-06
8.0750000000e+00,6.3542131981e+00,9.9999709415e-01,9.6591743771e-06
8.0760000000e+00,6.3552131952e+00,9.9999710379e-01,9.6285324416e-06
8.0770000000e+00,6.3562131923e+00,9.9999711340e-01,9.5979829130e-06
8.0780000000e+00,6.3572131895e+00,9.9999712299e-01,9.5675255285e-06
8.0790000000e+00,6.3582131866e+00,9.9999713254e-01,9.5371600263e-06
8.0800000000e+00,6.3592131837e+00,9.9999714206e-01,9.5068861449e-06
8.0810000000e+00,6.3602131809e+00,9.9999715155e-01,9.4767036238e-06
8.0820000000e+00,6.3612131780e+00,9.9999716101e-01,9.4466122031e-06
8.0830000000e+00,6.3622131752e+00,9.9999717045e-01,9.4166116235e-06
8.0840000000e+00,6.3632131724e+00,9.9999717985e-01,9.3867016265e-06
8.0850000000e+00,6.3642131695e+00,9.9999718922e-01,9.3568819542e-06
8.0860000000e+00,6.3652131667e+00,9.9999719856e-01,9.3271523495e-06
8.0870000000e+00,6.3662131639e+00,9.9999720787e-01,9.2975125559e-06
8.0880000000e+00,6.3672131612e+00,9.9999721716e-01,9.2679623175e-06
8.0890000000e+00,6.3682131584e+00,9.9999722641e-01,9.2385013793e-06
8.0900000000e+00,6.3692131556e+00,9.9999723563e-01,9.2091294868e-06
8.0910000000e+00,6.3702131529e+00,9.9999724483e-01,9.1798463862e-06
8.0920000000e+00,6.3712131501e+00,9.9999725399e-01,9.1506518243e-06
8.0930000000e+00,6.3722131474e+00,9.9999726313e-01,9.1215455489e-06
8.0940000000e+00,6.3732131446e+00,9.9999727224e-01,9.0925273081e-06
8.0950000000e+00,6.3742131419e+00,9.9999728131e-01,9.0635968508e-06
8.0960000000e+00,6.3752131392e+00,9.9999729036e-01,9.0347539265e-06
8.0970000000e+00,6.3762131365e+00,9.9999729938e-01,9.0059982857e-06
8.0980000000e+00,6.3772131338e+00,9.9999730838e-01,8.9773296790e-06
8.0990000000e+00,6.3782131311e+00,9.9999731734e-01,8.9487478582e-06
8.1000000000e+00,6.3792131284e+00,9.9999732627e-01,8.9202525755e-06
8.1010000000e+00,6.3802131258e+00,9.9999733518e-01,8.8918435836e-06
8.1020000000e+00,6.3812131231e+00,9.9999734406e-01,8.8635206363e-06
8.1030000000e+00,6.3822131204e+00,9.9999735291e-01,8.8352834876e-06
8.1040000000e+00,6.3832131178e+00,9.9999736173e-01,8.8071318925e-06
8.1050000000e+00,6.3842131152e+00,9.9999737052e-01,8.7790656064e-06
8.1060000000e+00,6.3852131125e+00,9.9999737929e-01,8.7510843855e-06
8.1070000000e+00,6.3862131099e+00,9.9999738802e-01,8.7231879867e-06
8.1080000000e+00,6.3872131073e+00,9.9999739673e-01,8.6953761673e-06
8.1090000000e+00,6.3882131047e+00,9.9999740541e-01,8.6676486855e-06
8.1100000000e+00,6.3892131021e+00,9.9999741407e-01,8.6400053001e-06
8.1110000000e+00,6.3902130995e+00,9.9999742269e-01,8.6124457704e-06
8.1120000000e+00,6.3912130970e+00,9.9999743129e-01,8.5849698564e-06
8.1130000000e+00,6.3922130944e+00,9.9999743986e-01,8.5575773189e-06
8.1140000000e+00,6.3932130919e+00,9.9999744841e-01,8.5302679192e-06
8.1150000000e+00,6.3942130893e+00,9.9999745692e-01,8.5030414191e-06
8.1160000000e+00,6.3952130868e+00,9.9999746541e-01,8.4758975814e-06
8.1170000000e+00,6.3962130842e+00,9.9999747388e-01,8.4488361692e-06
8.1180000000e+00,6.3972130817e+00,9.9999748231e-01,8.4218569463e-06
8.1190000000e+00,6.3982130792e+00,9.9999749072e-01,8.3949596773e-06
8.1200000000e+00,6.3992130767e+00,9.9999749910e-01,8.3681441273e-06
8.1210000000e+00,6.4002130742e+00,9.9999750746e-01,8.3414100620e-06
8.1220000000e+00,6.4012130717e+00,9.9999751578e-01,8.3147572478e-06
8.1230000000e+00,6.4022130692e+00,9.9999752409e-01,8.2881854517e-06
8.1240000000e+00,6.4032130668e+00,9.9999753236e-01,8.2616944413e-06
8.1250000000e+00,6.4042130643e+00,9.9999754061e-01,8.2352839847e-06
8.1260000000e+00,6.4052130618e+00,9.9999754883e-01,8.2089538510e-06
8.1270000000e+00,6.4062130594e+00,9.9999755703e-01,8.1827038096e-06
8.1280000000e+00,6.4072130570e+00,9.9999756520e-01,8.1565336305e-06
8.1290000000e+00,6.4082130545e+00,9.9999757334e-01,8.1304430845e-06
8.1300000000e+00,6.4092130521e+00,9.9999758146e-01,8.1044319428e-06
8.1310000000e+00,6.4102130497e+00,9.9999758955e-01,8.0784999776e-06
8.1320000000e+00,6.4112130473e+00,9.9999759761e-01,8.0526469612e-06
8.1330000000e+00,6.4122130449e+00,9.9999760565e-01,8.0268726668e-06
8.1340000000e+00,6.4132130425e+00,9.9999761367e-01,8.0011768682e-06
8.1350000000e+00,6.4142130401e+00,9.9999762166e-01,7.9755593398e-06
8.1360000000e+00,6.4152130377e+00,9.9999762962e-01,7.9500198566e-06
8.1370000000e+00,6.4162130354e+00,9.9999763756e-01,7.9245581941e-06
8.1380000000e+00,6.4172130330e+00,9.9999764547e-01,7.8991741285e-06
8.1390000000e+00,6.4182130307e+00,9.9999765336e-01,7.8738674366e-06
8.1400000000e+00,6.4192130283e+00,9.9999766122e-01,7.8486378958e-06
8.1410000000e+00,6.4202130260e+00,9.9999766905e-01,7.8234852841e-06
8.1420000000e+00,6.4212130237e+00,9.9999767686e-01,7.7984093800e-06
8.1430000000e+00,6.4222130213e+00,9.9999768465e-01,7.7734099627e-06
8.1440000000e+00,6.4232130190e+00,9.9999769241e-01,7.7484868120e-06
8.1450000000e+00,6.4242130167e+00,9.9999770015e-01,7.7236397082e-06
8.1460000000e+00,6.4252130144e+00,9.9999770786e-01,7.6988684323e-06
8.1470000000e+00,6.4262130121e+00,9.9999771554e-01,7.6741727658e-06
8.1480000000e+00,6.4272130099e+00,9.9999772321e-01,7.6495524909e-06
8.1490000000e+00,6.4282130076e+00,9.9999773084e-01,7.6250073902e-06
8.1500000000e+00,6.4292130053e+00,9.9999773846e-01,7.6005372471e-06
8.1510000000e+00,6.4302130031e+00,9.9999774604e-01,7.5761418454e-06
8.1520000000e+00,6.4312130008e+00,9.9999775361e-01,7.5518209695e-06
8.1530000000e+00,6.4322129986e+00,9.9999776115e-01,7.5275744046e-06
8.1540000000e+00,6.4332129963e+00,9.9999776866e-01,7.5034019362e-06
8.1550000000e+00,6.4342129941e+00,9.9999777616e-01,7.4793033506e-06
8.1560000000e+00,6.4352129919e+00,9.9999778362e-01,7.4552784344e-06
8.1570000000e+00,6.4362129897e+00,9.9999779107e-01,7.4313269751e-06
8.1580000000e+00,6.4372129875e+00,9.9999779848e-01,7.4074487606e-06
8.1590000000e+00,6.4382129853e+00,9.9999780588e-01,7.3836435794e-06
8.1600000000e+00,6.4392129831e+00,9.9999781325e-01,7.3599112204e-06
8.1610000000e+00,6.4402129809e+00,9.9999782060e-01,7.3362514735e-06
8.1620000000e+00,6.4412129787e+00,9.9999782792e-01,7.3126641286e-06
8.1630000000e+00,6.4422129765e+00,9.9999783523e-01,7.2891489767e-06
8.1640000000e+00,6.4432129744e+00,9.9999784250e-01,7.2657058090e-06
8.1650000000e+00,6.4442129722e+00,9.9999784976e-01,7.2423344175e-06
8.1660000000e+00,6.4452129701e+00,9.9999785699e-01,7.2190345945e-06
8.1670000000e+00,6.4462129679e+00,9.9999786420e-01,7.1958061332e-06
8.1680000000e+00,6.4472129658e+00,9.9999787138e-01,7.1726488270e-06
8.1690000000e+00,6.4482129637e+00,9.9999787854e-01,7.1495624702e-06
8.1700000000e+00,6.4492129616e+00,9.9999788568e-01,7.1265468573e-06
8.1710000000e+00,6.4502129595e+00,9.9999789279e-01,7.1036017836e-06
8.1720000000e+00,6.4512129574e+00,9.9999789989e-01,7.0807270450e-06
8.1730000000e+00,6.4522129553e+00,9.9999790696e-01,7.0579224378e-06
8.1740000000e+00,6.4532129532e+00,9.9999791400e-01,7.0351877588e-06
8.1750000000e+00,6.4542129511e+00,9.9999792103e-01,7.0125228056e-06
8.1760000000e+00,6.4552129490e+00,9.9999792803e-01,6.9899273761e-06
8.1770000000e+00,6.4562129469e+00,9.9999793501e-01,6.9674012688e-06
8.1780000000e+00,6.4572129449e+00,9.9999794196e-01,6.9449442829e-06
8.1790000000e+00,6.4582129428e+00,9.9999794890e-01,6.9225562180e-06
8.1800000000e+00,6.4592129408e+00,9.9999795581e-01,6.9002368742e-06
8.1810000000e+00,6.4602129387e+00,9.9999796270e-01,6.8779860523e-06
8.1820000000e+00,6.4612129367e+00,9.9999796956e-01,6.8558035536e-06
8.1830000000e+00,6.4622129347e+00,9.9999797641e-01,6.8336891797e-06
8.1840000000e+00,6.4632129327e+00,9.9999798323e-01,6.8116427332e-06
8.1850000000e+00,6.4642129306e+00,9.9999799003e-01,6.7896640167e-06
8.1860000000e+00,6.4652129286e+00,9.9999799681e-01,6.7677528338e-06
8.1870000000e+00,6.4662129266e+00,9.9999800357e-01,6.7459089883e-06
8.1880000000e+00,6.4672129246e+00,9.9999801030e-01,6.7241322848e-06
8.1890000000e+00,6.4682129227e+00,9.9999801701e-01,6.7024225282e-06
8.1900000000e+00,6.4692129207e+00,9.9999802371e-01,6.6807795241e-06
8.1910000000e+00,6.4702129187e+00,9.9999803038e-01,6.6592030784e-06
8.1920000000e+00,6.4712129167e+00,9.9999803702e-01,6.6376929979e-06
8.1930000000e+00,6.4722129148e+00,9.9999804365e-01,6.6162490895e-06
8.1940000000e+00,6.4732129128e+00,9.9999805026e-01,6.5948711610e-06
8.1950000000e+00,6.4742129109e+00,9.9999805684e-01,6.5735590205e-06
8.1960000000e+00,6.4752129089e+00,9.9999806340e-01,6.5523124767e-06
8.1970000000e+00,6.4762129070e+00,9.9999806995e-01,6.5311313387e-06
8.1980000000e+00,6.4772129051e+00,9.9999807647e-01,6.5100154163e-06
8.1990000000e+00,6.4782129032e+00,9.9999808297e-01,6.4889645196e-06
8.2000000000e+00,6.4792129012e+00,9.9999808944e-01,6.4679784596e-06
8.2010000000e+00,6.4802128993e+00,9.9999809590e-01,6.4470570473e-06
8.2020000000e+00,6.4812128974e+00,9.9999810234e-01,6.4262000947e-06
8.2030000000e+00,6.4822128955e+00,9.9999810875e-01,6.4054074139e-06
8.2040000000e+00,6.4832128937e+00,9.9999811515e-01,6.3846788178e-06
8.2050000000e+00,6.4842128918e+00,9.9999812152e-01,6.3640141197e-06
8.2060000000e+00,6.4852128899e+00,9.9999812788e-01,6.3434131335e-06
8.2070000000e+00,6.4862128880e+00,9.9999813421e-01,6.3228756733e-06
8.2080000000e+00,6.4872128862e+00,9.9999814052e-01,6.3024015541e-06
8.2090000000e+00,6.4882128843e+00,9.9999814682e-01,6.2819905913e-06
8.2100000000e+00,6.4892128825e+00,9.9999815309e-01,6.2616426005e-06
8.2110000000e+00,6.4902128806e+00,9.9999815934e-01,6.2413573983e-06
8.2120000000e+00,6.4912128788e+00,9.9999816557e-01,6.2211348014e-06
8.2130000000e+00,6.4922128770e+00,9.9999817178e-01,6.2009746272e-06
8.2140000000e+00,6.4932128751e+00,9.9999817797e-01,6.1808766934e-06
8.2150000000e+00,6.4942128733e+00,9.9999818414e-01,6.1608408186e-06
8.2160000000e+00,6.4952128715e+00,9.9999819029e-01,6.1408668214e-06
8.2170000000e+00,6.4962128697e+00,9.9999819642e-01,6.1209545212e-06
8.2180000000e+00,6.4972128679e+00,9.9999820254e-01,6.1011037379e-06
8.2190000000e+00,6.4982128661e+00,9.9999820863e-01,6.0813142917e-06
8.2200000000e+00,6.4992128643e+00,9.9999821470e-01,6.0615860034e-06
8.2210000000e+00,6.5002128625e+00,9.9999822075e-01,6.0419186944e-06
8.2220000000e+00,6.5012128607e+00,9.9999822678e-01,6.0223121865e-06
8.2230000000e+00,6.5022128590e+00,9.9999823279e-01,6.0027663018e-06
8.2240000000e+00,6.5032128572e+00,9.9999823879e-01,5.9832808633e-06
8.2250000000e+00,6.5042128555e+00,9.9999824476e-01,5.9638556940e-06
8.2260000000e+00,6.5052128537e+00,9.9999825072e-01,5.9444906177e-06
8.2270000000e+00,6.5062128520e+00,9.9999825665e-01,5.9251854587e-06
8.2280000000e+00,6.5072128502e+00,9.9999826257e-01,5.9059400416e-06
8.2290000000e+00,6.5082128485e+00,9.9999826846e-01,5.8867541915e-06
8.2300000000e+00,6.5092128468e+00,9.9999827434e-01,5.8676277343e-06
8.2310000000e+00,6.5102128450e+00,9.9999828020e-01,5.8485604958e-06
8.2320000000e+00,6.5112128433e+00,9.9999828604e-01,5.8295523029e-06
8.2330000000e+00,6.5122128416e+00,9.9999829186e-01,5.8106029825e-06
8.2340000000e+00,6.5132128399e+00,9.9999829766e-01,5.7917123621e-06
8.2350000000e+00,6.5142128382e+00,9.9999830344e-01,5.7728802699e-06
8.2360000000e+00,6.5152128365e+00,9.9999830920e-01,5.7541065343e-06
8.2370000000e+00,6.5162128348e+00,9.9999831495e-01,5.7353909842e-06
8.2380000000e+00,6.5172128331e+00,9.9999832067e-01,5.7167334491e-06
8.2390000000e+00,6.5182128315e+00,9.9999832638e-01,5.6981337590e-06
8.2400000000e+00,6.5192128298e+00,9.9999833207e-01,5.6795917441e-06
8.2410000000e+00,6.5202128281e+00,9.9999833774e-01,5.6611072353e-06
8.2420000000e+00,6.5212128265e+00,9.9999834339e-01,5.6426800639e-06
8.2430000000e+00,6.5222128248e+00,9.9999834903e-01,5.6243100617e-06
8.2440000000e+00,6.5232128232e+00,9.9999835464e-01,5.6059970608e-06
8.2450000000e+00,6.5242128215e+00,9.9999836024e-01,5.5877408941e-06
8.2460000000e+00,6.5252128199e+00,9.9999836582e-01,5.5695413945e-06
8.2470000000e+00,6.5262128182e+00,9.9999837138e-01,5.5513983958e-06
8.2480000000e+00,6.5272128166e+00,9.9999837692e-01,5.5333117319e-06
8.2490000000e+00,6.5282128150e+00,9.9999838244e-01,5.5152812374e-06
8.2500000000e+00,6.5292128134e+00,9.9999838795e-01,5.4973067473e-06
8.2510000000e+00,6.5302128118e+00,9.9999839344e-01,5.4793880970e-06
8.2520000000e+00,6.5312128102e+00,9.9999839891e-01,5.4615251223e-06
8.2530000000e+00,6.5322128086e+00,9.9999840436e-01,5.4437176597e-06
8.2540000000e+00,6.5332128070e+00,9.9999840980e-01,5.4259655458e-06
8.2550000000e+00,6.5342128054e+00,9.9999841521e-01,5.4082686179e-06
8.2560000000e+00,6.5352128038e+00,9.9999842061e-01,5.3906267137e-06
8.2570000000e+00,6.5362128022e+00,9.9999842600e-01,5.3730396713e-06
8.2580000000e+00,6.5372128007e+00,9.9999843136e-01,5.3555073293e-06
8.2590000000e+00,6.5382127991e+00,9.9999843671e-01,5.3380295266e-06
8.2600000000e+00,6.5392127975e+00,9.9999844204e-01,5.3206061029e-06
8.2610000000e+00,6.5402127960e+00,9.9999844735e-01,5.3032368978e-06
8.2620000000e+00,6.5412127944e+00,9.9999845264e-01,5.2859217519e-06
8.2630000000e+00,6.5422127929e+00,9.9999845792e-01,5.2686605058e-06
8.2640000000e+00,6.5432127913e+00,9.9999846318e-01,5.2514530009e-06
8.2650000000e+00,6.5442127898e+00,9.9999846842e-01,5.2342990787e-06
8.2660000000e+00,6.5452127883e+00,9.9999847365e-01,5.2171985813e-06
8.2670000000e+00,6.5462127868e+00,9.9999847886e-01,5.2001513514e-06
8.2680000000e+00,6.5472127852e+00,9.9999848405e-01,5.1831572318e-06
8.2690000000e+00,6.5482127837e+00,9.9999848922e-01,5.1662160660e-06
8.2700000000e+00,6.5492127822e+00,9.9999849438e-01,5.1493276977e-06
8.2710000000e+00,6.5502127807e+00,9.9999849952e-01,5.1324919714e-06
8.2720000000e+00,6.5512127792e+00,9.9999850465e-01,5.1157087315e-06
8.2730000000e+00,6.5522127777e+00,9.9999850975e-01,5.0989778234e-06
8.2740000000e+00,6.5532127762e+00,9.9999851484e-01,5.0822990925e-06
8.2750000000e+00,6.5542127748e+00,9.9999851992e-01,5.0656723848e-06
8.2760000000e+00,6.5552127733e+00,9.9999852497e-01,5.0490975467e-06
8.2770000000e+00,6.5562127718e+00,9.9999853002e-01,5.0325744251e-06
8.2780000000e+00,6.5572127703e+00,9.9999853504e-01,5.0161028671e-06
8.2790000000e+00,6.5582127689e+00,9.9999854005e-01,4.9996827206e-06
8.2800000000e+00,6.5592127674e+00,9.9999854504e-01,4.9833138335e-06
8.2810000000e+00,6.5602127660e+00,9.9999855001e-01,4.9669960544e-06
8.2820000000e+00,6.5612127645e+00,9.9999855497e-01,4.9507292323e-06
8.2830000000e+00,6.5622127631e+00,9.9999855992e-01,4.9345132165e-06
8.2840000000e+00,6.5632127616e+00,9.9999856484e-01,4.9183478567e-06
8.2850000000e+00,6.5642127602e+00,9.9999856975e-01,4.9022330032e-06
8.2860000000e+00,6.5652127588e+00,9.9999857465e-01,4.8861685065e-06
8.2870000000e+00,6.5662127574e+00,9.9999857953e-01,4.8701542178e-06
8.2880000000e+00,6.5672127559e+00,9.9999858439e-01,4.8541899883e-06
8.2890000000e+00,6.5682127545e+00,9.9999858923e-01,4.8382756700e-06
8.2900000000e+00,6.5692127531e+00,9.9999859406e-01,4.8224111152e-06
8.2910000000e+00,6.5702127517e+00,9.9999859888e-01,4.8065961764e-06
8.2920000000e+00,6.5712127503e+00,9.9999860368e-01,4.7908307068e-06
8.2930000000e+00,6.5722127489e+00,9.9999860846e-01,4.7751145598e-06
8.2940000000e+00,6.5732127475e+00,9.9999861323e-01,4.7594475893e-06
8.2950000000e+00,6.5742127461e+00,9.9999861798e-01,4.7438296497e-06
8.2960000000e+00,6.5752127448e+00,9.9999862272e-01,4.7282605956e-06
8.2970000000e+00,6.5762127434e+00,9.9999862744e-01,4.7127402822e-06
8.2980000000e+00,6.5772127420e+00,9.9999863214e-01,4.6972685648e-06
8.2990000000e+00,6.5782127407e+00,9.9999863683e-01,4.6818452995e-06
8.3000000000e+00,6.5792127393e+00,9.9999864150e-01,4.6664703426e-06
8.3010000000e+00,6.5802127379e+00,9.9999864616e-01,4.6511435507e-06
8.3020000000e+00,6.5812127366e+00,9.9999865081e-01,4.6358647810e-06
8.3030000000e+00,6.5822127352e+00,9.9999865543e-01,4.6206338909e-06
8.3040000000e+00,6.5832127339e+00,9.9999866005e-01,4.6054507385e-06
8.3050000000e+00,6.5842127326e+00,9.9999866465e-01,4.5903151818e-06
8.3060000000e+00,6.5852127312e+00,9.9999866923e-01,4.5752270797e-06
8.3070000000e+00,6.5862127299e+00,9.9999867380e-01,4.5601862913e-06
8.3080000000e+00,6.5872127286e+00,9.9999867835e-01,4.5451926760e-06
8.3090000000e+00,6.5882127273e+00,9.9999868289e-01,4.5302460936e-06
8.3100000000e+00,6.5892127259e+00,9.9999868741e-01,4.5153464045e-06
8.3110000000e+00,6.5902127246e+00,9.9999869192e-01,4.5004934692e-06
8.3120000000e+00,6.5912127233e+00,9.9999869641e-01,4.4856871489e-06
8.3130000000e+00,6.5922127220e+00,9.9999870089e-01,4.4709273049e-06
8.3140000000e+00,6.5932127207e+00,9.9999870535e-01,4.4562137990e-06
8.3150000000e+00,6.5942127194e+00,9.9999870980e-01,4.4415464935e-06
8.3160000000e+00,6.5952127181e+00,9.9999871424e-01,4.4269252509e-06
8.3170000000e+00,6.5962127169e+00,9.9999871865e-01,4.4123499342e-06
8.3180000000e+00,6.5972127156e+00,9.9999872306e-01,4.3978204067e-06
8.3190000000e+00,6.5982127143e+00,9.9999872745e-01,4.3833365321e-06
8.3200000000e+00,6.5992127130e+00,9.9999873183e-01,4.3688981746e-06
8.3210000000e+00,6.6002127118e+00,9.9999873619e-01,4.3545051986e-06
8.3220000000e+00,6.6012127105e+00,9.9999874054e-01,4.3401574691e-06
8.3230000000e+00,6.6022127093e+00,9.9999874487e-01,4.3258548511e-06
8.3240000000e+00,6.6032127080e+00,9.9999874919e-01,4.3115972105e-06
8.3250000000e+00,6.6042127068e+00,9.9999875349e-01,4.2973844130e-06
8.3260000000e+00,6.6052127055e+00,9.9999875778e-01,4.2832163252e-06
8.3270000000e+00,6.6062127043e+00,9.9999876206e-01,4.2690928138e-06
8.3280000000e+00,6.6072127030e+00,9.9999876632e-01,4.2550137458e-06
8.3290000000e+00,6.6082127018e+00,9.9999877057e-01,4.2409789888e-06
8.3300000000e+00,6.6092127006e+00,9.9999877480e-01,4.2269884106e-06
8.3310000000e+00,6.6102126994e+00,9.9999877902e-01,4.2130418794e-06
8.3320000000e+00,6.6112126981e+00,9.9999878323e-01,4.1991392639e-06
8.3330000000e+00,6.6122126969e+00,9.9999878742e-01,4.1852804330e-06
8.3340000000e+00,6.6132126957e+00,9.9999879160e-01,4.1714652560e-06
8.3350000000e+00,6.6142126945e+00,9.9999879576e-01,4.1576936026e-06
8.3360000000e+00,6.6152126933e+00,9.9999879991e-01,4.1439653430e-06
8.3370000000e+00,6.6162126921e+00,9.9999880405e-01,4.1302803474e-06
8.3380000000e+00,6.6172126909e+00,9.9999880818e-01,4.1166384867e-06
8.3390000000e+00,6.6182126897e+00,9.9999881228e-01,4.1030396320e-06
8.3400000000e+00,6.6192126885e+00,9.9999881638e-01,4.0894836550e-06
8.3410000000e+00,6.6202126873e+00,9.9999882046e-01,4.0759704273e-06
8.3420000000e+00,6.6212126862e+00,9.9999882453e-01,4.0624998213e-06
8.3430000000e+00,6.6222126850e+00,9.9999882859e-01,4.0490717095e-06
8.3440000000e+00,6.6232126838e+00,9.9999883263e-01,4.0356859650e-06
8.3450000000e+00,6.6242126827e+00,9.9999883666e-01,4.0223424609e-06
8.3460000000e+00,6.6252126815e+00,9.9999884068e-01,4.0090410710e-06
8.3470000000e+00,6.6262126803e+00,9.9999884468e-01,3.9957816692e-06
8.3480000000e+00,6.6272126792e+00,9.9999884867e-01,3.9825641300e-06
8.3490000000e+00,6.6282126780e+00,9.9999885264e-01,3.9693883280e-06
8.3500000000e+00,6.6292126769e+00,9.9999885661e-01,3.9562541384e-06
8.3510000000e+00,6.6302126758e+00,9.9999886056e-01,3.9431614365e-06
8.3520000000e+00,6.6312126746e+00,9.9999886449e-01,3.9301100981e-06
8.3530000000e+00,6.6322126735e+00,9.9999886842e-01,3.9170999993e-06
8.3540000000e+00,6.6332126724e+00,9.9999887233e-01,3.9041310167e-06
8.3550000000e+00,6.6342126712e+00,9.9999887622e-01,3.8912030270e-06
8.3560000000e+00,6.6352126701e+00,9.9999888011e-01,3.8783159074e-06
8.3570000000e+00,6.6362126690e+00,9.9999888398e-01,3.8654695354e-06
8.3580000000e+00,6.6372126679e+00,9.9999888784e-01,3.8526637888e-06
8.3590000000e+00,6.6382126668e+00,9.9999889169e-01,3.8398985459e-06
8.3600000000e+00,6.6392126657e+00,9.9999889552e-01,3.8271736852e-06
8.3610000000e+00,6.6402126646e+00,9.9999889934e-01,3.8144890856e-06
8.3620000000e+00,6.6412126635e+00,9.9999890315e-01,3.8018446263e-06
8.3630000000e+00,6.6422126624e+00,9.9999890694e-01,3.7892401868e-06
8.3640000000e+00,6.6432126613e+00,9.9999891073e-01,3.7766756472e-06
8.3650000000e+00,6.6442126602e+00,9.9999891450e-01,3.7641508875e-06
8.3660000000e+00,6.6452126591e+00,9.9999891826e-01,3.7516657884e-06
8.3670000000e+00,6.6462126580e+00,9.9999892200e-01,3.7392202309e-06
8.3680000000e+00,6.6472126569e+00,9.9999892573e-01,3.7268140961e-06
8.3690000000e+00,6.6482126559e+00,9.9999892945e-01,3.7144472656e-06
8.3700000000e+00,6.6492126548e+00,9.9999893316e-01,3.7021196214e-06
8.3710000000e+00,6.6502126537e+00,9.9999893686e-01,3.6898310458e-06
8.3720000000e+00,6.6512126527e+00,9.9999894054e-01,3.6775814212e-06
8.3730000000e+00,6.6522126516e+00,9.9999894421e-01,3.6653706307e-06
8.3740000000e+00,6.6532126506e+00,9.9999894787e-01,3.6531985575e-06
8.3750000000e+00,6.6542126495e+00,9.9999895152e-01,3.6410650851e-06
8.3760000000e+00,6.6552126485e+00,9.9999895516e-01,3.6289700975e-06
8.3770000000e+00,6.6562126474e+00,9.9999895878e-01,3.6169134789e-06
8.3780000000e+00,6.6572126464e+00,9.9999896239e-01,3.6048951138e-06
8.3790000000e+00,6.6582126453e+00,9.9999896599e-01,3.5929148872e-06
8.3800000000e+00,6.6592126443e+00,9.9999896958e-01,3.5809726843e-06
8.3810000000e+00,6.6602126433e+00,9.9999897315e-01,3.5690683906e-06
8.3820000000e+00,6.6612126423e+00,9.9999897671e-01,3.5572018919e-06
8.3830000000e+00,6.6622126412e+00,9.9999898026e-01,3.5453730745e-06
8.3840000000e+00,6.6632126402e+00,9.9999898380e-01,3.5335818248e-06
8.3850000000e+00,6.6642126392e+00,9.9999898733e-01,3.5218280297e-06
8.3860000000e+00,6.6652126382e+00,9.9999899085e-01,3.5101115764e-06
8.3870000000e+00,6.6662126372e+00,9.9999899435e-01,3.4984323522e-06
8.3880000000e+00,6.6672126362e+00,9.9999899784e-01,3.4867902451e-06
8.3890000000e+00,6.6682126352e+00,9.9999900133e-01,3.4751851430e-06
8.3900000000e+00,6.6692126342e+00,9.9999900480e-01,3.4636169344e-06
8.3910000000e+00,6.6702126332e+00,9.9999900825e-01,3.4520855081e-06
8.3920000000e+00,6.6712126322e+00,9.9999901170e-01,3.4405907531e-06
8.3930000000e+00,6.6722126312e+00,9.9999901513e-01,3.4291325588e-06
8.3940000000e+00,6.6732126302e+00,9.9999901856e-01,3.4177108148e-06
8.3950000000e+00,6.6742126293e+00,9.9999902197e-01,3.4063254112e-06
8.3960000000e+00,6.6752126283e+00,9.9999902537e-01,3.3949762383e-06
8.3970000000e+00,6.6762126273e+00,9.9999902876e-01,3.3836631866e-06
8.3980000000e+00,6.6772126263e+00,9.9999903214e-01,3.3723861471e-06
8.3990000000e+00,6.6782126254e+00,9.9999903550e-01,3.3611450110e-06
8.4000000000e+00,6.6792126244e+00,9.9999903886e-01,3.3499396699e-06
8.4010000000e+00,6.6802126234e+00,9.9999904220e-01,3.3387700157e-06
8.4020000000e+00,6.6812126225e+00,9.9999904554e-01,3.3276359404e-06
8.4030000000e+00,6.6822126215e+00,9.9999904886e-01,3.3165373366e-06
8.4040000000e+00,6.6832126206e+00,9.9999905217e-01,3.3054740971e-06
8.4050000000e+00,6.6842126196e+00,9.9999905547e-01,3.2944461148e-06
8.4060000000e+00,6.6852126187e+00,9.9999905876e-01,3.2834532833e-06
8.4070000000e+00,6.6862126178e+00,9.9999906204e-01,3.2724954961e-06
8.4080000000e+00,6.6872126168e+00,9.9999906530e-01,3.2615726473e-06
8.4090000000e+00,6.6882126159e+00,9.9999906856e-01,3.2506846312e-06
8.4100000000e+00,6.6892126150e+00,9.9999907181e-01,3.2398313423e-06
8.4110000000e+00,6.6902126140e+00,9.9999907504e-01,3.2290126755e-06
8.4120000000e+00,6.6912126131e+00,9.9999907826e-01,3.2182285260e-06
8.4130000000e+00,6.6922126122e+00,9.9999908148e-01,3.2074787894e-06
8.4140000000e+00,6.6932126113e+00,9.9999908468e-01,3.1967633614e-06
8.4150000000e+00,6.6942126104e+00,9.9999908787e-01,3.1860821380e-06
8.4160000000e+00,6.6952126095e+00,9.9999909105e-01,3.1754350156e-06
8.4170000000e+00,6.6962126085e+00,9.9999909422e-01,3.1648218910e-06
8.4180000000e+00,6.6972126076e+00,9.9999909738e-01,3.1542426611e-06
8.4190000000e+00,6.6982126067e+00,9.9999910053e-01,3.1436972231e-06
8.4200000000e+00,6.6992126058e+00,9.9999910367e-01,3.1331854746e-06
8.4210000000e+00,6.7002126049e+00,9.9999910680e-01,3.1227073135e-06
8.4220000000e+00,6.7012126041e+00,9.9999910991e-01,3.1122626378e-06
8.4230000000e+00,6.7022126032e+00,9.9999911302e-01,3.1018513460e-06
8.4240000000e+00,6.7032126023e+00,9.9999911612e-01,3.0914733369e-06
8.4250000000e+00,6.7042126014e+00,9.9999911920e-01,3.0811285094e-06
8.4260000000e+00,6.7052126005e+00,9.9999912228e-01,3.0708167628e-06
8.4270000000e+00,6.7062125996e+00,9.9999912535e-01,3.0605379967e-06
8.4280000000e+00,6.7072125988e+00,9.9999912840e-01,3.0502921110e-06
8.4290000000e+00,6.7082125979e+00,9.9999913145e-01,3.0400790058e-06
8.4300000000e+00,6.7092125970e+00,9.9999913448e-01,3.0298985816e-06
8.4310000000e+00,6.7102125962e+00,9.9999913751e-01,3.0197507390e-06
8.4320000000e+00,6.7112125953e+00,9.9999914052e-01,3.0096353792e-06
8.4330000000e+00,6.7122125945e+00,9.9999914353e-01,2.9995524033e-06
8.4340000000e+00,6.7132125936e+00,9.9999914652e-01,2.9895017130e-06
8.4350000000e+00,6.7142125927e+00,9.9999914950e-01,2.9794832101e-06
8.4360000000e+00,6.7152125919e+00,9.9999915248e-01,2.9694967967e-06
8.4370000000e+00,6.7162125910e+00,9.9999915544e-01,2.9595423753e-06
8.4380000000e+00,6.7172125902e+00,9.9999915840e-01,2.9496198486e-06
8.4390000000e+00,6.7182125894e+00,9.9999916134e-01,2.9397291195e-06
8.4400000000e+00,6.7192125885e+00,9.9999916428e-01,2.9298700912e-06
8.4410000000e+00,6.7202125877e+00,9.9999916720e-01,2.9200426673e-06
8.4420000000e+00,6.7212125869e+00,9.9999917012e-01,2.9102467517e-06
8.4430000000e+00,6.7222125860e+00,9.9999917302e-01,2.9004822483e-06
8.4440000000e+00,6.7232125852e+00,9.9999917592e-01,2.8907490616e-06
8.4450000000e+00,6.7242125844e+00,9.9999917880e-01,2.8810470961e-06
8.4460000000e+00,6.7252125836e+00,9.9999918168e-01,2.8713762568e-06
8.4470000000e+00,6.7262125827e+00,9.9999918455e-01,2.8617364488e-06
8.4480000000e+00,6.7272125819e+00,9.9999918740e-01,2.8521275776e-06
8.4490000000e+00,6.7282125811e+00,9.9999919025e-01,2.8425495489e-06
8.4500000000e+00,6.7292125803e+00,9.9999919309e-01,2.8330022687e-06
8.4510000000e+00,6.7302125795e+00,9.9999919592e-01,2.8234856432e-06
8.4520000000e+00,6.7312125787e+00,9.9999919874e-01,2.8139995790e-06
8.4530000000e+00,6.7322125779e+00,9.9999920155e-01,2.8045439828e-06
8.4540000000e+00,6.7332125771e+00,9.9999920434e-01,2.7951187618e-06
8.4550000000e+00,6.7342125763e+00,9.9999920714e-01,2.7857238232e-06
8.4560000000e+00,6.7352125755e+00,9.9999920992e-01,2.7763590746e-06
8.4570000000e+00,6.7362125747e+00,9.9999921269e-01,2.7670244239e-06
8.4580000000e+00,6.7372125740e+00,9.9999921545e-01,2.7577197793e-06
8.4590000000e+00,6.7382125732e+00,9.9999921820e-01,2.7484450491e-06
8.4600000000e+00,6.7392125724e+00,9.9999922095e-01,2.7392001419e-06
8.4610000000e+00,6.7402125716e+00,9.9999922368e-01,2.7299849667e-06
8.4620000000e+00,6.7412125708e+00,9.9999922641e-01,2.7207994327e-06
8.4630000000e+00,6.7422125701e+00,9.9999922912e-01,2.7116434492e-06
8.4640000000e+00,6.7432125693e+00,9.9999923183e-01,2.7025169261e-06
8.4650000000e+00,6.7442125685e+00,9.9999923453e-01,2.6934197732e-06
8.4660000000e+00,6.7452125678e+00,9.9999923722e-01,2.6843519007e-06
8.4670000000e+00,6.7462125670e+00,9.9999923990e-01,2.6753132192e-06
8.4680000000e+00,6.7472125662e+00,9.9999924257e-01,2.6663036393e-06
8.4690000000e+00,6.7482125655e+00,9.9999924523e-01,2.6573230721e-06
8.4700000000e+00,6.7492125647e+00,9.9999924788e-01,2.6483714288e-06
8.4710000000e+00,6.7502125640e+00,9.9999925053e-01,2.6394486209e-06
8.4720000000e+00,6.7512125632e+00,9.9999925316e-01,2.6305545602e-06
8.4730000000e+00,6.7522125625e+00,9.9999925579e-01,2.6216891587e-06
8.4740000000e+00,6.7532125617e+00,9.9999925841e-01,2.6128523285e-06
8.4750000000e+00,6.7542125610e+00,9.9999926101e-01,2.6040439824e-06
8.4760000000e+00,6.7552125603e+00,9.9999926361e-01,2.5952640329e-06
8.4770000000e+00,6.7562125595e+00,9.9999926620e-01,2.5865123932e-06
8.4780000000e+00,6.7572125588e+00,9.9999926879e-01,2.5777889766e-06
8.4790000000e+00,6.7582125581e+00,9.9999927136e-01,2.5690936964e-06
8.4800000000e+00,6.7592125573e+00,9.9999927392e-01,2.5604264666e-06
8.4810000000e+00,6.7602125566e+00,9.9999927648e-01,2.5517872011e-06
8.4820000000e+00,6.7612125559e+00,9.9999927903e-01,2.5431758142e-06
8.4830000000e+00,6.7622125552e+00,9.9999928157e-01,2.5345922204e-06
8.4840000000e+00,6.7632125545e+00,9.9999928410e-01,2.5260363344e-06
8.4850000000e+00,6.7642125537e+00,9.9999928662e-01,2.5175080714e-06
8.4860000000e+00,6.7652125530e+00,9.9999928913e-01,2.5090073465e-06
8.4870000000e+00,6.7662125523e+00,9.9999929164e-01,2.5005340753e-06
8.4880000000e+00,6.7672125516e+00,9.9999929413e-01,2.4920881734e-06
8.4890000000e+00,6.7682125509e+00,9.9999929662e-01,2.4836695570e-06
8.4900000000e+00,6.7692125502e+00,9.9999929910e-01,2.4752781421e-06
8.4910000000e+00,6.7702125495e+00,9.9999930157e-01,2.4669138453e-06
8.4920000000e+00,6.7712125488e+00,9.9999930403e-01,2.4585765833e-06
8.4930000000e+00,6.7722125481e+00,9.9999930649e-01,2.4502662730e-06
8.4940000000e+00,6.7732125474e+00,9.9999930894e-01,2.4419828317e-06
8.4950000000e+00,6.7742125467e+00,9.9999931137e-01,2.4337261768e-06
8.4960000000e+00,6.7752125460e+00,9.9999931380e-01,2.4254962259e-06
8.4970000000e+00,6.7762125454e+00,9.9999931622e-01,2.4172928970e-06
8.4980000000e+00,6.7772125447e+00,9.9999931864e-01,2.4091161082e-06
8.4990000000e+00,6.7782125440e+00,9.9999932104e-01,2.4009657780e-06
8.5000000000e+00,6.7792125433e+00,9.9999932344e-01,2.3928418248e-06
8.5010000000e+00,6.7802125426e+00,9.9999932583e-01,2.3847441676e-06
8.5020000000e+00,6.7812125420e+00,9.9999932821e-01,2.3766727256e-06
8.5030000000e+00,6.7822125413e+00,9.9999933058e-01,2.3686274179e-06
8.5040000000e+00,6.7832125406e+00,9.9999933295e-01,2.3606081642e-06
8.5050000000e+00,6.7842125400e+00,9.9999933530e-01,2.3526148843e-06
8.5060000000e+00,6.7852125393e+00,9.9999933765e-01,2.3446474982e-06
8.5070000000e+00,6.7862125386e+00,9.9999933999e-01,2.3367059261e-06
8.5080000000e+00,6.7872125380e+00,9.9999934232e-01,2.3287900887e-06
8.5090000000e+00,6.7882125373e+00,9.9999934465e-01,2.3208999065e-06
8.5100000000e+00,6.7892125367e+00,9.9999934697e-01,2.3130353005e-06
8.5110000000e+00,6.7902125360e+00,9.9999934928e-01,2.3051961920e-06
8.5120000000e+00,6.7912125354e+00,9.9999935158e-01,2.2973825023e-06
8.5130000000e+00,6.7922125347e+00,9.9999935387e-01,2.2895941530e-06
8.5140000000e+00,6.7932125341e+00,9.9999935616e-01,2.2818310662e-06
8.5150000000e+00,6.7942125334e+00,9.9999935843e-01,2.2740931637e-06
8.5160000000e+00,6.7952125328e+00,9.9999936070e-01,2.2663803680e-06
8.5170000000e+00,6.7962125322e+00,9.9999936297e-01,2.2586926017e-06
8.5180000000e+00,6.7972125315e+00,9.9999936522e-01,2.2510297874e-06
8.5190000000e+00,6.7982125309e+00,9.9999936747e-01,2.2433918481e-06
8.5200000000e+00,6.7992125303e+00,9.9999936971e-01,2.2357787072e-06
8.5210000000e+00,6.8002125296e+00,9.9999937194e-01,2.2281902881e-06
8.5220000000e+00,6.8012125290e+00,9.9999937416e-01,2.2206265143e-06
8.5230000000e+00,6.8022125284e+00,9.9999937638e-01,2.2130873099e-06
8.5240000000e+00,6.8032125278e+00,9.9999937859e-01,2.2055725988e-06
8.5250000000e+00,6.8042125271e+00,9.9999938079e-01,2.1980823055e-06
8.5260000000e+00,6.8052125265e+00,9.9999938299e-01,2.1906163546e-06
8.5270000000e+00,6.8062125259e+00,9.9999938517e-01,2.1831746706e-06
8.5280000000e+00,6.8072125253e+00,9.9999938735e-01,2.1757571788e-06
8.5290000000e+00,6.8082125247e+00,9.9999938953e-01,2.1683638042e-06
8.5300000000e+00,6.8092125241e+00,9.9999939169e-01,2.1609944724e-06
8.5310000000e+00,6.8102125235e+00,9.9999939385e-01,2.1536491089e-06
8.5320000000e+00,6.8112125229e+00,9.9999939600e-01,2.1463276396e-06
8.5330000000e+00,6.8122125222e+00,9.9999939814e-01,2.1390299906e-06
8.5340000000e+00,6.8132125216e+00,9.9999940028e-01,2.1317560881e-06
8.5350000000e+00,6.8142125211e+00,9.9999940240e-01,2.1245058588e-06
8.5360000000e+00,6.8152125205e+00,9.9999940452e-01,2.1172792293e-06
8.5370000000e+00,6.8162125199e+00,9.9999940664e-01,2.1100761266e-06
8.5380000000e+00,6.8172125193e+00,9.9999940874e-01,2.1028964778e-06
8.5390000000e+00,6.8182125187e+00,9.9999941084e-01,2.0957402102e-06
8.5400000000e+00,6.8192125181e+00,9.9999941294e-01,2.0886072515e-06
8.5410000000e+00,6.8202125175e+00,9.9999941502e-01,2.0814975295e-06
8.5420000000e+00,6.8212125169e+00,9.9999941710e-01,2.0744109720e-06
8.5430000000e+00,6.8222125163e+00,9.9999941917e-01,2.0673475075e-06
8.5440000000e+00,6.8232125158e+00,9.9999942123e-01,2.0603070642e-06
8.5450000000e+00,6.8242125152e+00,9.9999942329e-01,2.0532895708e-06
8.5460000000e+00,6.8252125146e+00,9.9999942534e-01,2.0462949561e-06
8.5470000000e+00,6.8262125140e+00,9.9999942738e-01,2.0393231492e-06
8.5480000000e+00,6.8272125135e+00,9.9999942942e-01,2.0323740794e-06
8.5490000000e+00,6.8282125129e+00,9.9999943145e-01,2.0254476760e-06
8.5500000000e+00,6.8292125123e+00,9.9999943347e-01,2.0185438688e-06
8.5510000000e+00,6.8302125118e+00,9.9999943549e-01,2.0116625876e-06
8.5520000000e+00,6.8312125112e+00,9.9999943749e-01,2.0048037625e-06
8.5530000000e+00,6.8322125106e+00,9.9999943949e-01,1.9979673239e-06
8.5540000000e+00,6.8332125101e+00,9.9999944149e-01,1.9911532021e-06
8.5550000000e+00,6.8342125095e+00,9.9999944348e-01,1.9843613278e-06
8.5560000000e+00,6.8352125090e+00,9.9999944546e-01,1.9775916320e-06
8.5570000000e+00,6.8362125084e+00,9.9999944743e-01,1.9708440458e-06
8.5580000000e+00,6.8372125079e+00,9.9999944940e-01,1.9641185005e-06
8.5590000000e+00,6.8382125073e+00,9.9999945136e-01,1.9574149274e-06
8.5600000000e+00,6.8392125068e+00,9.9999945331e-01,1.9507332585e-06
8.5610000000e+00,6.8402125062e+00,9.9999945526e-01,1.9440734255e-06
8.5620000000e+00,6.8412125057e+00,9.9999945720e-01,1.9374353605e-06
8.5630000000e+00,6.8422125051e+00,9.9999945914e-01,1.9308189959e-06
8.5640000000e+00,6.8432125046e+00,9.9999946106e-01,1.9242242642e-06
8.5650000000e+00,6.8442125040e+00,9.9999946299e-01,1.9176510980e-06
8.5660000000e+00,6.8452125035e+00,9.9999946490e-01,1.9110994302e-06
8.5670000000e+00,6.8462125030e+00,9.9999946681e-01,1.9045691940e-06
8.5680000000e+00,6.8472125024e+00,9.9999946871e-01,1.8980603226e-06
8.5690000000e+00,6.8482125019e+00,9.9999947060e-01,1.8915727495e-06
8.5700000000e+00,6.8492125014e+00,9.9999947249e-01,1.8851064084e-06
8.5710000000e+00,6.8502125009e+00,9.9999947437e-01,1.8786612331e-06
8.5720000000e+00,6.8512125003e+00,9.9999947625e-01,1.8722371578e-06
8.5730000000e+00,6.8522124998e+00,9.9999947812e-01,1.8658341166e-06
8.5740000000e+00,6.8532124993e+00,9.9999947998e-01,1.8594520441e-06
8.5750000000e+00,6.8542124988e+00,9.9999948184e-01,1.8530908749e-06
8.5760000000e+00,6.8552124983e+00,9.9999948369e-01,1.8467505438e-06
8.5770000000e+00,6.8562124977e+00,9.9999948553e-01,1.8404309858e-06
8.5780000000e+00,6.8572124972e+00,9.9999948737e-01,1.8341321363e-06
8.5790000000e+00,6.8582124967e+00,9.9999948920e-01,1.8278539305e-06
8.5800000000e+00,6.8592124962e+00,9.9999949102e-01,1.8215963042e-06
8.5810000000e+00,6.8602124957e+00,9.9999949284e-01,1.8153591930e-06
8.5820000000e+00,6.8612124952e+00,9.9999949465e-01,1.8091425330e-06
8.5830000000e+00,6.8622124947e+00,9.9999949646e-01,1.8029462604e-06
8.5840000000e+00,6.8632124942e+00,9.9999949826e-01,1.7967703115e-06
8.5850000000e+00,6.8642124937e+00,9.9999950005e-01,1.7906146228e-06
8.5860000000e+00,6.8652124932e+00,9.9999950184e-01,1.7844791312e-06
8.5870000000e+00,6.8662124927e+00,9.9999950362e-01,1.7783637734e-06
8.5880000000e+00,6.8672124922e+00,9.9999950540e-01,1.7722684867e-06
8.5890000000e+00,6.8682124917e+00,9.9999950717e-01,1.7661932083e-06
8.5900000000e+00,6.8692124912e+00,9.9999950893e-01,1.7601378756e-06
8.5910000000e+00,6.8702124907e+00,9.9999951069e-01,1.7541024264e-06
8.5920000000e+00,6.8712124902e+00,9.9999951244e-01,1.7480867985e-06
8.5930000000e+00,6.8722124897e+00,9.9999951418e-01,1.7420909300e-06
8.5940000000e+00,6.8732124893e+00,9.9999951592e-01,1.7361147589e-06
8.5950000000e+00,6.8742124888e+00,9.9999951766e-01,1.7301582238e-06
8.5960000000e+00,6.8752124883e+00,9.9999951938e-01,1.7242212632e-06
8.5970000000e+00,6.8762124878e+00,9.9999952110e-01,1.7183038159e-06
8.5980000000e+00,6.8772124873e+00,9.9999952282e-01,1.7124058207e-06
8.5990000000e+00,6.8782124869e+00,9.9999952453e-01,1.7065272169e-06
8.6000000000e+00,6.8792124864e+00,9.9999952623e-01,1.7006679437e-06
8.6010000000e+00,6.8802124859e+00,9.9999952793e-01,1.6948279406e-06
8.6020000000e+00,6.8812124854e+00,9.9999952962e-01,1.6890071473e-06
8.6030000000e+00,6.8822124850e+00,9.9999953131e-01,1.6832055035e-06
8.6040000000e+00,6.8832124845e+00,9.9999953299e-01,1.6774229494e-06
8.6050000000e+00,6.8842124840e+00,9.9999953466e-01,1.6716594250e-06
8.6060000000e+00,6.8852124836e+00,9.9999953633e-01,1.6659148708e-06
8.6070000000e+00,6.8862124831e+00,9.9999953800e-01,1.6601892274e-06
8.6080000000e+00,6.8872124826e+00,9.9999953965e-01,1.6544824353e-06
8.6090000000e+00,6.8882124822e+00,9.9999954130e-01,1.6487944356e-06
8.6100000000e+00,6.8892124817e+00,9.9999954295e-01,1.6431251693e-06
8.6110000000e+00,6.8902124813e+00,9.9999954459e-01,1.6374745776e-06
8.6120000000e+00,6.8912124808e+00,9.9999954623e-01,1.6318426020e-06
8.6130000000e+00,6.8922124804e+00,9.9999954785e-01,1.6262291841e-06
8.6140000000e+00,6.8932124799e+00,9.9999954948e-01,1.6206342656e-06
8.6150000000e+00,6.8942124795e+00,9.9999955110e-01,1.6150577884e-06
8.6160000000e+00,6.8952124790e+00,9.9999955271e-01,1.6094996947e-06
8.6170000000e+00,6.8962124786e+00,9.9999955431e-01,1.6039599268e-06
8.6180000000e+00,6.8972124781e+00,9.9999955592e-01,1.5984384271e-06
8.6190000000e+00,6.8982124777e+00,9.9999955751e-01,1.5929351383e-06
8.6200000000e+00,6.8992124772e+00,9.9999955910e-01,1.5874500030e-06
8.6210000000e+00,6.9002124768e+00,9.9999956069e-01,1.5819829644e-06
8.6220000000e+00,6.9012124764e+00,9.9999956227e-01,1.5765339655e-06
8.6230000000e+00,6.9022124759e+00,9.9999956384e-01,1.5711029497e-06
8.6240000000e+00,6.9032124755e+00,9.9999956541e-01,1.5656898603e-06
8.6250000000e+00,6.9042124751e+00,9.9999956697e-01,1.5602946411e-06
8.6260000000e+00,6.9052124746e+00,9.9999956853e-01,1.5549172359e-06
8.6270000000e+00,6.9062124742e+00,9.9999957008e-01,1.5495575886e-06
8.6280000000e+00,6.9072124738e+00,9.9999957163e-01,1.5442156434e-06
8.6290000000e+00,6.9082124733e+00,9.9999957317e-01,1.5388913445e-06
8.6300000000e+00,6.9092124729e+00,9.9999957471e-01,1.5335846365e-06
8.6310000000e+00,6.9102124725e+00,9.9999957624e-01,1.5282954640e-06
8.6320000000e+00,6.9112124721e+00,9.9999957776e-01,1.5230237718e-06
8.6330000000e+00,6.9122124716e+00,9.9999957928e-01,1.5177695048e-06
8.6340000000e+00,6.9132124712e+00,9.9999958080e-01,1.5125326082e-06
8.6350000000e+00,6.9142124708e+00,9.9999958231e-01,1.5073130273e-06
8.6360000000e+00,6.9152124704e+00,9.9999958381e-01,1.5021107075e-06
8.6370000000e+00,6.9162124700e+00,9.9999958531e-01,1.4969255945e-06
8.6380000000e+00,6.9172124696e+00,9.9999958681e-01,1.4917576340e-06
8.6390000000e+00,6.9182124691e+00,9.9999958830e-01,1.4866067720e-06
8.6400000000e+00,6.9192124687e+00,9.9999958978e-01,1.4814729545e-06
8.6410000000e+00,6.9202124683e+00,9.9999959126e-01,1.4763561280e-06
8.6420000000e+00,6.9212124679e+00,9.9999959273e-01,1.4712562386e-06
8.6430000000e+00,6.9222124675e+00,9.9999959420e-01,1.4661732332e-06
8.6440000000e+00,6.9232124671e+00,9.9999959566e-01,1.4611070583e-06
8.6450000000e+00,6.9242124667e+00,9.9999959712e-01,1.4560576609e-06
8.6460000000e+00,6.9252124663e+00,9.9999959858e-01,1.4510249880e-06
8.6470000000e+00,6.9262124659e+00,9.9999960003e-01,1.4460089870e-06
8.6480000000e+00,6.9272124655e+00,9.9999960147e-01,1.4410096051e-06
8.6490000000e+00,6.9282124651e+00,9.9999960291e-01,1.4360267898e-06
8.6500000000e+00,6.9292124647e+00,9.9999960434e-01,1.4310604889e-06
8.6510000000e+00,6.9302124643e+00,9.9999960577e-01,1.4261106503e-06
8.6520000000e+00,6.9312124639e+00,9.9999960719e-01,1.4211772218e-06
8.6530000000e+00,6.9322124635e+00,9.9999960861e-01,1.4162601517e-06
8.6540000000e+00,6.9332124631e+00,9.9999961003e-01,1.4113593884e-06
8.6550000000e+00,6.9342124627e+00,9.9999961143e-01,1.4064748801e-06
8.6560000000e+00,6.9352124624e+00,9.9999961284e-01,1.4016065756e-06
8.6570000000e+00,6.9362124620e+00,9.9999961424e-01,1.3967544237e-06
8.6580000000e+00,6.9372124616e+00,9.9999961563e-01,1.3919183732e-06
8.6590000000e+00,6.9382124612e+00,9.9999961702e-01,1.3870983732e-06
8.6600000000e+00,6.9392124608e+00,9.9999961841e-01,1.3822943731e-06
8.6610000000e+00,6.9402124604e+00,9.9999961979e-01,1.3775063220e-06
8.6620000000e+00,6.9412124601e+00,9.9999962116e-01,1.3727341697e-06
8.6630000000e+00,6.9422124597e+00,9.9999962253e-01,1.3679778658e-06
8.6640000000e+00,6.9432124593e+00,9.9999962390e-01,1.3632373600e-06
8.6650000000e+00,6.9442124589e+00,9.9999962526e-01,1.3585126025e-06
8.6660000000e+00,6.9452124585e+00,9.9999962661e-01,1.3538035433e-06
8.6670000000e+00,6.9462124582e+00,9.9999962797e-01,1.3491101327e-06
8.6680000000e+00,6.9472124578e+00,9.9999962931e-01,1.3444323212e-06
8.6690000000e+00,6.9482124574e+00,9.9999963065e-01,1.3397700593e-06
8.6700000000e+00,6.9492124571e+00,9.9999963199e-01,1.3351232978e-06
8.6710000000e+00,6.9502124567e+00,9.9999963332e-01,1.3304919875e-06
8.6720000000e+00,6.9512124563e+00,9.9999963465e-01,1.3258760795e-06
8.6730000000e+00,6.9522124560e+00,9.9999963598e-01,1.3212755249e-06
8.6740000000e+00,6.9532124556e+00,9.9999963730e-01,1.3166902751e-06
8.6750000000e+00,6.9542124552e+00,9.9999963861e-01,1.3121202816e-06
8.6760000000e+00,6.9552124549e+00,9.9999963992e-01,1.3075654958e-06
8.6770000000e+00,6.9562124545e+00,9.9999964122e-01,1.3030258697e-06
8.6780000000e+00,6.9572124542e+00,9.9999964253e-01,1.2985013550e-06
8.6790000000e+00,6.9582124538e+00,9.9999964382e-01,1.2939919039e-06
8.6800000000e+00,6.9592124535e+00,9.9999964511e-01,1.2894974685e-06
8.6810000000e+00,6.9602124531e+00,9.9999964640e-01,1.2850180012e-06
8.6820000000e+00,6.9612124527e+00,9.9999964768e-01,1.2805534544e-06
8.6830000000e+00,6.9622124524e+00,9.9999964896e-01,1.2761037808e-06
8.6840000000e+00,6.9632124520e+00,9.9999965024e-01,1.2716689331e-06
8.6850000000e+00,6.9642124517e+00,9.9999965151e-01,1.2672488642e-06
8.6860000000e+00,6.9652124513e+00,9.9999965277e-01,1.2628435271e-06
8.6870000000e+00,6.9662124510e+00,9.9999965403e-01,1.2584528751e-06
8.6880000000e+00,6.9672124507e+00,9.9999965529e-01,1.2540768615e-06
8.6890000000e+00,6.9682124503e+00,9.9999965654e-01,1.2497154397e-06
8.6900000000e+00,6.9692124500e+00,9.9999965779e-01,1.2453685634e-06
8.6910000000e+00,6.9702124496e+00,9.9999965903e-01,1.2410361862e-06
8.6920000000e+00,6.9712124493e+00,9.9999966027e-01,1.2367182621e-06
8.6930000000e+00,6.9722124489e+00,9.9999966150e-01,1.2324147452e-06
8.6940000000e+00,6.9732124486e+00,9.9999966273e-01,1.2281255895e-06
8.6950000000e+00,6.9742124483e+00,9.9999966396e-01,1.2238507493e-06
8.6960000000e+00,6.9752124479e+00,9.9999966518e-01,1.2195901792e-06
8.6970000000e+00,6.9762124476e+00,9.9999966640e-01,1.2153438336e-06
8.6980000000e+00,6.9772124473e+00,9.9999966761e-01,1.2111116673e-06
8.6990000000e+00,6.9782124469e+00,9.9999966882e-01,1.2068936352e-06
8.7000000000e+00,6.9792124466e+00,9.9999967003e-01,1.2026896921e-06
8.7010000000e+00,6.9802124463e+00,9.9999967123e-01,1.1984997934e-06
8.7020000000e+00,6.9812124459e+00,9.9999967242e-01,1.1943238941e-06
8.7030000000e+00,6.9822124456e+00,9.9999967362e-01,1.1901619497e-06
8.7040000000e+00,6.9832124453e+00,9.9999967480e-01,1.1860139157e-06
8.7050000000e+00,6.9842124450e+00,9.9999967599e-01,1.1818797478e-06
8.7060000000e+00,6.9852124446e+00,9.9999967717e-01,1.1777594017e-06
8.7070000000e+00,6.9862124443e+00,9.9999967834e-01,1.1736528335e-06
8.7080000000e+00,6.9872124440e+00,9.9999967951e-01,1.1695599991e-06
8.7090000000e+00,6.9882124437e+00,9.9999968068e-01,1.1654808547e-06
8.7100000000e+00,6.9892124434e+00,9.9999968185e-01,1.1614153567e-06
8.7110000000e+00,6.9902124430e+00,9.9999968300e-01,1.1573634616e-06
8.7120000000e+00,6.9912124427e+00,9.9999968416e-01,1.1533251258e-06
8.7130000000e+00,6.9922124424e+00,9.9999968531e-01,1.1493003062e-06
8.7140000000e+00,6.9932124421e+00,9.9999968646e-01,1.1452889595e-06
8.7150000000e+00,6.9942124418e+00,9.9999968760e-01,1.1412910429e-06
8.7160000000e+00,6.9952124415e+00,9.9999968874e-01,1.1373065133e-06
8.7170000000e+00,6.9962124412e+00,9.9999968988e-01,1.1333353280e-06
8.7180000000e+00,6.9972124409e+00,9.9999969101e-01,1.1293774444e-06
8.7190000000e+00,6.9982124406e+00,9.9999969214e-01,1.1254328199e-06
8.7200000000e+00,6.9992124402e+00,9.9999969326e-01,1.1215014123e-06
8.7210000000e+00,7.0002124399e+00,9.9999969438e-01,1.1175831792e-06
8.7220000000e+00,7.0012124396e+00,9.9999969549e-01,1.1136780786e-06
8.7230000000e+00,7.0022124393e+00,9.9999969661e-01,1.1097860684e-06
8.7240000000e+00,7.0032124390e+00,9.9999969771e-01,1.1059071068e-06
8.7250000000e+00,7.0042124387e+00,9.9999969882e-01,1.1020411521e-06
8.7260000000e+00,7.0052124384e+00,9.9999969992e-01,1.0981881627e-06
8.7270000000e+00,7.0062124381e+00,9.9999970101e-01,1.0943480969e-06
8.7280000000e+00,7.0072124378e+00,9.9999970211e-01,1.0905209136e-06
8.7290000000e+00,7.0082124375e+00,9.9999970319e-01,1.0867065715e-06
8.7300000000e+00,7.0092124372e+00,9.9999970428e-01,1.0829050294e-06
8.7310000000e+00,7.0102124369e+00,9.9999970536e-01,1.0791162465e-06
8.7320000000e+00,7.0112124366e+00,9.9999970644e-01,1.0753401817e-06
8.7330000000e+00,7.0122124363e+00,9.9999970751e-01,1.0715767945e-06
8.7340000000e+00,7.0132124361e+00,9.9999970858e-01,1.0678260441e-06
8.7350000000e+00,7.0142124358e+00,9.9999970965e-01,1.0640878901e-06
8.7360000000e+00,7.0152124355e+00,9.9999971071e-01,1.0603622921e-06
8.7370000000e+00,7.0162124352e+00,9.9999971177e-01,1.0566492100e-06
8.7380000000e+00,7.0172124349e+00,9.9999971282e-01,1.0529486035e-06
8.7390000000e+00,7.0182124346e+00,9.9999971387e-01,1.0492604326e-06
8.7400000000e+00,7.0192124343e+00,9.9999971492e-01,1.0455846576e-06
8.7410000000e+00,7.0202124340e+00,9.9999971596e-01,1.0419212386e-06
8.7420000000e+00,7.0212124338e+00,9.9999971700e-01,1.0382701359e-06
8.7430000000e+00,7.0222124335e+00,9.9999971804e-01,1.0346313102e-06
8.7440000000e+00,7.0232124332e+00,9.9999971907e-01,1.0310047220e-06
8.7450000000e+00,7.0242124329e+00,9.9999972010e-01,1.0273903320e-06
8.7460000000e+00,7.0252124326e+00,9.9999972113e-01,1.0237881010e-06
8.7470000000e+00,7.0262124324e+00,9.9999972215e-01,1.0201979901e-06
8.7480000000e+00,7.0272124321e+00,9.9999972317e-01,1.0166199602e-06
8.7490000000e+00,7.0282124318e+00,9.9999972418e-01,1.0130539727e-06
8.7500000000e+00,7.0292124315e+00,9.9999972520e-01,1.0094999888e-06
8.7510000000e+00,7.0302124313e+00,9.9999972620e-01,1.0059579700e-06
8.7520000000e+00,7.0312124310e+00,9.9999972721e-01,1.0024278778e-06
8.7530000000e+00,7.0322124307e+00,9.9999972821e-01,9.9890967392e-07
8.7540000000e+00,7.0332124304e+00,9.9999972921e-01,9.9540332008e-07
8.7550000000e+00,7.0342124302e+00,9.9999973020e-01,9.9190877823e-07
8.7560000000e+00,7.0352124299e+00,9.9999973119e-01,9.8842601039e-07
8.7570000000e+00,7.0362124296e+00,9.9999973218e-01,9.8495497868e-07
8.7580000000e+00,7.0372124294e+00,9.9999973316e-01,9.8149564536e-07
8.7590000000e+00,7.0382124291e+00,9.9999973414e-01,9.7804797280e-07
8.7600000000e+00,7.0392124288e+00,9.9999973512e-01,9.7461192347e-07
8.7610000000e+00,7.0402124286e+00,9.9999973609e-01,9.7118745998e-07
8.7620000000e+00,7.0412124283e+00,9.9999973706e-01,9.6777454503e-07
8.7630000000e+00,7.0422124280e+00,9.9999973802e-01,9.6437314145e-07
8.7640000000e+00,7.0432124278e+00,9.9999973899e-01,9.6098321218e-07
8.7650000000e+00,7.0442124275e+00,9.9999973995e-01,9.5760472025e-07
8.7660000000e+00,7.0452124273e+00,9.9999974090e-01,9.5423762885e-07
8.7670000000e+00,7.0462124270e+00,9.9999974185e-01,9.5088190123e-07
8.7680000000e+00,7.0472124267e+00,9.9999974280e-01,9.4753750079e-07
8.7690000000e+00,7.0482124265e+00,9.9999974375e-01,9.4420439103e-07
8.7700000000e+00,7.0492124262e+00,9.9999974469e-01,9.4088253556e-07
8.7710000000e+00,7.0502124260e+00,9.9999974563e-01,9.3757189810e-07
8.7720000000e+00,7.0512124257e+00,9.9999974657e-01,9.3427244247e-07
8.7730000000e+00,7.0522124255e+00,9.9999974750e-01,9.3098413264e-07
8.7740000000e+00,7.0532124252e+00,9.9999974843e-01,9.2770693264e-07
8.7750000000e+00,7.0542124250e+00,9.9999974935e-01,9.2444080665e-07
8.7760000000e+00,7.0552124247e+00,9.9999975028e-01,9.2118571893e-07
8.7770000000e+00,7.0562124245e+00,9.9999975120e-01,9.1794163386e-07
8.7780000000e+00,7.0572124242e+00,9.9999975211e-01,9.1470851595e-07
8.7790000000e+00,7.0582124240e+00,9.9999975303e-01,9.1148632978e-07
8.7800000000e+00,7.0592124237e+00,9.9999975394e-01,9.0827504006e-07
8.7810000000e+00,7.0602124235e+00,9.9999975484e-01,9.0507461162e-07
8.7820000000e+00,7.0612124232e+00,9.9999975575e-01,9.0188500937e-07
8.7830000000e+00,7.0622124230e+00,9.9999975665e-01,8.9870619835e-07
8.7840000000e+00,7.0632124227e+00,9.9999975754e-01,8.9553814369e-07
8.7850000000e+00,7.0642124225e+00,9.9999975844e-01,8.9238081064e-07
8.7860000000e+00,7.0652124223e+00,9.9999975933e-01,8.8923416455e-07
8.7870000000e+00,7.0662124220e+00,9.9999976022e-01,8.8609817088e-07
8.7880000000e+00,7.0672124218e+00,9.9999976110e-01,8.8297279519e-07
8.7890000000e+00,7.0682124215e+00,9.9999976198e-01,8.7985800315e-07
8.7900000000e+00,7.0692124213e+00,9.9999976286e-01,8.7675376053e-07
8.7910000000e+00,7.0702124211e+00,9.9999976374e-01,8.7366003322e-07
8.7920000000e+00,7.0712124208e+00,9.9999976461e-01,8.7057678719e-07
8.7930000000e+00,7.0722124206e+00,9.9999976548e-01,8.6750398854e-07
8.7940000000e+00,7.0732124204e+00,9.9999976634e-01,8.6444160346e-07
8.7950000000e+00,7.0742124201e+00,9.9999976721e-01,8.6138959824e-07
8.7960000000e+00,7.0752124199e+00,9.9999976807e-01,8.5834793928e-07
8.7970000000e+00,7.0762124197e+00,9.9999976892e-01,8.5531659309e-07
8.7980000000e+00,7.0772124194e+00,9.9999976978e-01,8.5229552626e-07
8.7990000000e+00,7.0782124192e+00,9.9999977063e-01,8.4928470552e-07
8.8000000000e+00,7.0792124190e+00,9.9999977147e-01,8.4628409767e-07
8.8010000000e+00,7.0802124188e+00,9.9999977232e-01,8.4329366962e-07
8.8020000000e+00,7.0812124185e+00,9.9999977316e-01,8.4031338838e-07
8.8030000000e+00,7.0822124183e+00,9.9999977400e-01,8.3734322107e-07
8.8040000000e+00,7.0832124181e+00,9.9999977484e-01,8.3438313491e-07
8.8050000000e+00,7.0842124178e+00,9.9999977567e-01,8.3143309721e-07
8.8060000000e+00,7.0852124176e+00,9.9999977650e-01,8.2849307539e-07
8.8070000000e+00,7.0862124174e+00,9.9999977733e-01,8.2556303697e-07
8.8080000000e+00,7.0872124172e+00,9.9999977815e-01,8.2264294957e-07
8.8090000000e+00,7.0882124170e+00,9.9999977897e-01,8.1973278090e-07
8.8100000000e+00,7.0892124167e+00,9.9999977979e-01,8.1683249878e-07
8.8110000000e+00,7.0902124165e+00,9.9999978061e-01,8.1394207113e-07
8.8120000000e+00,7.0912124163e+00,9.9999978142e-01,8.1106146596e-07
8.8130000000e+00,7.0922124161e+00,9.9999978223e-01,8.0819065138e-07
8.8140000000e+00,7.0932124159e+00,9.9999978303e-01,8.0532959561e-07
8.8150000000e+00,7.0942124156e+00,9.9999978384e-01,8.0247826695e-07
8.8160000000e+00,7.0952124154e+00,9.9999978464e-01,7.9963663381e-07
8.8170000000e+00,7.0962124152e+00,9.9999978544e-01,7.9680466469e-07
8.8180000000e+00,7.0972124150e+00,9.9999978623e-01,7.9398232820e-07
8.8190000000e+00,7.0982124148e+00,9.9999978703e-01,7.9116959304e-07
8.8200000000e+00,7.0992124146e+00,9.9999978781e-01,7.8836642799e-07
8.8210000000e+00,7.1002124144e+00,9.9999978860e-01,7.8557280195e-07
8.8220000000e+00,7.1012124142e+00,9.9999978939e-01,7.8278868391e-07
8.8230000000e+00,7.1022124139e+00,9.9999979017e-01,7.8001404294e-07
8.8240000000e+00,7.1032124137e+00,9.9999979095e-01,7.7724884823e-07
8.8250000000e+00,7.1042124135e+00,9.9999979172e-01,7.7449306905e-07
8.8260000000e+00,7.1052124133e+00,9.9999979250e-01,7.7174667476e-07
8.8270000000e+00,7.1062124131e+00,9.9999979327e-01,7.6900963483e-07
8.8280000000e+00,7.1072124129e+00,9.9999979403e-01,7.6628191881e-07
8.8290000000e+00,7.1082124127e+00,9.9999979480e-01,7.6356349636e-07
8.8300000000e+00,7.1092124125e+00,9.9999979556e-01,7.6085433722e-07
8.8310000000e+00,7.1102124123e+00,9.9999979632e-01,7.5815441123e-07
8.8320000000e+00,7.1112124121e+00,9.9999979708e-01,7.5546368831e-07
8.8330000000e+00,7.1122124119e+00,9.9999979783e-01,7.5278213849e-07
8.8340000000e+00,7.1132124117e+00,9.9999979858e-01,7.5010973189e-07
8.8350000000e+00,7.1142124115e+00,9.9999979933e-01,7.4744643872e-07
8.8360000000e+00,7.1152124113e+00,9.9999980008e-01,7.4479222928e-07
8.8370000000e+00,7.1162124111e+00,9.9999980082e-01,7.4214707396e-07
8.8380000000e+00,7.1172124109e+00,9.9999980156e-01,7.3951094324e-07
8.8390000000e+00,7.1182124107e+00,9.9999980230e-01,7.3688380770e-07
8.8400000000e+00,7.1192124105e+00,9.9999980304e-01,7.3426563801e-07
8.8410000000e+00,7.1202124103e+00,9.9999980377e-01,7.3165640492e-07
8.8420000000e+00,7.1212124101e+00,9.9999980450e-01,7.2905607929e-07
8.8430000000e+00,7.1222124099e+00,9.9999980523e-01,7.2646463205e-07
8.8440000000e+00,7.1232124097e+00,9.9999980595e-01,7.2388203423e-07
8.8450000000e+00,7.1242124095e+00,9.9999980667e-01,7.2130825695e-07
8.8460000000e+00,7.1252124093e+00,9.9999980739e-01,7.1874327142e-07
8.8470000000e+00,7.1262124091e+00,9.9999980811e-01,7.1618704892e-07
8.8480000000e+00,7.1272124089e+00,9.9999980883e-01,7.1363956086e-07
8.8490000000e+00,7.1282124087e+00,9.9999980954e-01,7.1110077869e-07
8.8500000000e+00,7.1292124086e+00,9.9999981025e-01,7.0857067400e-07
8.8510000000e+00,7.1302124084e+00,9.9999981096e-01,7.0604921842e-07
8.8520000000e+00,7.1312124082e+00,9.9999981166e-01,7.0353638369e-07
8.8530000000e+00,7.1322124080e+00,9.9999981236e-01,7.0103214165e-07
8.8540000000e+00,7.1332124078e+00,9.9999981306e-01,6.9853646421e-07
8.8550000000e+00,7.1342124076e+00,9.9999981376e-01,6.9604932336e-07
8.8560000000e+00,7.1352124074e+00,9.9999981445e-01,6.9357069120e-07
8.8570000000e+00,7.1362124072e+00,9.9999981515e-01,6.9110053990e-07
8.8580000000e+00,7.1372124071e+00,9.9999981584e-01,6.8863884172e-07
8.8590000000e+00,7.1382124069e+00,9.9999981652e-01,6.8618556901e-07
8.8600000000e+00,7.1392124067e+00,9.9999981721e-01,6.8374069420e-07
8.8610000000e+00,7.1402124065e+00,9.9999981789e-01,6.8130418982e-07
8.8620000000e+00,7.1412124063e+00,9.9999981857e-01,6.7887602846e-07
8.8630000000e+00,7.1422124061e+00,9.9999981925e-01,6.7645618281e-07
8.8640000000e+00,7.1432124060e+00,9.9999981992e-01,6.7404462565e-07
8.8650000000e+00,7.1442124058e+00,9.9999982060e-01,6.7164132985e-07
8.8660000000e+00,7.1452124056e+00,9.9999982127e-01,6.6924626833e-07
8.8670000000e+00,7.1462124054e+00,9.9999982194e-01,6.6685941413e-07
8.8680000000e+00,7.1472124052e+00,9.9999982260e-01,6.6448074036e-07
8.8690000000e+00,7.1482124051e+00,9.9999982327e-01,6.6211022022e-07
8.8700000000e+00,7.1492124049e+00,9.9999982393e-01,6.5974782698e-07
8.8710000000e+00,7.1502124047e+00,9.9999982458e-01,6.5739353400e-07
8.8720000000e+00,7.1512124045e+00,9.9999982524e-01,6.5504731474e-07
8.8730000000e+00,7.1522124044e+00,9.9999982589e-01,6.5270914271e-07
8.8740000000e+00,7.1532124042e+00,9.9999982655e-01,6.5037899153e-07
8.8750000000e+00,7.1542124040e+00,9.9999982720e-01,6.4805683489e-07
8.8760000000e+00,7.1552124038e+00,9.9999982784e-01,6.4574264655e-07
8.8770000000e+00,7.1562124037e+00,9.9999982849e-01,6.4343640039e-07
8.8780000000e+00,7.1572124035e+00,9.9999982913e-01,6.4113807033e-07
8.8790000000e+00,7.1582124033e+00,9.9999982977e-01,6.3884763039e-07
8.8800000000e+00,7.1592124032e+00,9.9999983041e-01,6.3656505468e-07
8.8810000000e+00,7.1602124030e+00,9.9999983104e-01,6.3429031737e-07
8.8820000000e+00,7.1612124028e+00,9.9999983168e-01,6.3202339271e-07
8.8830000000e+00,7.1622124027e+00,9.9999983231e-01,6.2976425507e-07
8.8840000000e+00,7.1632124025e+00,9.9999983294e-01,6.2751287884e-07
8.8850000000e+00,7.1642124023e+00,9.9999983356e-01,6.2526923854e-07
8.8860000000e+00,7.1652124022e+00,9.9999983419e-01,6.2303330875e-07
8.8870000000e+00,7.1662124020e+00,9.9999983481e-01,6.2080506412e-07
8.8880000000e+00,7.1672124018e+00,9.9999983543e-01,6.1858447939e-07
8.8890000000e+00,7.1682124017e+00,9.9999983604e-01,6.1637152939e-07
8.8900000000e+00,7.1692124015e+00,9.9999983666e-01,6.1416618900e-07
8.8910000000e+00,7.1702124013e+00,9.9999983727e-01,6.1196843320e-07
8.8920000000e+00,7.1712124012e+00,9.9999983788e-01,6.0977823705e-07
8.8930000000e+00,7.1722124010e+00,9.9999983849e-01,6.0759557567e-07
8.8940000000e+00,7.1732124009e+00,9.9999983910e-01,6.0542042427e-07
8.8950000000e+00,7.1742124007e+00,9.9999983970e-01,6.0325275815e-07
8.8960000000e+00,7.1752124005e+00,9.9999984031e-01,6.0109255265e-07
8.8970000000e+00,7.1762124004e+00,9.9999984091e-01,5.9893978323e-07
8.8980000000e+00,7.1772124002e+00,9.9999984150e-01,5.9679442541e-07
8.8990000000e+00,7.1782124001e+00,9.9999984210e-01,5.9465645476e-07
8.9000000000e+00,7.1792123999e+00,9.9999984269e-01,5.9252584697e-07
8.9010000000e+00,7.1802123997e+00,9.9999984328e-01,5.9040257778e-07
8.9020000000e+00,7.1812123996e+00,9.9999984387e-01,5.8828662302e-07
8.9030000000e+00,7.1822123994e+00,9.9999984446e-01,5.8617795857e-07
8.9040000000e+00,7.1832123993e+00,9.9999984505e-01,5.8407656042e-07
8.9050000000e+00,7.1842123991e+00,9.9999984563e-01,5.8198240461e-07
8.9060000000e+00,7.1852123990e+00,9.9999984621e-01,5.7989546726e-07
8.9070000000e+00,7.1862123988e+00,9.9999984679e-01,5.7781572458e-07
8.9080000000e+00,7.1872123987e+00,9.9999984737e-01,5.7574315284e-07
8.9090000000e+00,7.1882123985e+00,9.9999984794e-01,5.7367772839e-07
8.9100000000e+00,7.1892123984e+00,9.9999984851e-01,5.7161942764e-07
8.9110000000e+00,7.1902123982e+00,9.9999984908e-01,5.6956822709e-07
8.9120000000e+00,7.1912123981e+00,9.9999984965e-01,5.6752410331e-07
8.9130000000e+00,7.1922123979e+00,9.9999985022e-01,5.6548703295e-07
8.9140000000e+00,7.1932123978e+00,9.9999985078e-01,5.6345699271e-07
8.9150000000e+00,7.1942123976e+00,9.9999985135e-01,5.6143395939e-07
8.9160000000e+00,7.1952123975e+00,9.9999985191e-01,5.5941790986e-07
8.9170000000e+00,7.1962123973e+00,9.9999985246e-01,5.5740882104e-07
8.9180000000e+00,7.1972123972e+00,9.9999985302e-01,5.5540666994e-07
8.9190000000e+00,7.1982123970e+00,9.9999985358e-01,5.5341143364e-07
8.9200000000e+00,7.1992123969e+00,9.9999985413e-01,5.5142308929e-07
8.9210000000e+00,7.2002123967e+00,9.9999985468e-01,5.4944161412e-07
8.9220000000e+00,7.2012123966e+00,9.9999985523e-01,5.4746698541e-07
8.9230000000e+00,7.2022123964e+00,9.9999985577e-01,5.4549918054e-07
8.9240000000e+00,7.2032123963e+00,9.9999985632e-01,5.4353817694e-07
8.9250000000e+00,7.2042123961e+00,9.9999985686e-01,5.4158395212e-07
8.9260000000e+00,7.2052123960e+00,9.9999985740e-01,5.3963648366e-07
8.9270000000e+00,7.2062123959e+00,9.9999985794e-01,5.3769574920e-07
8.9280000000e+00,7.2072123957e+00,9.9999985848e-01,5.3576172647e-07
8.9290000000e+00,7.2082123956e+00,9.9999985901e-01,5.3383439326e-07
8.9300000000e+00,7.2092123954e+00,9.9999985954e-01,5.3191372741e-07
8.9310000000e+00,7.2102123953e+00,9.9999986007e-01,5.2999970687e-07
8.9320000000e+00,7.2112123952e+00,9.9999986060e-01,5.2809230963e-07
8.9330000000e+00,7.2122123950e+00,9.9999986113e-01,5.2619151377e-07
8.9340000000e+00,7.2132123949e+00,9.9999986166e-01,5.2429729740e-07
8.9350000000e+00,7.2142123947e+00,9.9999986218e-01,5.2240963875e-07
8.9360000000e+00,7.2152123946e+00,9.9999986270e-01,5.2052851608e-07
8.9370000000e+00,7.2162123945e+00,9.9999986322e-01,5.1865390774e-07
8.9380000000e+00,7.2172123943e+00,9.9999986374e-01,5.1678579214e-07
8.9390000000e+00,7.2182123942e+00,9.9999986425e-01,5.1492414775e-07
8.9400000000e+00,7.2192123941e+00,9.9999986477e-01,5.1306895313e-07
8.9410000000e+00,7.2202123939e+00,9.9999986528e-01,5.1122018689e-07
8.9420000000e+00,7.2212123938e+00,9.9999986579e-01,5.0937782771e-07
8.9430000000e+00,7.2222123937e+00,9.9999986630e-01,5.0754185433e-07
8.9440000000e+00,7.2232123935e+00,9.9999986681e-01,5.0571224559e-07
8.9450000000e+00,7.2242123934e+00,9.9999986731e-01,5.0388898035e-07
8.9460000000e+00,7.2252123933e+00,9.9999986781e-01,5.0207203756e-07
8.9470000000e+00,7.2262123931e+00,9.9999986831e-01,5.0026139625e-07
8.9480000000e+00,7.2272123930e+00,9.9999986881e-01,4.9845703550e-07
8.9490000000e+00,7.2282123929e+00,9.9999986931e-01,4.9665893445e-07
8.9500000000e+00,7.2292123927e+00,9.9999986981e-01,4.9486707232e-07
8.9510000000e+00,7.2302123926e+00,9.9999987030e-01,4.9308142838e-07
8.9520000000e+00,7.2312123925e+00,9.9999987079e-01,4.9130198199e-07
8.9530000000e+00,7.2322123923e+00,9.9999987128e-01,4.8952871255e-07
8.9540000000e+00,7.2332123922e+00,9.9999987177e-01,4.8776159954e-07
8.9550000000e+00,7.2342123921e+00,9.9999987226e-01,4.8600062249e-07
8.9560000000e+00,7.2352123920e+00,9.9999987274e-01,4.8424576102e-07
8.9570000000e+00,7.2362123918e+00,9.9999987323e-01,4.8249699480e-07
8.9580000000e+00,7.2372123917e+00,9.9999987371e-01,4.8075430355e-07
8.9590000000e+00,7.2382123916e+00,9.9999987419e-01,4.7901766707e-07
8.9600000000e+00,7.2392123915e+00,9.9999987467e-01,4.7728706523e-07
8.9610000000e+00,7.2402123913e+00,9.9999987514e-01,4.7556247795e-07
8.9620000000e+00,7.2412123912e+00,9.9999987562e-01,4.7384388523e-07
8.9630000000e+00,7.2422123911e+00,9.9999987609e-01,4.7213126710e-07
8.9640000000e+00,7.2432123910e+00,9.9999987656e-01,4.7042460370e-07
8.9650000000e+00,7.2442123908e+00,9.9999987703e-01,4.6872387519e-07
8.9660000000e+00,7.2452123907e+00,9.9999987750e-01,4.6702906182e-07
8.9670000000e+00,7.2462123906e+00,9.9999987797e-01,4.6534014389e-07
8.9680000000e+00,7.2472123905e+00,9.9999987843e-01,4.6365710176e-07
8.9690000000e+00,7.2482123903e+00,9.9999987889e-01,4.6197991588e-07
8.9700000000e+00,7.2492123902e+00,9.9999987936e-01,4.6030856672e-07
8.9710000000e+00,7.2502123901e+00,9.9999987981e-01,4.5864303484e-07
8.9720000000e+00,7.2512123900e+00,9.9999988027e-01,4.5698330086e-07
8.9730000000e+00,7.2522123899e+00,9.9999988073e-01,4.5532934544e-07
8.9740000000e+00,7.2532123897e+00,9.9999988118e-01,4.5368114932e-07
8.9750000000e+00,7.2542123896e+00,9.9999988164e-01,4.5203869331e-07
8.9760000000e+00,7.2552123895e+00,9.9999988209e-01,4.5040195826e-07
8.9770000000e+00,7.2562123894e+00,9.9999988254e-01,4.4877092510e-07
8.9780000000e+00,7.2572123893e+00,9.9999988298e-01,4.4714557479e-07
8.9790000000e+00,7.2582123892e+00,9.9999988343e-01,4.4552588838e-07
8.9800000000e+00,7.2592123890e+00,9.9999988388e-01,4.4391184698e-07
8.9810000000e+00,7.2602123889e+00,9.9999988432e-01,4.4230343173e-07
8.9820000000e+00,7.2612123888e+00,9.9999988476e-01,4.4070062387e-07
8.9830000000e+00,7.2622123887e+00,9.9999988520e-01,4.3910340467e-07
8.9840000000e+00,7.2632123886e+00,9.9999988564e-01,4.3751175547e-07
8.9850000000e+00,7.2642123885e+00,9.9999988608e-01,4.3592565768e-07
8.9860000000e+00,7.2652123884e+00,9.9999988651e-01,4.3434509274e-07
8.9870000000e+00,7.2662123882e+00,9.9999988694e-01,4.3277004218e-07
8.9880000000e+00,7.2672123881e+00,9.9999988738e-01,4.3120048757e-07
8.9890000000e+00,7.2682123880e+00,9.9999988781e-01,4.2963641054e-07
8.9900000000e+00,7.2692123879e+00,9.9999988824e-01,4.2807779279e-07
8.9910000000e+00,7.2702123878e+00,9.9999988866e-01,4.2652461607e-07
8.9920000000e+00,7.2712123877e+00,9.9999988909e-01,4.2497686219e-07
8.9930000000e+00,7.2722123876e+00,9.9999988951e-01,4.2343451301e-07
8.9940000000e+00,7.2732123875e+00,9.9999988994e-01,4.2189755047e-07
8.9950000000e+00,7.2742123873e+00,9.9999989036e-01,4.2036595653e-07
8.9960000000e+00,7.2752123872e+00,9.9999989078e-01,4.1883971324e-07
8.9970000000e+00,7.2762123871e+00,9.9999989119e-01,4.1731880270e-07
8.9980000000e+00,7.2772123870e+00,9.9999989161e-01,4.1580320706e-07
8.9990000000e+00,7.2782123869e+00,9.9999989203e-01,4.1429290853e-07
9.0000000000e+00,7.2792123868e+00,9.9999989244e-01,4.1278788938e-07
9.0010000000e+00,7.2802123867e+00,9.9999989285e-01,4.1128813193e-07
9.0020000000e+00,7.2812123866e+00,9.9999989326e-01,4.0979361856e-07
9.0030000000e+00,7.2822123865e+00,9.9999989367e-01,4.0830433171e-07
9.0040000000e+00,7.2832123864e+00,9.9999989408e-01,4.0682025387e-07
9.0050000000e+00,7.2842123863e+00,9.9999989448e-01,4.0534136759e-07
9.0060000000e+00,7.2852123862e+00,9.9999989489e-01,4.0386765547e-07
9.0070000000e+00,7.2862123861e+00,9.9999989529e-01,4.0239910018e-07
9.0080000000e+00,7.2872123860e+00,9.9999989569e-01,4.0093568441e-07
9.0090000000e+00,7.2882123859e+00,9.9999989609e-01,3.9947739096e-07
9.0100000000e+00,7.2892123857e+00,9.9999989649e-01,3.9802420263e-07
9.0110000000e+00,7.2902123856e+00,9.9999989689e-01,3.9657610231e-07
9.0120000000e+00,7.2912123855e+00,9.9999989729e-01,3.9513307294e-07
9.0130000000e+00,7.2922123854e+00,9.9999989768e-01,3.9369509749e-07
9.0140000000e+00,7.2932123853e+00,9.9999989807e-01,3.9226215903e-07
9.0150000000e+00,7.2942123852e+00,9.9999989846e-01,3.9083424063e-07
9.0160000000e+00,7.2952123851e+00,9.9999989885e-01,3.8941132546e-07
9.0170000000e+00,7.2962123850e+00,9.9999989924e-01,3.8799339672e-07
9.0180000000e+00,7.2972123849e+00,9.9999989963e-01,3.8658043766e-07
9.0190000000e+00,7.2982123848e+00,9.9999990002e-01,3.8517243161e-07
9.0200000000e+00,7.2992123847e+00,9.9999990040e-01,3.8376936192e-07
9.0210000000e+00,7.3002123846e+00,9.9999990078e-01,3.8237121201e-07
9.0220000000e+00,7.3012123845e+00,9.9999990117e-01,3.8097796536e-07
9.0230000000e+00,7.3022123844e+00,9.9999990155e-01,3.7958960549e-07
9.0240000000e+00,7.3032123843e+00,9.9999990193e-01,3.7820611598e-07
9.0250000000e+00,7.3042123842e+00,9.9999990230e-01,3.7682748045e-07
9.0260000000e+00,7.3052123841e+00,9.9999990268e-01,3.7545368260e-07
9.0270000000e+00,7.3062123840e+00,9.9999990305e-01,3.7408470615e-07
9.0280000000e+00,7.3072123839e+00,9.9999990343e-01,3.7272053489e-07
9.0290000000e+00,7.3082123839e+00,9.9999990380e-01,3.7136115266e-07
9.0300000000e+00,7.3092123838e+00,9.9999990417e-01,3.7000654335e-07
9.0310000000e+00,7.3102123837e+00,9.9999990454e-01,3.6865669091e-07
9.0320000000e+00,7.3112123836e+00,9.9999990491e-01,3.6731157932e-07
9.0330000000e+00,7.3122123835e+00,9.9999990527e-01,3.6597119263e-07
9.0340000000e+00,7.3132123834e+00,9.9999990564e-01,3.6463551494e-07
9.0350000000e+00,7.3142123833e+00,9.9999990600e-01,3.6330453039e-07
9.0360000000e+00,7.3152123832e+00,9.9999990637e-01,3.6197822318e-07
9.0370000000e+00,7.3162123831e+00,9.9999990673e-01,3.6065657757e-07
9.0380000000e+00,7.3172123830e+00,9.9999990709e-01,3.5933957784e-07
9.0390000000e+00,7.3182123829e+00,9.9999990745e-01,3.5802720835e-07
9.0400000000e+00,7.3192123828e+00,9.9999990780e-01,3.5671945350e-07
9.0410000000e+00,7.3202123827e+00,9.9999990816e-01,3.5541629773e-07
9.0420000000e+00,7.3212123826e+00,9.9999990851e-01,3.5411772556e-07
9.0430000000e+00,7.3222123825e+00,9.9999990887e-01,3.5282372151e-07
9.0440000000e+00,7.3232123825e+00,9.9999990922e-01,3.5153427021e-07
9.0450000000e+00,7.3242123824e+00,9.9999990957e-01,3.5024935628e-07
9.0460000000e+00,7.3252123823e+00,9.9999990992e-01,3.4896896444e-07
9.0470000000e+00,7.3262123822e+00,9.9999991027e-01,3.4769307943e-07
9.0480000000e+00,7.3272123821e+00,9.9999991062e-01,3.4642168604e-07
9.0490000000e+00,7.3282123820e+00,9.9999991096e-01,3.4515476912e-07
9.0500000000e+00,7.3292123819e+00,9.9999991131e-01,3.4389231356e-07
9.0510000000e+00,7.3302123818e+00,9.9999991165e-01,3.4263430430e-07
9.0520000000e+00,7.3312123817e+00,9.9999991199e-01,3.4138072634e-07
9.0530000000e+00,7.3322123816e+00,9.9999991233e-01,3.4013156472e-07
9.0540000000e+00,7.3332123816e+00,9.9999991267e-01,3.3888680451e-07
9.0550000000e+00,7.3342123815e+00,9.9999991301e-01,3.3764643086e-07
9.0560000000e+00,7.3352123814e+00,9.9999991335e-01,3.3641042895e-07
9.0570000000e+00,7.3362123813e+00,9.9999991368e-01,3.3517878400e-07
9.0580000000e+00,7.3372123812e+00,9.9999991402e-01,3.3395148130e-07
9.0590000000e+00,7.3382123811e+00,9.9999991435e-01,3.3272850617e-07
9.0600000000e+00,7.3392123810e+00,9.9999991468e-01,3.3150984399e-07
9.0610000000e+00,7.3402123810e+00,9.9999991501e-01,3.3029548017e-07
9.0620000000e+00,7.3412123809e+00,9.9999991534e-01,3.2908540018e-07
9.0630000000e+00,7.3422123808e+00,9.9999991567e-01,3.2787958953e-07
9.0640000000e+00,7.3432123807e+00,9.9999991600e-01,3.2667803379e-07
9.0650000000e+00,7.3442123806e+00,9.9999991632e-01,3.2548071856e-07
9.0660000000e+00,7.3452123805e+00,9.9999991665e-01,3.2428762950e-07
9.0670000000e+00,7.3462123805e+00,9.9999991697e-01,3.2309875229e-07
9.0680000000e+00,7.3472123804e+00,9.9999991730e-01,3.2191407270e-07
9.0690000000e+00,7.3482123803e+00,9.9999991762e-01,3.2073357650e-07
9.0700000000e+00,7.3492123802e+00,9.9999991794e-01,3.1955724955e-07
9.0710000000e+00,7.3502123801e+00,9.9999991826e-01,3.1838507771e-07
9.0720000000e+00,7.3512123800e+00,9.9999991857e-01,3.1721704692e-07
9.0730000000e+00,7.3522123800e+00,9.9999991889e-01,3.1605314316e-07
9.0740000000e+00,7.3532123799e+00,9.9999991921e-01,3.1489335244e-07
9.0750000000e+00,7.3542123798e+00,9.9999991952e-01,3.1373766083e-07
9.0760000000e+00,7.3552123797e+00,9.9999991983e-01,3.1258605443e-07
9.0770000000e+00,7.3562123796e+00,9.9999992015e-01,3.1143851940e-07
9.0780000000e+00,7.3572123796e+00,9.9999992046e-01,3.1029504194e-07
9.0790000000e+00,7.3582123795e+00,9.9999992077e-01,3.0915560830e-07
9.0800000000e+00,7.3592123794e+00,9.9999992107e-01,3.0802020476e-07
9.0810000000e+00,7.3602123793e+00,9.9999992138e-01,3.0688881765e-07
9.0820000000e+00,7.3612123792e+00,9.9999992169e-01,3.0576143335e-07
9.0830000000e+00,7.3622123792e+00,9.9999992199e-01,3.0463803828e-07
9.0840000000e+00,7.3632123791e+00,9.9999992230e-01,3.0351861891e-07
9.0850000000e+00,7.3642123790e+00,9.9999992260e-01,3.0240316174e-07
9.0860000000e+00,7.3652123789e+00,9.9999992290e-01,3.0129165332e-07
9.0870000000e+00,7.3662123789e+00,9.9999992320e-01,3.0018408026e-07
9.0880000000e+00,7.3672123788e+00,9.9999992350e-01,2.9908042919e-07
9.0890000000e+00,7.3682123787e+00,9.9999992380e-01,2.9798068679e-07
9.0900000000e+00,7.3692123786e+00,9.9999992410e-01,2.9688483979e-07
9.0910000000e+00,7.3702123786e+00,9.9999992440e-01,2.9579287495e-07
9.0920000000e+00,7.3712123785e+00,9.9999992469e-01,2.9470477909e-07
9.0930000000e+00,7.3722123784e+00,9.9999992498e-01,2.9362053906e-07
9.0940000000e+00,7.3732123783e+00,9.9999992528e-01,2.9254014175e-07
9.0950000000e+00,7.3742123783e+00,9.9999992557e-01,2.9146357412e-07
9.0960000000e+00,7.3752123782e+00,9.9999992586e-01,2.9039082313e-07
9.0970000000e+00,7.3762123781e+00,9.9999992615e-01,2.8932187581e-07
9.0980000000e+00,7.3772123780e+00,9.9999992644e-01,2.8825671922e-07
9.0990000000e+00,7.3782123780e+00,9.9999992673e-01,2.8719534048e-07
9.1000000000e+00,7.3792123779e+00,9.9999992701e-01,2.8613772673e-07
9.1010000000e+00,7.3802123778e+00,9.9999992730e-01,2.8508386516e-07
9.1020000000e+00,7.3812123777e+00,9.9999992758e-01,2.8403374301e-07
9.1030000000e+00,7.3822123777e+00,9.9999992787e-01,2.8298734755e-07
9.1040000000e+00,7.3832123776e+00,9.9999992815e-01,2.8194466609e-07
9.1050000000e+00,7.3842123775e+00,9.9999992843e-01,2.8090568599e-07
9.1060000000e+00,7.3852123774e+00,9.9999992871e-01,2.7987039465e-07
9.1070000000e+00,7.3862123774e+00,9.9999992899e-01,2.7883877951e-07
9.1080000000e+00,7.3872123773e+00,9.9999992927e-01,2.7781082804e-07
9.1090000000e+00,7.3882123772e+00,9.9999992955e-01,2.7678652777e-07
9.1100000000e+00,7.3892123772e+00,9.9999992982e-01,2.7576586625e-07
9.1110000000e+00,7.3902123771e+00,9.9999993010e-01,2.7474883109e-07
9.1120000000e+00,7.3912123770e+00,9.9999993037e-01,2.7373540992e-07
9.1130000000e+00,7.3922123770e+00,9.9999993065e-01,2.7272559044e-07
9.1140000000e+00,7.3932123769e+00,9.9999993092e-01,2.7171936035e-07
9.1150000000e+00,7.3942123768e+00,9.9999993119e-01,2.7071670743e-07
9.1160000000e+00,7.3952123768e+00,9.9999993146e-01,2.6971761946e-07
9.1170000000e+00,7.3962123767e+00,9.9999993173e-01,2.6872208430e-07
9.1180000000e+00,7.3972123766e+00,9.9999993200e-01,2.6773008982e-07
9.1190000000e+00,7.3982123765e+00,9.9999993226e-01,2.6674162395e-07
9.1200000000e+00,7.3992123765e+00,9.9999993253e-01,2.6575667463e-07
9.1210000000e+00,7.4002123764e+00,9.9999993280e-01,2.6477522988e-07
9.1220000000e+00,7.4012123763e+00,9.9999993306e-01,2.6379727772e-07
9.1230000000e+00,7.4022123763e+00,9.9999993332e-01,2.6282280623e-07
9.1240000000e+00,7.4032123762e+00,9.9999993359e-01,2.6185180353e-07
9.1250000000e+00,7.4042123761e+00,9.9999993385e-01,2.6088425778e-07
9.1260000000e+00,7.4052123761e+00,9.9999993411e-01,2.5992015716e-07
9.1270000000e+00,7.4062123760e+00,9.9999993437e-01,2.5895948990e-07
9.1280000000e+00,7.4072123759e+00,9.9999993463e-01,2.5800224427e-07
9.1290000000e+00,7.4082123759e+00,9.9999993488e-01,2.5704840859e-07
9.1300000000e+00,7.4092123758e+00,9.9999993514e-01,2.5609797119e-07
9.1310000000e+00,7.4102123758e+00,9.9999993539e-01,2.5515092047e-07
9.1320000000e+00,7.4112123757e+00,9.9999993565e-01,2.5420724483e-07
9.1330000000e+00,7.4122123756e+00,9.9999993590e-01,2.5326693275e-07
9.1340000000e+00,7.4132123756e+00,9.9999993616e-01,2.5232997271e-07
9.1350000000e+00,7.4142123755e+00,9.9999993641e-01,2.5139635325e-07
9.1360000000e+00,7.4152123754e+00,9.9999993666e-01,2.5046606295e-07
9.1370000000e+00,7.4162123754e+00,9.9999993691e-01,2.4953909041e-07
9.1380000000e+00,7.4172123753e+00,9.9999993716e-01,2.4861542428e-07
9.1390000000e+00,7.4182123752e+00,9.9999993741e-01,2.4769505325e-07
9.1400000000e+00,7.4192123752e+00,9.9999993765e-01,2.4677796602e-07
9.1410000000e+00,7.4202123751e+00,9.9999993790e-01,2.4586415136e-07
9.1420000000e+00,7.4212123751e+00,9.9999993815e-01,2.4495359807e-07
9.1430000000e+00,7.4222123750e+00,9.9999993839e-01,2.4404629497e-07
9.1440000000e+00,7.4232123749e+00,9.9999993863e-01,2.4314223094e-07
9.1450000000e+00,7.4242123749e+00,9.9999993888e-01,2.4224139486e-07
9.1460000000e+00,7.4252123748e+00,9.9999993912e-01,2.4134377569e-07
9.1470000000e+00,7.4262123748e+00,9.9999993936e-01,2.4044936241e-07
9.1480000000e+00,7.4272123747e+00,9.9999993960e-01,2.3955814401e-07
9.1490000000e+00,7.4282123746e+00,9.9999993984e-01,2.3867010955e-07
9.1500000000e+00,7.4292123746e+00,9.9999994008e-01,2.3778524811e-07
9.1510000000e+00,7.4302123745e+00,9.9999994031e-01,2.3690354882e-07
9.1520000000e+00,7.4312123745e+00,9.9999994055e-01,2.3602500082e-07
9.1530000000e+00,7.4322123744e+00,9.9999994079e-01,2.3514959332e-07
9.1540000000e+00,7.4332123743e+00,9.9999994102e-01,2.3427731552e-07
9.1550000000e+00,7.4342123743e+00,9.9999994125e-01,2.3340815670e-07
9.1560000000e+00,7.4352123742e+00,9.9999994149e-01,2.3254210615e-07
9.1570000000e+00,7.4362123742e+00,9.9999994172e-01,2.3167915321e-07
9.1580000000e+00,7.4372123741e+00,9.9999994195e-01,2.3081928723e-07
9.1590000000e+00,7.4382123740e+00,9.9999994218e-01,2.2996249762e-07
9.1600000000e+00,7.4392123740e+00,9.9999994241e-01,2.2910877382e-07
9.1610000000e+00,7.4402123739e+00,9.9999994264e-01,2.2825810529e-07
9.1620000000e+00,7.4412123739e+00,9.9999994287e-01,2.2741048155e-07
9.1630000000e+00,7.4422123738e+00,9.9999994309e-01,2.2656589212e-07
9.1640000000e+00,7.4432123738e+00,9.9999994332e-01,2.2572432659e-07
9.1650000000e+00,7.4442123737e+00,9.9999994355e-01,2.2488577456e-07
9.1660000000e+00,7.4452123736e+00,9.9999994377e-01,2.2405022568e-07
9.1670000000e+00,7.4462123736e+00,9.9999994399e-01,2.2321766961e-07
9.1680000000e+00,7.4472123735e+00,9.9999994422e-01,2.2238809608e-07
9.1690000000e+00,7.4482123735e+00,9.9999994444e-01,2.2156149482e-07
9.1700000000e+00,7.4492123734e+00,9.9999994466e-01,2.2073785561e-07
9.1710000000e+00,7.4502123734e+00,9.9999994488e-01,2.1991716826e-07
9.1720000000e+00,7.4512123733e+00,9.9999994510e-01,2.1909942262e-07
9.1730000000e+00,7.4522123733e+00,9.9999994532e-01,2.1828460857e-07
9.1740000000e+00,7.4532123732e+00,9.9999994554e-01,2.1747271600e-07
9.1750000000e+00,7.4542123731e+00,9.9999994575e-01,2.1666373488e-07
9.1760000000e+00,7.4552123731e+00,9.9999994597e-01,2.1585765518e-07
9.1770000000e+00,7.4562123730e+00,9.9999994618e-01,2.1505446690e-07
9.1780000000e+00,7.4572123730e+00,9.9999994640e-01,2.1425416008e-07
9.1790000000e+00,7.4582123729e+00,9.9999994661e-01,2.1345672482e-07
9.1800000000e+00,7.4592123729e+00,9.9999994683e-01,2.1266215121e-07
9.1810000000e+00,7.4602123728e+00,9.9999994704e-01,2.1187042939e-07
9.1820000000e+00,7.4612123728e+00,9.9999994725e-01,2.1108154954e-07
9.1830000000e+00,7.4622123727e+00,9.9999994746e-01,2.1029550186e-07
9.1840000000e+00,7.4632123727e+00,9.9999994767e-01,2.0951227659e-07
9.1850000000e+00,7.4642123726e+00,9.9999994788e-01,2.0873186401e-07
9.1860000000e+00,7.4652123726e+00,9.9999994809e-01,2.0795425440e-07
9.1870000000e+00,7.4662123725e+00,9.9999994830e-01,2.0717943812e-07
9.1880000000e+00,7.4672123725e+00,9.9999994850e-01,2.0640740551e-07
9.1890000000e+00,7.4682123724e+00,9.9999994871e-01,2.0563814699e-07
9.1900000000e+00,7.4692123724e+00,9.9999994891e-01,2.0487165297e-07
9.1910000000e+00,7.4702123723e+00,9.9999994912e-01,2.0410791393e-07
9.1920000000e+00,7.4712123723e+00,9.9999994932e-01,2.0334692035e-07
9.1930000000e+00,7.4722123722e+00,9.9999994952e-01,2.0258866275e-07
9.1940000000e+00,7.4732123722e+00,9.9999994973e-01,2.0183313169e-07
9.1950000000e+00,7.4742123721e+00,9.9999994993e-01,2.0108031776e-07
9.1960000000e+00,7.4752123721e+00,9.9999995013e-01,2.0033021157e-07
9.1970000000e+00,7.4762123720e+00,9.9999995033e-01,1.9958280377e-07
9.1980000000e+00,7.4772123720e+00,9.9999995053e-01,1.9883808504e-07
9.1990000000e+00,7.4782123719e+00,9.9999995073e-01,1.9809604609e-07
9.2000000000e+00,7.4792123719e+00,9.9999995092e-01,1.9735667766e-07
9.2010000000e+00,7.4802123718e+00,9.9999995112e-01,1.9661997051e-07
9.2020000000e+00,7.4812123718e+00,9.9999995132e-01,1.9588591546e-07
9.2030000000e+00,7.4822123717e+00,9.9999995151e-01,1.9515450333e-07
9.2040000000e+00,7.4832123717e+00,9.9999995171e-01,1.9442572498e-07
9.2050000000e+00,7.4842123716e+00,9.9999995190e-01,1.9369957131e-07
9.2060000000e+00,7.4852123716e+00,9.9999995210e-01,1.9297603323e-07
9.2070000000e+00,7.4862123715e+00,9.9999995229e-01,1.9225510170e-07
9.2080000000e+00,7.4872123715e+00,9.9999995248e-01,1.9153676771e-07
9.2090000000e+00,7.4882123714e+00,9.9999995267e-01,1.9082102226e-07
9.2100000000e+00,7.4892123714e+00,9.9999995286e-01,1.9010785639e-07
9.2110000000e+00,7.4902123713e+00,9.9999995305e-01,1.8939726117e-07
9.2120000000e+00,7.4912123713e+00,9.9999995324e-01,1.8868922772e-07
9.2130000000e+00,7.4922123712e+00,9.9999995343e-01,1.8798374715e-07
9.2140000000e+00,7.4932123712e+00,9.9999995362e-01,1.8728081062e-07
9.2150000000e+00,7.4942123711e+00,9.9999995380e-01,1.8658040933e-07
9.2160000000e+00,7.4952123711e+00,9.9999995399e-01,1.8588253449e-07
9.2170000000e+00,7.4962123710e+00,9.9999995417e-01,1.8518717734e-07
9.2180000000e+00,7.4972123710e+00,9.9999995436e-01,1.8449432917e-07
9.2190000000e+00,7.4982123710e+00,9.9999995454e-01,1.8380398128e-07
9.2200000000e+00,7.4992123709e+00,9.9999995473e-01,1.8311612500e-07
9.2210000000e+00,7.5002123709e+00,9.9999995491e-01,1.8243075170e-07
9.2220000000e+00,7.5012123708e+00,9.9999995509e-01,1.8174785276e-07
9.2230000000e+00,7.5022123708e+00,9.9999995527e-01,1.8106741960e-07
9.2240000000e+00,7.5032123707e+00,9.9999995545e-01,1.8038944367e-07
9.2250000000e+00,7.5042123707e+00,9.9999995563e-01,1.7971391646e-07
9.2260000000e+00,7.5052123706e+00,9.9999995581e-01,1.7904082945e-07
9.2270000000e+00,7.5062123706e+00,9.9999995599e-01,1.7837017419e-07
9.2280000000e+00,7.5072123706e+00,9.9999995617e-01,1.7770194224e-07
9.2290000000e+00,7.5082123705e+00,9.9999995635e-01,1.7703612517e-07
9.2300000000e+00,7.5092123705e+00,9.9999995652e-01,1.7637271462e-07
9.2310000000e+00,7.5102123704e+00,9.9999995670e-01,1.7571170222e-07
9.2320000000e+00,7.5112123704e+00,9.9999995688e-01,1.7505307965e-07
9.2330000000e+00,7.5122123703e+00,9.9999995705e-01,1.7439683860e-07
9.2340000000e+00,7.5132123703e+00,9.9999995722e-01,1.7374297081e-07
9.2350000000e+00,7.5142123703e+00,9.9999995740e-01,1.7309146802e-07
9.2360000000e+00,7.5152123702e+00,9.9999995757e-01,1.7244232202e-07
9.2370000000e+00,7.5162123702e+00,9.9999995774e-01,1.7179552462e-07
9.2380000000e+00,7.5172123701e+00,9.9999995791e-01,1.7115106766e-07
9.2390000000e+00,7.5182123701e+00,9.9999995809e-01,1.7050894299e-07
9.2400000000e+00,7.5192123700e+00,9.9999995826e-01,1.6986914252e-07
9.2410000000e+00,7.5202123700e+00,9.9999995843e-01,1.6923165815e-07
9.2420000000e+00,7.5212123700e+00,9.9999995859e-01,1.6859648183e-07
9.2430000000e+00,7.5222123699e+00,9.9999995876e-01,1.6796360553e-07
9.2440000000e+00,7.5232123699e+00,9.9999995893e-01,1.6733302125e-07
9.2450000000e+00,7.5242123698e+00,9.9999995910e-01,1.6670472102e-07
9.2460000000e+00,7.5252123698e+00,9.9999995926e-01,1.6607869688e-07
9.2470000000e+00,7.5262123698e+00,9.9999995943e-01,1.6545494092e-07
9.2480000000e+00,7.5272123697e+00,9.9999995959e-01,1.6483344523e-07
9.2490000000e+00,7.5282123697e+00,9.9999995976e-01,1.6421420195e-07
9.2500000000e+00,7.5292123696e+00,9.9999995992e-01,1.6359720324e-07
9.2510000000e+00,7.5302123696e+00,9.9999996009e-01,1.6298244127e-07
9.2520000000e+00,7.5312123696e+00,9.9999996025e-01,1.6236990825e-07
9.2530000000e+00,7.5322123695e+00,9.9999996041e-01,1.6175959642e-07
9.2540000000e+00,7.5332123695e+00,9.9999996057e-01,1.6115149804e-07
9.2550000000e+00,7.5342123694e+00,9.9999996073e-01,1.6054560539e-07
9.2560000000e+00,7.5352123694e+00,9.9999996089e-01,1.5994191080e-07
9.2570000000e+00,7.5362123694e+00,9.9999996105e-01,1.5934040658e-07
9.2580000000e+00,7.5372123693e+00,9.9999996121e-01,1.5874108511e-07
9.2590000000e+00,7.5382123693e+00,9.9999996137e-01,1.5814393878e-07
9.2600000000e+00,7.5392123692e+00,9.9999996153e-01,1.5754895999e-07
9.2610000000e+00,7.5402123692e+00,9.9999996169e-01,1.5695614119e-07
9.2620000000e+00,7.5412123692e+00,9.9999996184e-01,1.5636547485e-07
9.2630000000e+00,7.5422123691e+00,9.9999996200e-01,1.5577695344e-07
9.2640000000e+00,7.5432123691e+00,9.9999996215e-01,1.5519056949e-07
9.2650000000e+00,7.5442123690e+00,9.9999996231e-01,1.5460631553e-07
9.2660000000e+00,7.5452123690e+00,9.9999996246e-01,1.5402418414e-07
9.2670000000e+00,7.5462123690e+00,9.9999996262e-01,1.5344416789e-07
9.2680000000e+00,7.5472123689e+00,9.9999996277e-01,1.5286625940e-07
9.2690000000e+00,7.5482123689e+00,9.9999996292e-01,1.5229045131e-07
9.2700000000e+00,7.5492123689e+00,9.9999996307e-01,1.5171673629e-07
9.2710000000e+00,7.5502123688e+00,9.9999996323e-01,1.5114510702e-07
9.2720000000e+00,7.5512123688e+00,9.9999996338e-01,1.5057555621e-07
9.2730000000e+00,7.5522123688e+00,9.9999996353e-01,1.5000807660e-07
9.2740000000e+00,7.5532123687e+00,9.9999996368e-01,1.4944266095e-07
9.2750000000e+00,7.5542123687e+00,9.9999996383e-01,1.4887930204e-07
9.2760000000e+00,7.5552123686e+00,9.9999996397e-01,1.4831799269e-07
9.2770000000e+00,7.5562123686e+00,9.9999996412e-01,1.4775872573e-07
9.2780000000e+00,7.5572123686e+00,9.9999996427e-01,1.4720149400e-07
9.2790000000e+00,7.5582123685e+00,9.9999996442e-01,1.4664629041e-07
9.2800000000e+00,7.5592123685e+00,9.9999996456e-01,1.4609310784e-07
9.2810000000e+00,7.5602123685e+00,9.9999996471e-01,1.4554193922e-07
9.2820000000e+00,7.5612123684e+00,9.9999996485e-01,1.4499277752e-07
9.2830000000e+00,7.5622123684e+00,9.9999996500e-01,1.4444561570e-07
9.2840000000e+00,7.5632123684e+00,9.9999996514e-01,1.4390044677e-07
9.2850000000e+00,7.5642123683e+00,9.9999996529e-01,1.4335726374e-07
9.2860000000e+00,7.5652123683e+00,9.9999996543e-01,1.4281605967e-07
9.2870000000e+00,7.5662123683e+00,9.9999996557e-01,1.4227682762e-07
9.2880000000e+00,7.5672123682e+00,9.9999996571e-01,1.4173956068e-07
9.2890000000e+00,7.5682123682e+00,9.9999996586e-01,1.4120425197e-07
9.2900000000e+00,7.5692123682e+00,9.9999996600e-01,1.4067089463e-07
9.2910000000e+00,7.5702123681e+00,9.9999996614e-01,1.4013948182e-07
9.2920000000e+00,7.5712123681e+00,9.9999996628e-01,1.3961000672e-07
9.2930000000e+00,7.5722123681e+00,9.9999996642e-01,1.3908246255e-07
9.2940000000e+00,7.5732123680e+00,9.9999996656e-01,1.3855684253e-07
9.2950000000e+00,7.5742123680e+00,9.9999996669e-01,1.3803313991e-07
9.2960000000e+00,7.5752123680e+00,9.9999996683e-01,1.3751134797e-07
9.2970000000e+00,7.5762123679e+00,9.9999996697e-01,1.3699146001e-07
9.2980000000e+00,7.5772123679e+00,9.9999996711e-01,1.3647346936e-07
9.2990000000e+00,7.5782123679e+00,9.9999996724e-01,1.3595736934e-07
9.3000000000e+00,7.5792123678e+00,9.9999996738e-01,1.3544315333e-07
9.3010000000e+00,7.5802123678e+00,9.9999996751e-01,1.3493081472e-07
9.3020000000e+00,7.5812123678e+00,9.9999996765e-01,1.3442034691e-07
9.3030000000e+00,7.5822123677e+00,9.9999996778e-01,1.3391174333e-07
9.3040000000e+00,7.5832123677e+00,9.9999996791e-01,1.3340499745e-07
9.3050000000e+00,7.5842123677e+00,9.9999996805e-01,1.3290010274e-07
9.3060000000e+00,7.5852123676e+00,9.9999996818e-01,1.3239705269e-07
9.3070000000e+00,7.5862123676e+00,9.9999996831e-01,1.3189584082e-07
9.3080000000e+00,7.5872123676e+00,9.9999996844e-01,1.3139646068e-07
9.3090000000e+00,7.5882123675e+00,9.9999996858e-01,1.3089890582e-07
9.3100000000e+00,7.5892123675e+00,9.9999996871e-01,1.3040316985e-07
9.3110000000e+00,7.5902123675e+00,9.9999996884e-01,1.2990924635e-07
9.3120000000e+00,7.5912123674e+00,9.9999996897e-01,1.2941712896e-07
9.3130000000e+00,7.5922123674e+00,9.9999996910e-01,1.2892681132e-07
9.3140000000e+00,7.5932123674e+00,9.9999996922e-01,1.2843828712e-07
9.3150000000e+00,7.5942123673e+00,9.9999996935e-01,1.2795155004e-07
9.3160000000e+00,7.5952123673e+00,9.9999996948e-01,1.2746659378e-07
9.3170000000e+00,7.5962123673e+00,9.9999996961e-01,1.2698341210e-07
9.3180000000e+00,7.5972123673e+00,9.9999996973e-01,1.2650199874e-07
9.3190000000e+00,7.5982123672e+00,9.9999996986e-01,1.2602234748e-07
9.3200000000e+00,7.5992123672e+00,9.9999996999e-01,1.2554445212e-07
9.3210000000e+00,7.6002123672e+00,9.9999997011e-01,1.2506830647e-07
9.3220000000e+00,7.6012123671e+00,9.9999997024e-01,1.2459390438e-07
9.3230000000e+00,7.6022123671e+00,9.9999997036e-01,1.2412123970e-07
9.3240000000e+00,7.6032123671e+00,9.9999997048e-01,1.2365030632e-07
9.3250000000e+00,7.6042123670e+00,9.9999997061e-01,1.2318109813e-07
9.3260000000e+00,7.6052123670e+00,9.9999997073e-01,1.2271360907e-07
9.3270000000e+00,7.6062123670e+00,9.9999997085e-01,1.2224783306e-07
9.3280000000e+00,7.6072123670e+00,9.9999997098e-01,1.2178376408e-07
9.3290000000e+00,7.6082123669e+00,9.9999997110e-01,1.2132139610e-07
9.3300000000e+00,7.6092123669e+00,9.9999997122e-01,1.2086072314e-07
9.3310000000e+00,7.6102123669e+00,9.9999997134e-01,1.2040173920e-07
9.3320000000e+00,7.6112123668e+00,9.9999997146e-01,1.1994443835e-07
9.3330000000e+00,7.6122123668e+00,9.9999997158e-01,1.1948881464e-07
9.3340000000e+00,7.6132123668e+00,9.9999997170e-01,1.1903486215e-07
9.3350000000e+00,7.6142123668e+00,9.9999997182e-01,1.1858257499e-07
9.3360000000e+00,7.6152123667e+00,9.9999997193e-01,1.1813194728e-07
9.3370000000e+00,7.6162123667e+00,9.9999997205e-01,1.1768297317e-07
9.3380000000e+00,7.6172123667e+00,9.9999997217e-01,1.1723564683e-07
9.3390000000e+00,7.6182123666e+00,9.9999997229e-01,1.1678996242e-07
9.3400000000e+00,7.6192123666e+00,9.9999997240e-01,1.1634591416e-07
9.3410000000e+00,7.6202123666e+00,9.9999997252e-01,1.1590349627e-07
9.3420000000e+00,7.6212123666e+00,9.9999997264e-01,1.1546270299e-07
9.3430000000e+00,7.6222123665e+00,9.9999997275e-01,1.1502352858e-07
9.3440000000e+00,7.6232123665e+00,9.9999997287e-01,1.1458596732e-07
9.3450000000e+00,7.6242123665e+00,9.9999997298e-01,1.1415001352e-07
9.3460000000e+00,7.6252123665e+00,9.9999997309e-01,1.1371566149e-07
9.3470000000e+00,7.6262123664e+00,9.9999997321e-01,1.1328290557e-07
9.3480000000e+00,7.6272123664e+00,9.9999997332e-01,1.1285174012e-07
9.3490000000e+00,7.6282123664e+00,9.9999997343e-01,1.1242215951e-07
9.3500000000e+00,7.6292123663e+00,9.9999997355e-01,1.1199415814e-07
9.3510000000e+00,7.6302123663e+00,9.9999997366e-01,1.1156773043e-07
9.3520000000e+00,7.6312123663e+00,9.9999997377e-01,1.1114287081e-07
9.3530000000e+00,7.6322123663e+00,9.9999997388e-01,1.1071957374e-07
9.3540000000e+00,7.6332123662e+00,9.9999997399e-01,1.1029783367e-07
9.3550000000e+00,7.6342123662e+00,9.9999997410e-01,1.0987764512e-07
9.3560000000e+00,7.6352123662e+00,9.9999997421e-01,1.0945900257e-07
9.3570000000e+00,7.6362123662e+00,9.9999997432e-01,1.0904190056e-07
9.3580000000e+00,7.6372123661e+00,9.9999997443e-01,1.0862633365e-07
9.3590000000e+00,7.6382123661e+00,9.9999997454e-01,1.0821229638e-07
9.3600000000e+00,7.6392123661e+00,9.9999997464e-01,1.0779978334e-07
9.3610000000e+00,7.6402123661e+00,9.9999997475e-01,1.0738878914e-07
9.3620000000e+00,7.6412123660e+00,9.9999997486e-01,1.0697930840e-07
9.3630000000e+00,7.6422123660e+00,9.9999997497e-01,1.0657133574e-07
9.3640000000e+00,7.6432123660e+00,9.9999997507e-01,1.0616486584e-07
9.3650000000e+00,7.6442123660e+00,9.9999997518e-01,1.0575989336e-07
9.3660000000e+00,7.6452123659e+00,9.9999997528e-01,1.0535641299e-07
9.3670000000e+00,7.6462123659e+00,9.9999997539e-01,1.0495441945e-07
9.3680000000e+00,7.6472123659e+00,9.9999997549e-01,1.0455390745e-07
9.3690000000e+00,7.6482123659e+00,9.9999997560e-01,1.0415487176e-07
9.3700000000e+00,7.6492123658e+00,9.9999997570e-01,1.0375730713e-07
9.3710000000e+00,7.6502123658e+00,9.9999997581e-01,1.0336120835e-07
9.3720000000e+00,7.6512123658e+00,9.9999997591e-01,1.0296657021e-07
9.3730000000e+00,7.6522123658e+00,9.9999997601e-01,1.0257338753e-07
9.3740000000e+00,7.6532123657e+00,9.9999997611e-01,1.0218165515e-07
9.3750000000e+00,7.6542123657e+00,9.9999997622e-01,1.0179136791e-07
9.3760000000e+00,7.6552123657e+00,9.9999997632e-01,1.0140252069e-07
9.3770000000e+00,7.6562123657e+00,9.9999997642e-01,1.0101510838e-07
9.3780000000e+00,7.6572123656e+00,9.9999997652e-01,1.0062912587e-07
9.3790000000e+00,7.6582123656e+00,9.9999997662e-01,1.0024456810e-07
9.3800000000e+00,7.6592123656e+00,9.9999997672e-01,9.9861429999e-08
9.3810000000e+00,7.6602123656e+00,9.9999997682e-01,9.9479706523e-08
9.3820000000e+00,7.6612123656e+00,9.9999997692e-01,9.9099392648e-08
9.3830000000e+00,7.6622123655e+00,9.9999997702e-01,9.8720483364e-08
9.3840000000e+00,7.6632123655e+00,9.9999997712e-01,9.8342973679e-08
9.3850000000e+00,7.6642123655e+00,9.9999997721e-01,9.7966858617e-08
9.3860000000e+00,7.6652123655e+00,9.9999997731e-01,9.7592133219e-08
9.3870000000e+00,7.6662123654e+00,9.9999997741e-01,9.7218792546e-08
9.3880000000e+00,7.6672123654e+00,9.9999997751e-01,9.6846831671e-08
9.3890000000e+00,7.6682123654e+00,9.9999997760e-01,9.6476245687e-08
9.3900000000e+00,7.6692123654e+00,9.9999997770e-01,9.6107029703e-08
9.3910000000e+00,7.6702123654e+00,9.9999997780e-01,9.5739178845e-08
9.3920000000e+00,7.6712123653e+00,9.9999997789e-01,9.5372688253e-08
9.3930000000e+00,7.6722123653e+00,9.9999997799e-01,9.5007553088e-08
9.3940000000e+00,7.6732123653e+00,9.9999997808e-01,9.4643768524e-08
9.3950000000e+00,7.6742123653e+00,9.9999997818e-01,9.4281329753e-08
9.3960000000e+00,7.6752123652e+00,9.9999997827e-01,9.3920231983e-08
9.3970000000e+00,7.6762123652e+00,9.9999997836e-01,9.3560470438e-08
9.3980000000e+00,7.6772123652e+00,9.9999997846e-01,9.3202040359e-08
9.3990000000e+00,7.6782123652e+00,9.9999997855e-01,9.2844937003e-08
9.4000000000e+00,7.6792123652e+00,9.9999997864e-01,9.2489155643e-08
9.4010000000e+00,7.6802123651e+00,9.9999997873e-01,9.2134691568e-08
9.4020000000e+00,7.6812123651e+00,9.9999997883e-01,9.1781540083e-08
9.4030000000e+00,7.6822123651e+00,9.9999997892e-01,9.1429696510e-08
9.4040000000e+00,7.6832123651e+00,9.9999997901e-01,9.1079156187e-08
9.4050000000e+00,7.6842123651e+00,9.9999997910e-01,9.0729914465e-08
9.4060000000e+00,7.6852123650e+00,9.9999997919e-01,9.0381966715e-08
9.4070000000e+00,7.6862123650e+00,9.9999997928e-01,9.0035308321e-08
9.4080000000e+00,7.6872123650e+00,9.9999997937e-01,8.9689934685e-08
9.4090000000e+00,7.6882123650e+00,9.9999997946e-01,8.9345841221e-08
9.4100000000e+00,7.6892123649e+00,9.9999997955e-01,8.9003023363e-08
9.4110000000e+00,7.6902123649e+00,9.9999997964e-01,8.8661476559e-08
9.4120000000e+00,7.6912123649e+00,9.9999997973e-01,8.8321196270e-08
9.4130000000e+00,7.6922123649e+00,9.9999997982e-01,8.7982177977e-08
9.4140000000e+00,7.6932123649e+00,9.9999997990e-01,8.7644417174e-08
9.4150000000e+00,7.6942123648e+00,9.9999997999e-01,8.7307909369e-08
9.4160000000e+00,7.6952123648e+00,9.9999998008e-01,8.6972650089e-08
9.4170000000e+00,7.6962123648e+00,9.9999998016e-01,8.6638634873e-08
9.4180000000e+00,7.6972123648e+00,9.9999998025e-01,8.6305859277e-08
9.4190000000e+00,7.6982123648e+00,9.9999998034e-01,8.5974318872e-08
9.4200000000e+00,7.6992123647e+00,9.9999998042e-01,8.5644009243e-08
9.4210000000e+00,7.7002123647e+00,9.9999998051e-01,8.5314925993e-08
9.4220000000e+00,7.7012123647e+00,9.9999998059e-01,8.4987064737e-08
9.4230000000e+00,7.7022123647e+00,9.9999998068e-01,8.4660421105e-08
9.4240000000e+00,7.7032123647e+00,9.9999998076e-01,8.4334990746e-08
9.4250000000e+00,7.7042123647e+00,9.9999998085e-01,8.4010769318e-08
9.4260000000e+00,7.7052123646e+00,9.9999998093e-01,8.3687752499e-08
9.4270000000e+00,7.7062123646e+00,9.9999998101e-01,8.3365935979e-08
9.4280000000e+00,7.7072123646e+00,9.9999998110e-01,8.3045315463e-08
9.4290000000e+00,7.7082123646e+00,9.9999998118e-01,8.2725886672e-08
9.4300000000e+00,7.7092123646e+00,9.9999998126e-01,8.2407645341e-08
9.4310000000e+00,7.7102123645e+00,9.9999998135e-01,8.2090587220e-08
9.4320000000e+00,7.7112123645e+00,9.9999998143e-01,8.1774708071e-08
9.4330000000e+00,7.7122123645e+00,9.9999998151e-01,8.1460003675e-08
9.4340000000e+00,7.7132123645e+00,9.9999998159e-01,8.1146469824e-08
9.4350000000e+00,7.7142123645e+00,9.9999998167e-01,8.0834102326e-08
9.4360000000e+00,7.7152123644e+00,9.9999998175e-01,8.0522897002e-08
9.4370000000e+00,7.7162123644e+00,9.9999998183e-01,8.0212849689e-08
9.4380000000e+00,7.7172123644e+00,9.9999998191e-01,7.9903956239e-08
9.4390000000e+00,7.7182123644e+00,9.9999998199e-01,7.9596212514e-08
9.4400000000e+00,7.7192123644e+00,9.9999998207e-01,7.9289614396e-08
9.4410000000e+00,7.7202123644e+00,9.9999998215e-01,7.8984157776e-08
9.4420000000e+00,7.7212123643e+00,9.9999998223e-01,7.8679838562e-08
9.4430000000e+00,7.7222123643e+00,9.9999998231e-01,7.8376652677e-08
9.4440000000e+00,7.7232123643e+00,9.9999998239e-01,7.8074596054e-08
9.4450000000e+00,7.7242123643e+00,9.9999998246e-01,7.7773664643e-08
9.4460000000e+00,7.7252123643e+00,9.9999998254e-01,7.7473854408e-08
9.4470000000e+00,7.7262123642e+00,9.9999998262e-01,7.7175161326e-08
9.4480000000e+00,7.7272123642e+00,9.9999998270e-01,7.6877581389e-08
9.4490000000e+00,7.7282123642e+00,9.9999998277e-01,7.6581110600e-08
9.4500000000e+00,7.7292123642e+00,9.9999998285e-01,7.6285744978e-08
9.4510000000e+00,7.7302123642e+00,9.9999998293e-01,7.5991480556e-08
9.4520000000e+00,7.7312123642e+00,9.9999998300e-01,7.5698313380e-08
9.4530000000e+00,7.7322123641e+00,9.9999998308e-01,7.5406239508e-08
9.4540000000e+00,7.7332123641e+00,9.9999998315e-01,7.5115255015e-08
9.4550000000e+00,7.7342123641e+00,9.9999998323e-01,7.4825355987e-08
9.4560000000e+00,7.7352123641e+00,9.9999998330e-01,7.4536538524e-08
9.4570000000e+00,7.7362123641e+00,9.9999998338e-01,7.4248798740e-08
9.4580000000e+00,7.7372123641e+00,9.9999998345e-01,7.3962132761e-08
9.4590000000e+00,7.7382123640e+00,9.9999998352e-01,7.3676536727e-08
9.4600000000e+00,7.7392123640e+00,9.9999998360e-01,7.3392006793e-08
9.4610000000e+00,7.7402123640e+00,9.9999998367e-01,7.3108539125e-08
9.4620000000e+00,7.7412123640e+00,9.9999998374e-01,7.2826129904e-08
9.4630000000e+00,7.7422123640e+00,9.9999998382e-01,7.2544775321e-08
9.4640000000e+00,7.7432123640e+00,9.9999998389e-01,7.2264471585e-08
9.4650000000e+00,7.7442123639e+00,9.9999998396e-01,7.1985214914e-08
9.4660000000e+00,7.7452123639e+00,9.9999998403e-01,7.1707001540e-08
9.4670000000e+00,7.7462123639e+00,9.9999998410e-01,7.1429827709e-08
9.4680000000e+00,7.7472123639e+00,9.9999998418e-01,7.1153689680e-08
9.4690000000e+00,7.7482123639e+00,9.9999998425e-01,7.0878583724e-08
9.4700000000e+00,7.7492123639e+00,9.9999998432e-01,7.0604506125e-08
9.4710000000e+00,7.7502123639e+00,9.9999998439e-01,7.0331453180e-08
9.4720000000e+00,7.7512123638e+00,9.9999998446e-01,7.0059421199e-08
9.4730000000e+00,7.7522123638e+00,9.9999998453e-01,6.9788406505e-08
9.4740000000e+00,7.7532123638e+00,9.9999998460e-01,6.9518405432e-08
9.4750000000e+00,7.7542123638e+00,9.9999998467e-01,6.9249414329e-08
9.4760000000e+00,7.7552123638e+00,9.9999998474e-01,6.8981429556e-08
9.4770000000e+00,7.7562123638e+00,9.9999998480e-01,6.8714447487e-08
9.4780000000e+00,7.7572123637e+00,9.9999998487e-01,6.8448464506e-08
9.4790000000e+00,7.7582123637e+00,9.9999998494e-01,6.8183477013e-08
9.4800000000e+00,7.7592123637e+00,9.9999998501e-01,6.7919481418e-08
9.4810000000e+00,7.7602123637e+00,9.9999998508e-01,6.7656474143e-08
9.4820000000e+00,7.7612123637e+00,9.9999998515e-01,6.7394451624e-08
9.4830000000e+00,7.7622123637e+00,9.9999998521e-01,6.7133410310e-08
9.4840000000e+00,7.7632123637e+00,9.9999998528e-01,6.6873346659e-08
9.4850000000e+00,7.7642123636e+00,9.9999998535e-01,6.6614257144e-08
9.4860000000e+00,7.7652123636e+00,9.9999998541e-01,6.6356138250e-08
9.4870000000e+00,7.7662123636e+00,9.9999998548e-01,6.6098986473e-08
9.4880000000e+00,7.7672123636e+00,9.9999998554e-01,6.5842798322e-08
9.4890000000e+00,7.7682123636e+00,9.9999998561e-01,6.5587570318e-08
9.4900000000e+00,7.7692123636e+00,9.9999998568e-01,6.5333298994e-08
9.4910000000e+00,7.7702123636e+00,9.9999998574e-01,6.5079980894e-08
9.4920000000e+00,7.7712123635e+00,9.9999998581e-01,6.4827612576e-08
9.4930000000e+00,7.7722123635e+00,9.9999998587e-01,6.4576190608e-08
9.4940000000e+00,7.7732123635e+00,9.9999998594e-01,6.4325711571e-08
9.4950000000e+00,7.7742123635e+00,9.9999998600e-01,6.4076172058e-08
9.4960000000e+00,7.7752123635e+00,9.9999998606e-01,6.3827568672e-08
9.4970000000e+00,7.7762123635e+00,9.9999998613e-01,6.3579898031e-08
9.4980000000e+00,7.7772123635e+00,9.9999998619e-01,6.3333156761e-08
9.4990000000e+00,7.7782123634e+00,9.9999998625e-01,6.3087341503e-08
9.5000000000e+00,7.7792123634e+00,9.9999998632e-01,6.2842448907e-08
9.5010000000e+00,7.7802123634e+00,9.9999998638e-01,6.2598475637e-08
9.5020000000e+00,7.7812123634e+00,9.9999998644e-01,6.2355418366e-08
9.5030000000e+00,7.7822123634e+00,9.9999998650e-01,6.2113273782e-08
9.5040000000e+00,7.7832123634e+00,9.9999998657e-01,6.1872038580e-08
9.5050000000e+00,7.7842123634e+00,9.9999998663e-01,6.1631709471e-08
9.5060000000e+00,7.7852123633e+00,9.9999998669e-01,6.1392283174e-08
9.5070000000e+00,7.7862123633e+00,9.9999998675e-01,6.1153756422e-08
9.5080000000e+00,7.7872123633e+00,9.9999998681e-01,6.0916125956e-08
9.5090000000e+00,7.7882123633e+00,9.9999998687e-01,6.0679388532e-08
9.5100000000e+00,7.7892123633e+00,9.9999998693e-01,6.0443540916e-08
9.5110000000e+00,7.7902123633e+00,9.9999998699e-01,6.0208579884e-08
9.5120000000e+00,7.7912123633e+00,9.9999998705e-01,5.9974502224e-08
9.5130000000e+00,7.7922123633e+00,9.9999998711e-01,5.9741304735e-08
9.5140000000e+00,7.7932123632e+00,9.9999998717e-01,5.9508984229e-08
9.5150000000e+00,7.7942123632e+00,9.9999998723e-01,5.9277537526e-08
9.5160000000e+00,7.7952123632e+00,9.9999998729e-01,5.9046961459e-08
9.5170000000e+00,7.7962123632e+00,9.9999998735e-01,5.8817252872e-08
9.5180000000e+00,7.7972123632e+00,9.9999998741e-01,5.8588408619e-08
9.5190000000e+00,7.7982123632e+00,9.9999998747e-01,5.8360425565e-08
9.5200000000e+00,7.7992123632e+00,9.9999998753e-01,5.8133300587e-08
9.5210000000e+00,7.8002123632e+00,9.9999998758e-01,5.7907030572e-08
9.5220000000e+00,7.8012123631e+00,9.9999998764e-01,5.7681612419e-08
9.5230000000e+00,7.8022123631e+00,9.9999998770e-01,5.7457043036e-08
9.5240000000e+00,7.8032123631e+00,9.9999998776e-01,5.7233319343e-08
9.5250000000e+00,7.8042123631e+00,9.9999998781e-01,5.7010438269e-08
9.5260000000e+00,7.8052123631e+00,9.9999998787e-01,5.6788396758e-08
9.5270000000e+00,7.8062123631e+00,9.9999998793e-01,5.6567191759e-08
9.5280000000e+00,7.8072123631e+00,9.9999998798e-01,5.6346820235e-08
9.5290000000e+00,7.8082123631e+00,9.9999998804e-01,5.6127279160e-08
9.5300000000e+00,7.8092123630e+00,9.9999998810e-01,5.5908565516e-08
9.5310000000e+00,7.8102123630e+00,9.9999998815e-01,5.5690676299e-08
9.5320000000e+00,7.8112123630e+00,9.9999998821e-01,5.5473608511e-08
9.5330000000e+00,7.8122123630e+00,9.9999998826e-01,5.5257359169e-08
9.5340000000e+00,7.8132123630e+00,9.9999998832e-01,5.5041925297e-08
9.5350000000e+00,7.8142123630e+00,9.9999998837e-01,5.4827303931e-08
9.5360000000e+00,7.8152123630e+00,9.9999998843e-01,5.4613492118e-08
9.5370000000e+00,7.8162123630e+00,9.9999998848e-01,5.4400486913e-08
9.5380000000e+00,7.8172123630e+00,9.9999998854e-01,5.4188285383e-08
9.5390000000e+00,7.8182123629e+00,9.9999998859e-01,5.3976884606e-08
9.5400000000e+00,7.8192123629e+00,9.9999998864e-01,5.3766281667e-08
9.5410000000e+00,7.8202123629e+00,9.9999998870e-01,5.3556473665e-08
9.5420000000e+00,7.8212123629e+00,9.9999998875e-01,5.3347457707e-08
9.5430000000e+00,7.8222123629e+00,9.9999998880e-01,5.3139230911e-08
9.5440000000e+00,7.8232123629e+00,9.9999998886e-01,5.2931790403e-08
9.5450000000e+00,7.8242123629e+00,9.9999998891e-01,5.2725133321e-08
9.5460000000e+00,7.8252123629e+00,9.9999998896e-01,5.2519256813e-08
9.5470000000e+00,7.8262123629e+00,9.9999998902e-01,5.2314158037e-08
9.5480000000e+00,7.8272123628e+00,9.9999998907e-01,5.2109834161e-08
9.5490000000e+00,7.8282123628e+00,9.9999998912e-01,5.1906282360e-08
9.5500000000e+00,7.8292123628e+00,9.9999998917e-01,5.1703499823e-08
9.5510000000e+00,7.8302123628e+00,9.9999998922e-01,5.1501483747e-08
9.5520000000e+00,7.8312123628e+00,9.9999998927e-01,5.1300231339e-08
9.5530000000e+00,7.8322123628e+00,9.9999998933e-01,5.1099739815e-08
9.5540000000e+00,7.8332123628e+00,9.9999998938e-01,5.0900006402e-08
9.5550000000e+00,7.8342123628e+00,9.9999998943e-01,5.0701028336e-08
9.5560000000e+00,7.8352123628e+00,9.9999998948e-01,5.0502802863e-08
9.5570000000e+00,7.8362123627e+00,9.9999998953e-01,5.0305327238e-08
9.5580000000e+00,7.8372123627e+00,9.9999998958e-01,5.0108598726e-08
9.5590000000e+00,7.8382123627e+00,9.9999998963e-01,4.9912614601e-08
9.5600000000e+00,7.8392123627e+00,9.9999998968e-01,4.9717372149e-08
9.5610000000e+00,7.8402123627e+00,9.9999998973e-01,4.9522868663e-08
9.5620000000e+00,7.8412123627e+00,9.9999998978e-01,4.9329101445e-08
9.5630000000e+00,7.8422123627e+00,9.9999998983e-01,4.9136067808e-08
9.5640000000e+00,7.8432123627e+00,9.9999998988e-01,4.8943765075e-08
9.5650000000e+00,7.8442123627e+00,9.9999998993e-01,4.8752190577e-08
9.5660000000e+00,7.8452123627e+00,9.9999998997e-01,4.8561341654e-08
9.5670000000e+00,7.8462123626e+00,9.9999999002e-01,4.8371215657e-08
9.5680000000e+00,7.8472123626e+00,9.9999999007e-01,4.8181809945e-08
9.5690000000e+00,7.8482123626e+00,9.9999999012e-01,4.7993121887e-08
9.5700000000e+00,7.8492123626e+00,9.9999999017e-01,4.7805148860e-08
9.5710000000e+00,7.8502123626e+00,9.9999999021e-01,4.7617888252e-08
9.5720000000e+00,7.8512123626e+00,9.9999999026e-01,4.7431337459e-08
9.5730000000e+00,7.8522123626e+00,9.9999999031e-01,4.7245493886e-08
9.5740000000e+00,7.8532123626e+00,9.9999999036e-01,4.7060354947e-08
9.5750000000e+00,7.8542123626e+00,9.9999999040e-01,4.6875918067e-08
9.5760000000e+00,7.8552123626e+00,9.9999999045e-01,4.6692180678e-08
9.5770000000e+00,7.8562123625e+00,9.9999999050e-01,4.6509140221e-08
9.5780000000e+00,7.8572123625e+00,9.9999999054e-01,4.6326794147e-08
9.5790000000e+00,7.8582123625e+00,9.9999999059e-01,4.6145139916e-08
9.5800000000e+00,7.8592123625e+00,9.9999999064e-01,4.5964174996e-08
9.5810000000e+00,7.8602123625e+00,9.9999999068e-01,4.5783896864e-08
9.5820000000e+00,7.8612123625e+00,9.9999999073e-01,4.5604303007e-08
9.5830000000e+00,7.8622123625e+00,9.9999999077e-01,4.5425390920e-08
9.5840000000e+00,7.8632123625e+00,9.9999999082e-01,4.5247158107e-08
9.5850000000e+00,7.8642123625e+00,9.9999999086e-01,4.5069602080e-08
9.5860000000e+00,7.8652123625e+00,9.9999999091e-01,4.4892720360e-08
9.5870000000e+00,7.8662123625e+00,9.9999999095e-01,4.4716510479e-08
9.5880000000e+00,7.8672123624e+00,9.9999999100e-01,4.4540969974e-08
9.5890000000e+00,7.8682123624e+00,9.9999999104e-01,4.4366096393e-08
9.5900000000e+00,7.8692123624e+00,9.9999999109e-01,4.4191887292e-08
9.5910000000e+00,7.8702123624e+00,9.9999999113e-01,4.4018340237e-08
9.5920000000e+00,7.8712123624e+00,9.9999999117e-01,4.3845452799e-08
9.5930000000e+00,7.8722123624e+00,9.9999999122e-01,4.3673222562e-08
9.5940000000e+00,7.8732123624e+00,9.9999999126e-01,4.3501647115e-08
9.5950000000e+00,7.8742123624e+00,9.9999999130e-01,4.3330724057e-08
9.5960000000e+00,7.8752123624e+00,9.9999999135e-01,4.3160450996e-08
9.5970000000e+00,7.8762123624e+00,9.9999999139e-01,4.2990825546e-08
9.5980000000e+00,7.8772123624e+00,9.9999999143e-01,4.2821845334e-08
9.5990000000e+00,7.8782123623e+00,9.9999999148e-01,4.2653507989e-08
9.6000000000e+00,7.8792123623e+00,9.9999999152e-01,4.2485811155e-08
9.6010000000e+00,7.8802123623e+00,9.9999999156e-01,4.2318752479e-08
9.6020000000e+00,7.8812123623e+00,9.9999999160e-01,4.2152329619e-08
9.6030000000e+00,7.8822123623e+00,9.9999999165e-01,4.1986540241e-08
9.6040000000e+00,7.8832123623e+00,9.9999999169e-01,4.1821382018e-08
9.6050000000e+00,7.8842123623e+00,9.9999999173e-01,4.1656852634e-08
9.6060000000e+00,7.8852123623e+00,9.9999999177e-01,4.1492949777e-08
9.6070000000e+00,7.8862123623e+00,9.9999999181e-01,4.1329671147e-08
9.6080000000e+00,7.8872123623e+00,9.9999999185e-01,4.1167014450e-08
9.6090000000e+00,7.8882123623e+00,9.9999999189e-01,4.1004977401e-08
9.6100000000e+00,7.8892123623e+00,9.9999999194e-01,4.0843557723e-08
9.6110000000e+00,7.8902123622e+00,9.9999999198e-01,4.0682753146e-08
9.6120000000e+00,7.8912123622e+00,9.9999999202e-01,4.0522561409e-08
9.6130000000e+00,7.8922123622e+00,9.9999999206e-01,4.0362980259e-08
9.6140000000e+00,7.8932123622e+00,9.9999999210e-01,4.0204007450e-08
9.6150000000e+00,7.8942123622e+00,9.9999999214e-01,4.0045640746e-08
9.6160000000e+00,7.8952123622e+00,9.9999999218e-01,3.9887877916e-08
9.6170000000e+00,7.8962123622e+00,9.9999999222e-01,3.9730716739e-08
9.6180000000e+00,7.8972123622e+00,9.9999999226e-01,3.9574155003e-08
9.6190000000e+00,7.8982123622e+00,9.9999999230e-01,3.9418190499e-08
9.6200000000e+00,7.8992123622e+00,9.9999999234e-01,3.9262821032e-08
9.6210000000e+00,7.9002123622e+00,9.9999999238e-01,3.9108044409e-08
9.6220000000e+00,7.9012123622e+00,9.9999999241e-01,3.8953858450e-08
9.6230000000e+00,7.9022123622e+00,9.9999999245e-01,3.8800260978e-08
9.6240000000e+00,7.9032123621e+00,9.9999999249e-01,3.8647249827e-08
9.6250000000e+00,7.9042123621e+00,9.9999999253e-01,3.8494822837e-08
9.6260000000e+00,7.9052123621e+00,9.9999999257e-01,3.8342977856e-08
9.6270000000e+00,7.9062123621e+00,9.9999999261e-01,3.8191712741e-08
9.6280000000e+00,7.9072123621e+00,9.9999999265e-01,3.8041025354e-08
9.6290000000e+00,7.9082123621e+00,9.9999999268e-01,3.7890913566e-08
9.6300000000e+00,7.9092123621e+00,9.9999999272e-01,3.7741375257e-08
9.6310000000e+00,7.9102123621e+00,9.9999999276e-01,3.7592408311e-08
9.6320000000e+00,7.9112123621e+00,9.9999999280e-01,3.7444010623e-08
9.6330000000e+00,7.9122123621e+00,9.9999999283e-01,3.7296180093e-08
9.6340000000e+00,7.9132123621e+00,9.9999999287e-01,3.7148914630e-08
9.6350000000e+00,7.9142123621e+00,9.9999999291e-01,3.7002212149e-08
9.6360000000e+00,7.9152123621e+00,9.9999999295e-01,3.6856070574e-08
9.6370000000e+00,7.9162123621e+00,9.9999999298e-01,3.6710487835e-08
9.6380000000e+00,7.9172123620e+00,9.9999999302e-01,3.6565461870e-08
9.6390000000e+00,7.9182123620e+00,9.9999999305e-01,3.6420990624e-08
9.6400000000e+00,7.9192123620e+00,9.9999999309e-01,3.6277072050e-08
9.6410000000e+00,7.9202123620e+00,9.9999999313e-01,3.6133704108e-08
9.6420000000e+00,7.9212123620e+00,9.9999999316e-01,3.5990884764e-08
9.6430000000e+00,7.9222123620e+00,9.9999999320e-01,3.5848611993e-08
9.6440000000e+00,7.9232123620e+00,9.9999999324e-01,3.5706883775e-08
9.6450000000e+00,7.9242123620e+00,9.9999999327e-01,3.5565698100e-08
9.6460000000e+00,7.9252123620e+00,9.9999999331e-01,3.5425052964e-08
9.6470000000e+00,7.9262123620e+00,9.9999999334e-01,3.5284946368e-08
9.6480000000e+00,7.9272123620e+00,9.9999999338e-01,3.5145376324e-08
9.6490000000e+00,7.9282123620e+00,9.9999999341e-01,3.5006340847e-08
9.6500000000e+00,7.9292123620e+00,9.9999999345e-01,3.4867837962e-08
9.6510000000e+00,7.9302123620e+00,9.9999999348e-01,3.4729865700e-08
9.6520000000e+00,7.9312123620e+00,9.9999999352e-01,3.4592422099e-08
9.6530000000e+00,7.9322123619e+00,9.9999999355e-01,3.4455505203e-08
9.6540000000e+00,7.9332123619e+00,9.9999999359e-01,3.4319113066e-08
9.6550000000e+00,7.9342123619e+00,9.9999999362e-01,3.4183243746e-08
9.6560000000e+00,7.9352123619e+00,9.9999999365e-01,3.4047895307e-08
9.6570000000e+00,7.9362123619e+00,9.9999999369e-01,3.3913065825e-08
9.6580000000e+00,7.9372123619e+00,9.9999999372e-01,3.3778753376e-08
9.6590000000e+00,7.9382123619e+00,9.9999999376e-01,3.3644956049e-08
9.6600000000e+00,7.9392123619e+00,9.9999999379e-01,3.3511671936e-08
9.6610000000e+00,7.9402123619e+00,9.9999999382e-01,3.3378899137e-08
9.6620000000e+00,7.9412123619e+00,9.9999999386e-01,3.3246635758e-08
9.6630000000e+00,7.9422123619e+00,9.9999999389e-01,3.3114879914e-08
9.6640000000e+00,7.9432123619e+00,9.9999999392e-01,3.2983629724e-08
9.6650000000e+00,7.9442123619e+00,9.9999999395e-01,3.2852883315e-08
9.6660000000e+00,7.9452123619e+00,9.9999999399e-01,3.2722638821e-08
9.6670000000e+00,7.9462123619e+00,9.9999999402e-01,3.2592894382e-08
9.6680000000e+00,7.9472123619e+00,9.9999999405e-01,3.2463648144e-08
9.6690000000e+00,7.9482123618e+00,9.9999999409e-01,3.2334898262e-08
9.6700000000e+00,7.9492123618e+00,9.9999999412e-01,3.2206642894e-08
9.6710000000e+00,7.9502123618e+00,9.9999999415e-01,3.2078880208e-08
9.6720000000e+00,7.9512123618e+00,9.9999999418e-01,3.1951608376e-08
9.6730000000e+00,7.9522123618e+00,9.9999999421e-01,3.1824825579e-08
9.6740000000e+00,7.9532123618e+00,9.9999999425e-01,3.1698530001e-08
9.6750000000e+00,7.9542123618e+00,9.9999999428e-01,3.1572719837e-08
9.6760000000e+00,7.9552123618e+00,9.9999999431e-01,3.1447393284e-08
9.6770000000e+00,7.9562123618e+00,9.9999999434e-01,3.1322548548e-08
9.6780000000e+00,7.9572123618e+00,9.9999999437e-01,3.1198183841e-08
9.6790000000e+00,7.9582123618e+00,9.9999999440e-01,3.1074297381e-08
9.6800000000e+00,7.9592123618e+00,9.9999999443e-01,3.0950887392e-08
9.6810000000e+00,7.9602123618e+00,9.9999999446e-01,3.0827952106e-08
9.6820000000e+00,7.9612123618e+00,9.9999999449e-01,3.0705489760e-08
9.6830000000e+00,7.9622123618e+00,9.9999999453e-01,3.0583498597e-08
9.6840000000e+00,7.9632123618e+00,9.9999999456e-01,3.0461976867e-08
9.6850000000e+00,7.9642123618e+00,9.9999999459e-01,3.0340922826e-08
9.6860000000e+00,7.9652123617e+00,9.9999999462e-01,3.0220334736e-08
9.6870000000e+00,7.9662123617e+00,9.9999999465e-01,3.0100210866e-08
9.6880000000e+00,7.9672123617e+00,9.9999999468e-01,2.9980549490e-08
9.6890000000e+00,7.9682123617e+00,9.9999999471e-01,2.9861348890e-08
9.6900000000e+00,7.9692123617e+00,9.9999999474e-01,2.9742607351e-08
9.6910000000e+00,7.9702123617e+00,9.9999999477e-01,2.9624323168e-08
9.6920000000e+00,7.9712123617e+00,9.9999999480e-01,2.9506494638e-08
9.6930000000e+00,7.9722123617e+00,9.9999999483e-01,2.9389120069e-08
9.6940000000e+00,7.9732123617e+00,9.9999999485e-01,2.9272197770e-08
9.6950000000e+00,7.9742123617e+00,9.9999999488e-01,2.9155726060e-08
9.6960000000e+00,7.9752123617e+00,9.9999999491e-01,2.9039703261e-08
9.6970000000e+00,7.9762123617e+00,9.9999999494e-01,2.8924127704e-08
9.6980000000e+00,7.9772123617e+00,9.9999999497e-01,2.8808997722e-08
9.6990000000e+00,7.9782123617e+00,9.9999999500e-01,2.8694311659e-08
9.7000000000e+00,7.9792123617e+00,9.9999999503e-01,2.8580067860e-08
9.7010000000e+00,7.9802123617e+00,9.9999999506e-01,2.8466264680e-08
9.7020000000e+00,7.9812123617e+00,9.9999999509e-01,2.8352900477e-08
9.7030000000e+00,7.9822123617e+00,9.9999999511e-01,2.8239973616e-08
9.7040000000e+00,7.9832123617e+00,9.9999999514e-01,2.8127482469e-08
9.7050000000e+00,7.9842123617e+00,9.9999999517e-01,2.8015425411e-08
9.7060000000e+00,7.9852123616e+00,9.9999999520e-01,2.7903800825e-08
9.7070000000e+00,7.9862123616e+00,9.9999999523e-01,2.7792607099e-08
9.7080000000e+00,7.9872123616e+00,9.9999999525e-01,2.7681842628e-08
9.7090000000e+00,7.9882123616e+00,9.9999999528e-01,2.7571505811e-08
9.7100000000e+00,7.9892123616e+00,9.9999999531e-01,2.7461595054e-08
9.7110000000e+00,7.9902123616e+00,9.9999999534e-01,2.7352108768e-08
9.7120000000e+00,7.9912123616e+00,9.9999999536e-01,2.7243045369e-08
9.7130000000e+00,7.9922123616e+00,9.9999999539e-01,2.7134403282e-08
9.7140000000e+00,7.9932123616e+00,9.9999999542e-01,2.7026180933e-08
9.7150000000e+00,7.9942123616e+00,9.9999999544e-01,2.6918376757e-08
9.7160000000e+00,7.9952123616e+00,9.9999999547e-01,2.6810989194e-08
9.7170000000e+00,7.9962123616e+00,9.9999999550e-01,2.6704016688e-08
9.7180000000e+00,7.9972123616e+00,9.9999999552e-01,2.6597457690e-08
9.7190000000e+00,7.9982123616e+00,9.9999999555e-01,2.6491310657e-08
9.7200000000e+00,7.9992123616e+00,9.9999999558e-01,2.6385574050e-08
9.7210000000e+00,8.0002123616e+00,9.9999999560e-01,2.6280246336e-08
9.7220000000e+00,8.0012123616e+00,9.9999999563e-01,2.6175325990e-08
9.7230000000e+00,8.0022123616e+00,9.9999999566e-01,2.6070811488e-08
9.7240000000e+00,8.0032123616e+00,9.9999999568e-01,2.5966701315e-08
9.7250000000e+00,8.0042123616e+00,9.9999999571e-01,2.5862993961e-08
9.7260000000e+00,8.0052123616e+00,9.9999999573e-01,2.5759687919e-08
9.7270000000e+00,8.0062123616e+00,9.9999999576e-01,2.5656781689e-08
9.7280000000e+00,8.0072123615e+00,9.9999999579e-01,2.5554273779e-08
9.7290000000e+00,8.0082123615e+00,9.9999999581e-01,2.5452162697e-08
9.7300000000e+00,8.0092123615e+00,9.9999999584e-01,2.5350446961e-08
9.7310000000e+00,8.0102123615e+00,9.9999999586e-01,2.5249125092e-08
9.7320000000e+00,8.0112123615e+00,9.9999999589e-01,2.5148195617e-08
9.7330000000e+00,8.0122123615e+00,9.9999999591e-01,2.5047657068e-08
9.7340000000e+00,8.0132123615e+00,9.9999999594e-01,2.4947507983e-08
9.7350000000e+00,8.0142123615e+00,9.9999999596e-01,2.4847746904e-08
9.7360000000e+00,8.0152123615e+00,9.9999999599e-01,2.4748372379e-08
9.7370000000e+00,8.0162123615e+00,9.9999999601e-01,2.4649382962e-08
9.7380000000e+00,8.0172123615e+00,9.9999999604e-01,2.4550777211e-08
9.7390000000e+00,8.0182123615e+00,9.9999999606e-01,2.4452553690e-08
9.7400000000e+00,8.0192123615e+00,9.9999999608e-01,2.4354710967e-08
9.7410000000e+00,8.0202123615e+00,9.9999999611e-01,2.4257247616e-08
9.7420000000e+00,8.0212123615e+00,9.9999999613e-01,2.4160162217e-08
9.7430000000e+00,8.0222123615e+00,9.9999999616e-01,2.4063453353e-08
9.7440000000e+00,8.0232123615e+00,9.9999999618e-01,2.3967119614e-08
9.7450000000e+00,8.0242123615e+00,9.9999999621e-01,2.3871159595e-08
9.7460000000e+00,8.0252123615e+00,9.9999999623e-01,2.3775571894e-08
9.7470000000e+00,8.0262123615e+00,9.9999999625e-01,2.3680355117e-08
9.7480000000e+00,8.0272123615e+00,9.9999999628e-01,2.3585507873e-08
9.7490000000e+00,8.0282123615e+00,9.9999999630e-01,2.3491028776e-08
9.7500000000e+00,8.0292123615e+00,9.9999999632e-01,2.3396916446e-08
9.7510000000e+00,8.0302123615e+00,9.9999999635e-01,2.3303169507e-08
9.7520000000e+00,8.0312123615e+00,9.9999999637e-01,2.3209786590e-08
9.7530000000e+00,8.0322123615e+00,9.9999999639e-01,2.3116766328e-08
9.7540000000e+00,8.0332123614e+00,9.9999999642e-01,2.3024107361e-08
9.7550000000e+00,8.0342123614e+00,9.9999999644e-01,2.2931808333e-08
9.7560000000e+00,8.0352123614e+00,9.9999999646e-01,2.2839867894e-08
9.7570000000e+00,8.0362123614e+00,9.9999999648e-01,2.2748284697e-08
9.7580000000e+00,8.0372123614e+00,9.9999999651e-01,2.2657057401e-08
9.7590000000e+00,8.0382123614e+00,9.9999999653e-01,2.2566184670e-08
9.7600000000e+00,8.0392123614e+00,9.9999999655e-01,2.2475665173e-08
9.7610000000e+00,8.0402123614e+00,9.9999999658e-01,2.2385497583e-08
9.7620000000e+00,8.0412123614e+00,9.9999999660e-01,2.2295680579e-08
9.7630000000e+00,8.0422123614e+00,9.9999999662e-01,2.2206212843e-08
9.7640000000e+00,8.0432123614e+00,9.9999999664e-01,2.2117093063e-08
9.7650000000e+00,8.0442123614e+00,9.9999999666e-01,2.2028319932e-08
9.7660000000e+00,8.0452123614e+00,9.9999999669e-01,2.1939892146e-08
9.7670000000e+00,8.0462123614e+00,9.9999999671e-01,2.1851808408e-08
9.7680000000e+00,8.0472123614e+00,9.9999999673e-01,2.1764067425e-08
9.7690000000e+00,8.0482123614e+00,9.9999999675e-01,2.1676667907e-08
9.7700000000e+00,8.0492123614e+00,9.9999999677e-01,2.1589608571e-08
9.7710000000e+00,8.0502123614e+00,9.9999999679e-01,2.1502888137e-08
9.7720000000e+00,8.0512123614e+00,9.9999999682e-01,2.1416505331e-08
9.7730000000e+00,8.0522123614e+00,9.9999999684e-01,2.1330458882e-08
9.7740000000e+00,8.0532123614e+00,9.9999999686e-01,2.1244747525e-08
9.7750000000e+00,8.0542123614e+00,9.9999999688e-01,2.1159369999e-08
9.7760000000e+00,8.0552123614e+00,9.9999999690e-01,2.1074325048e-08
9.7770000000e+00,8.0562123614e+00,9.9999999692e-01,2.0989611419e-08
9.7780000000e+00,8.0572123614e+00,9.9999999694e-01,2.0905227866e-08
9.7790000000e+00,8.0582123614e+00,9.9999999696e-01,2.0821173145e-08
9.7800000000e+00,8.0592123614e+00,9.9999999698e-01,2.0737446019e-08
9.7810000000e+00,8.0602123614e+00,9.9999999701e-01,2.0654045253e-08
9.7820000000e+00,8.0612123614e+00,9.9999999703e-01,2.0570969619e-08
9.7830000000e+00,8.0622123614e+00,9.9999999705e-01,2.0488217891e-08
9.7840000000e+00,8.0632123613e+00,9.9999999707e-01,2.0405788849e-08
9.7850000000e+00,8.0642123613e+00,9.9999999709e-01,2.0323681278e-08
9.7860000000e+00,8.0652123613e+00,9.9999999711e-01,2.0241893964e-08
9.7870000000e+00,8.0662123613e+00,9.9999999713e-01,2.0160425703e-08
9.7880000000e+00,8.0672123613e+00,9.9999999715e-01,2.0079275289e-08
9.7890000000e+00,8.0682123613e+00,9.9999999717e-01,1.9998441526e-08
9.7900000000e+00,8.0692123613e+00,9.9999999719e-01,1.9917923219e-08
9.7910000000e+00,8.0702123613e+00,9.9999999721e-01,1.9837719178e-08
9.7920000000e+00,8.0712123613e+00,9.9999999723e-01,1.9757828218e-08
9.7930000000e+00,8.0722123613e+00,9.9999999725e-01,1.9678249158e-08
9.7940000000e+00,8.0732123613e+00,9.9999999727e-01,1.9598980820e-08
9.7950000000e+00,8.0742123613e+00,9.9999999729e-01,1.9520022033e-08
9.7960000000e+00,8.0752123613e+00,9.9999999731e-01,1.9441371628e-08
9.7970000000e+00,8.0762123613e+00,9.9999999733e-01,1.9363028441e-08
9.7980000000e+00,8.0772123613e+00,9.9999999734e-01,1.9284991313e-08
9.7990000000e+00,8.0782123613e+00,9.9999999736e-01,1.9207259087e-08
9.8000000000e+00,8.0792123613e+00,9.9999999738e-01,1.9129830612e-08
9.8010000000e+00,8.0802123613e+00,9.9999999740e-01,1.9052704741e-08
9.8020000000e+00,8.0812123613e+00,9.9999999742e-01,1.8975880331e-08
9.8030000000e+00,8.0822123613e+00,9.9999999744e-01,1.8899356243e-08
9.8040000000e+00,8.0832123613e+00,9.9999999746e-01,1.8823131343e-08
9.8050000000e+00,8.0842123613e+00,9.9999999748e-01,1.8747204499e-08
9.8060000000e+00,8.0852123613e+00,9.9999999750e-01,1.8671574586e-08
9.8070000000e+00,8.0862123613e+00,9.9999999752e-01,1.8596240480e-08
9.8080000000e+00,8.0872123613e+00,9.9999999753e-01,1.8521201064e-08
9.8090000000e+00,8.0882123613e+00,9.9999999755e-01,1.8446455223e-08
9.8100000000e+00,8.0892123613e+00,9.9999999757e-01,1.8372001848e-08
9.8110000000e+00,8.0902123613e+00,9.9999999759e-01,1.8297839831e-08
9.8120000000e+00,8.0912123613e+00,9.9999999761e-01,1.8223968071e-08
9.8130000000e+00,8.0922123613e+00,9.9999999763e-01,1.8150385470e-08
9.8140000000e+00,8.0932123613e+00,9.9999999764e-01,1.8077090933e-08
9.8150000000e+00,8.0942123613e+00,9.9999999766e-01,1.8004083371e-08
9.8160000000e+00,8.0952123613e+00,9.9999999768e-01,1.7931361698e-08
9.8170000000e+00,8.0962123613e+00,9.9999999770e-01,1.7858924830e-08
9.8180000000e+00,8.0972123613e+00,9.9999999772e-01,1.7786771691e-08
9.8190000000e+00,8.0982123613e+00,9.9999999773e-01,1.7714901205e-08
9.8200000000e+00,8.0992123613e+00,9.9999999775e-01,1.7643312303e-08
9.8210000000e+00,8.1002123613e+00,9.9999999777e-01,1.7572003917e-08
9.8220000000e+00,8.1012123613e+00,9.9999999779e-01,1.7500974986e-08
9.8230000000e+00,8.1022123612e+00,9.9999999780e-01,1.7430224450e-08
9.8240000000e+00,8.1032123612e+00,9.9999999782e-01,1.7359751255e-08
9.8250000000e+00,8.1042123612e+00,9.9999999784e-01,1.7289554349e-08
9.8260000000e+00,8.1052123612e+00,9.9999999786e-01,1.7219632686e-08
9.8270000000e+00,8.1062123612e+00,9.9999999787e-01,1.7149985223e-08
9.8280000000e+00,8.1072123612e+00,9.9999999789e-01,1.7080610918e-08
9.8290000000e+00,8.1082123612e+00,9.9999999791e-01,1.7011508738e-08
9.8300000000e+00,8.1092123612e+00,9.9999999792e-01,1.6942677650e-08
9.8310000000e+00,8.1102123612e+00,9.9999999794e-01,1.6874116625e-08
9.8320000000e+00,8.1112123612e+00,9.9999999796e-01,1.6805824639e-08
9.8330000000e+00,8.1122123612e+00,9.9999999797e-01,1.6737800673e-08
9.8340000000e+00,8.1132123612e+00,9.9999999799e-01,1.6670043708e-08
9.8350000000e+00,8.1142123612e+00,9.9999999801e-01,1.6602552731e-08
9.8360000000e+00,8.1152123612e+00,9.9999999802e-01,1.6535326733e-08
9.8370000000e+00,8.1162123612e+00,9.9999999804e-01,1.6468364708e-08
9.8380000000e+00,8.1172123612e+00,9.9999999806e-01,1.6401665654e-08
9.8390000000e+00,8.1182123612e+00,9.9999999807e-01,1.6335228573e-08
9.8400000000e+00,8.1192123612e+00,9.9999999809e-01,1.6269052469e-08
9.8410000000e+00,8.1202123612e+00,9.9999999811e-01,1.6203136351e-08
9.8420000000e+00,8.1212123612e+00,9.9999999812e-01,1.6137479232e-08
9.8430000000e+00,8.1222123612e+00,9.9999999814e-01,1.6072080128e-08
9.8440000000e+00,8.1232123612e+00,9.9999999815e-01,1.6006938058e-08
9.8450000000e+00,8.1242123612e+00,9.9999999817e-01,1.5942052046e-08
9.8460000000e+00,8.1252123612e+00,9.9999999819e-01,1.5877421118e-08
9.8470000000e+00,8.1262123612e+00,9.9999999820e-01,1.5813044305e-08
9.8480000000e+00,8.1272123612e+00,9.9999999822e-01,1.5748920641e-08
9.8490000000e+00,8.1282123612e+00,9.9999999823e-01,1.5685049162e-08
9.8500000000e+00,8.1292123612e+00,9.9999999825e-01,1.5621428911e-08
9.8510000000e+00,8.1302123612e+00,9.9999999826e-01,1.5558058931e-08
9.8520000000e+00,8.1312123612e+00,9.9999999828e-01,1.5494938271e-08
9.8530000000e+00,8.1322123612e+00,9.9999999830e-01,1.5432065982e-08
9.8540000000e+00,8.1332123612e+00,9.9999999831e-01,1.5369441119e-08
9.8550000000e+00,8.1342123612e+00,9.9999999833e-01,1.5307062740e-08
9.8560000000e+00,8.1352123612e+00,9.9999999834e-01,1.5244929908e-08
9.8570000000e+00,8.1362123612e+00,9.9999999836e-01,1.5183041687e-08
9.8580000000e+00,8.1372123612e+00,9.9999999837e-01,1.5121397147e-08
9.8590000000e+00,8.1382123612e+00,9.9999999839e-01,1.5059995359e-08
9.8600000000e+00,8.1392123612e+00,9.9999999840e-01,1.4998835399e-08
9.8610000000e+00,8.1402123612e+00,9.9999999842e-01,1.4937916346e-08
9.8620000000e+00,8.1412123612e+00,9.9999999843e-01,1.4877237282e-08
9.8630000000e+00,8.1422123612e+00,9.9999999845e-01,1.4816797293e-08
9.8640000000e+00,8.1432123612e+00,9.9999999846e-01,1.4756595469e-08
9.8650000000e+00,8.1442123612e+00,9.9999999848e-01,1.4696630901e-08
9.8660000000e+00,8.1452123612e+00,9.9999999849e-01,1.4636902685e-08
9.8670000000e+00,8.1462123612e+00,9.9999999851e-01,1.4577409920e-08
9.8680000000e+00,8.1472123612e+00,9.9999999852e-01,1.4518151709e-08
9.8690000000e+00,8.1482123612e+00,9.9999999853e-01,1.4459127158e-08
9.8700000000e+00,8.1492123612e+00,9.9999999855e-01,1.4400335374e-08
9.8710000000e+00,8.1502123612e+00,9.9999999856e-01,1.4341775471e-08
9.8720000000e+00,8.1512123612e+00,9.9999999858e-01,1.4283446564e-08
9.8730000000e+00,8.1522123612e+00,9.9999999859e-01,1.4225347772e-08
9.8740000000e+00,8.1532123612e+00,9.9999999861e-01,1.4167478216e-08
9.8750000000e+00,8.1542123612e+00,9.9999999862e-01,1.4109837022e-08
9.8760000000e+00,8.1552123612e+00,9.9999999863e-01,1.4052423319e-08
9.8770000000e+00,8.1562123612e+00,9.9999999865e-01,1.3995236237e-08
9.8780000000e+00,8.1572123612e+00,9.9999999866e-01,1.3938274912e-08
9.8790000000e+00,8.1582123612e+00,9.9999999868e-01,1.3881538482e-08
9.8800000000e+00,8.1592123612e+00,9.9999999869e-01,1.3825026087e-08
9.8810000000e+00,8.1602123611e+00,9.9999999870e-01,1.3768736873e-08
9.8820000000e+00,8.1612123611e+00,9.9999999872e-01,1.3712669987e-08
9.8830000000e+00,8.1622123611e+00,9.9999999873e-01,1.3656824579e-08
9.8840000000e+00,8.1632123611e+00,9.9999999875e-01,1.3601199803e-08
9.8850000000e+00,8.1642123611e+00,9.9999999876e-01,1.3545794816e-08
9.8860000000e+00,8.1652123611e+00,9.9999999877e-01,1.3490608778e-08
9.8870000000e+00,8.1662123611e+00,9.9999999879e-01,1.3435640852e-08
9.8880000000e+00,8.1672123611e+00,9.9999999880e-01,1.3380890204e-08
9.8890000000e+00,8.1682123611e+00,9.9999999881e-01,1.3326356004e-08
9.8900000000e+00,8.1692123611e+00,9.9999999883e-01,1.3272037423e-08
9.8910000000e+00,8.1702123611e+00,9.9999999884e-01,1.3217933637e-08
9.8920000000e+00,8.1712123611e+00,9.9999999885e-01,1.3164043825e-08
9.8930000000e+00,8.1722123611e+00,9.9999999887e-01,1.3110367167e-08
9.8940000000e+00,8.1732123611e+00,9.9999999888e-01,1.3056902849e-08
9.8950000000e+00,8.1742123611e+00,9.9999999889e-01,1.3003650057e-08
9.8960000000e+00,8.1752123611e+00,9.9999999890e-01,1.2950607982e-08
9.8970000000e+00,8.1762123611e+00,9.9999999892e-01,1.2897775818e-08
9.8980000000e+00,8.1772123611e+00,9.9999999893e-01,1.2845152761e-08
9.8990000000e+00,8.1782123611e+00,9.9999999894e-01,1.2792738010e-08
9.9000000000e+00,8.1792123611e+00,9.9999999896e-01,1.2740530767e-08
9.9010000000e+00,8.1802123611e+00,9.9999999897e-01,1.2688530239e-08
9.9020000000e+00,8.1812123611e+00,9.9999999898e-01,1.2636735632e-08
9.9030000000e+00,8.1822123611e+00,9.9999999899e-01,1.2585146159e-08
9.9040000000e+00,8.1832123611e+00,9.9999999901e-01,1.2533761032e-08
9.9050000000e+00,8.1842123611e+00,9.9999999902e-01,1.2482579470e-08
9.9060000000e+00,8.1852123611e+00,9.9999999903e-01,1.2431600691e-08
9.9070000000e+00,8.1862123611e+00,9.9999999904e-01,1.2380823920e-08
9.9080000000e+00,8.1872123611e+00,9.9999999906e-01,1.2330248380e-08
9.9090000000e+00,8.1882123611e+00,9.9999999907e-01,1.2279873301e-08
9.9100000000e+00,8.1892123611e+00,9.9999999908e-01,1.2229697914e-08
9.9110000000e+00,8.1902123611e+00,9.9999999909e-01,1.2179721453e-08
9.9120000000e+00,8.1912123611e+00,9.9999999910e-01,1.2129943155e-08
9.9130000000e+00,8.1922123611e+00,9.9999999912e-01,1.2080362259e-08
9.9140000000e+00,8.1932123611e+00,9.9999999913e-01,1.2030978010e-08
9.9150000000e+00,8.1942123611e+00,9.9999999914e-01,1.1981789651e-08
9.9160000000e+00,8.1952123611e+00,9.9999999915e-01,1.1932796431e-08
9.9170000000e+00,8.1962123611e+00,9.9999999916e-01,1.1883997601e-08
9.9180000000e+00,8.1972123611e+00,9.9999999918e-01,1.1835392414e-08
9.9190000000e+00,8.1982123611e+00,9.9999999919e-01,1.1786980128e-08
9.9200000000e+00,8.1992123611e+00,9.9999999920e-01,1.1738760002e-08
9.9210000000e+00,8.2002123611e+00,9.9999999921e-01,1.1690731297e-08
9.9220000000e+00,8.2012123611e+00,9.9999999922e-01,1.1642893278e-08
9.9230000000e+00,8.2022123611e+00,9.9999999924e-01,1.1595245213e-08
9.9240000000e+00,8.2032123611e+00,9.9999999925e-01,1.1547786371e-08
9.9250000000e+00,8.2042123611e+00,9.9999999926e-01,1.1500516027e-08
9.9260000000e+00,8.2052123611e+00,9.9999999927e-01,1.1453433455e-08
9.9270000000e+00,8.2062123611e+00,9.9999999928e-01,1.1406537933e-08
9.9280000000e+00,8.2072123611e+00,9.9999999929e-01,1.1359828743e-08
9.9290000000e+00,8.2082123611e+00,9.9999999930e-01,1.1313305168e-08
9.9300000000e+00,8.2092123611e+00,9.9999999932e-01,1.1266966494e-08
9.9310000000e+00,8.2102123611e+00,9.9999999933e-01,1.1220812010e-08
9.9320000000e+00,8.2112123611e+00,9.9999999934e-01,1.1174841009e-08
9.9330000000e+00,8.2122123611e+00,9.9999999935e-01,1.1129052783e-08
9.9340000000e+00,8.2132123611e+00,9.9999999936e-01,1.1083446630e-08
9.9350000000e+00,8.2142123611e+00,9.9999999937e-01,1.1038021849e-08
9.9360000000e+00,8.2152123611e+00,9.9999999938e-01,1.0992777742e-08
9.9370000000e+00,8.2162123611e+00,9.9999999939e-01,1.0947713614e-08
9.9380000000e+00,8.2172123611e+00,9.9999999940e-01,1.0902828772e-08
9.9390000000e+00,8.2182123611e+00,9.9999999941e-01,1.0858122525e-08
9.9400000000e+00,8.2192123611e+00,9.9999999943e-01,1.0813594186e-08
9.9410000000e+00,8.2202123611e+00,9.9999999944e-01,1.0769243070e-08
9.9420000000e+00,8.2212123611e+00,9.9999999945e-01,1.0725068494e-08
9.9430000000e+00,8.2222123611e+00,9.9999999946e-01,1.0681069778e-08
9.9440000000e+00,8.2232123611e+00,9.9999999947e-01,1.0637246245e-08
9.9450000000e+00,8.2242123611e+00,9.9999999948e-01,1.0593597219e-08
9.9460000000e+00,8.2252123611e+00,9.9999999949e-01,1.0550122028e-08
9.9470000000e+00,8.2262123611e+00,9.9999999950e-01,1.0506820002e-08
9.9480000000e+00,8.2272123611e+00,9.9999999951e-01,1.0463690473e-08
9.9490000000e+00,8.2282123611e+00,9.9999999952e-01,1.0420732777e-08
9.9500000000e+00,8.2292123611e+00,9.9999999953e-01,1.0377946250e-08
9.9510000000e+00,8.2302123611e+00,9.9999999954e-01,1.0335330234e-08
9.9520000000e+00,8.2312123611e+00,9.9999999955e-01,1.0292884069e-08
9.9530000000e+00,8.2322123611e+00,9.9999999956e-01,1.0250607101e-08
9.9540000000e+00,8.2332123611e+00,9.9999999957e-01,1.0208498677e-08
9.9550000000e+00,8.2342123611e+00,9.9999999958e-01,1.0166558147e-08
9.9560000000e+00,8.2352123611e+00,9.9999999959e-01,1.0124784863e-08
9.9570000000e+00,8.2362123611e+00,9.9999999960e-01,1.0083178179e-08
9.9580000000e+00,8.2372123611e+00,9.9999999961e-01,1.0041737452e-08
9.9590000000e+00,8.2382123611e+00,9.9999999962e-01,1.0000462042e-08
9.9600000000e+00,8.2392123611e+00,9.9999999963e-01,9.9593513098e-09
9.9610000000e+00,8.2402123611e+00,9.9999999964e-01,9.9184046199e-09
9.9620000000e+00,8.2412123611e+00,9.9999999965e-01,9.8776213387e-09
9.9630000000e+00,8.2422123611e+00,9.9999999966e-01,9.8370008348e-09
9.9640000000e+00,8.2432123611e+00,9.9999999967e-01,9.7965424796e-09
9.9650000000e+00,8.2442123611e+00,9.9999999968e-01,9.7562456463e-09
9.9660000000e+00,8.2452123611e+00,9.9999999969e-01,9.7161097109e-09
9.9670000000e+00,8.2462123611e+00,9.9999999970e-01,9.6761340515e-09
9.9680000000e+00,8.2472123611e+00,9.9999999971e-01,9.6363180486e-09
9.9690000000e+00,8.2482123611e+00,9.9999999972e-01,9.5966610849e-09
9.9700000000e+00,8.2492123611e+00,9.9999999973e-01,9.5571625454e-09
9.9710000000e+00,8.2502123611e+00,9.9999999974e-01,9.5178218176e-09
9.9720000000e+00,8.2512123611e+00,9.9999999975e-01,9.4786382911e-09
9.9730000000e+00,8.2522123611e+00,9.9999999976e-01,9.4396113579e-09
9.9740000000e+00,8.2532123611e+00,9.9999999977e-01,9.4007404120e-09
9.9750000000e+00,8.2542123611e+00,9.9999999978e-01,9.3620248501e-09
9.9760000000e+00,8.2552123611e+00,9.9999999979e-01,9.3234640707e-09
9.9770000000e+00,8.2562123611e+00,9.9999999980e-01,9.2850574749e-09
9.9780000000e+00,8.2572123611e+00,9.9999999981e-01,9.2468044659e-09
9.9790000000e+00,8.2582123611e+00,9.9999999982e-01,9.2087044490e-09
9.9800000000e+00,8.2592123611e+00,9.9999999982e-01,9.1707568319e-09
9.9810000000e+00,8.2602123611e+00,9.9999999983e-01,9.1329610244e-09
9.9820000000e+00,8.2612123611e+00,9.9999999984e-01,9.0953164387e-09
9.9830000000e+00,8.2622123611e+00,9.9999999985e-01,9.0578224890e-09
9.9840000000e+00,8.2632123611e+00,9.9999999986e-01,9.0204785916e-09
9.9850000000e+00,8.2642123611e+00,9.9999999987e-01,8.9832841653e-09
9.9860000000e+00,8.2652123611e+00,9.9999999988e-01,8.9462386309e-09
9.9870000000e+00,8.2662123611e+00,9.9999999989e-01,8.9093414112e-09
9.9880000000e+00,8.2672123611e+00,9.9999999990e-01,8.8725919315e-09
9.9890000000e+00,8.2682123611e+00,9.9999999991e-01,8.8359896190e-09
9.9900000000e+00,8.2692123611e+00,9.9999999991e-01,8.7995339031e-09
9.9910000000e+00,8.2702123611e+00,9.9999999992e-01,8.7632242153e-09
9.9920000000e+00,8.2712123611e+00,9.9999999993e-01,8.7270599894e-09
9.9930000000e+00,8.2722123611e+00,9.9999999994e-01,8.6910406612e-09
9.9940000000e+00,8.2732123611e+00,9.9999999995e-01,8.6551656684e-09
9.9950000000e+00,8.2742123611e+00,9.9999999996e-01,8.6194344513e-09
9.9960000000e+00,8.2752123611e+00,9.9999999997e-01,8.5838464517e-09
9.9970000000e+00,8.2762123611e+00,9.9999999998e-01,8.5484011141e-09
9.9980000000e+00,8.2772123611e+00,9.9999999998e-01,8.5130978845e-09
9.9990000000e+00,8.2782123611e+00,9.9999999999e-01,8.4779362115e-09
1.0000000000e+01,8.2792123611e+00,1.0000000000e+00,8.4429155454e-09
1.0000000000e+01,8.2792123611e+00,1.0000000000e+00,8.4429155454e-09
